bundle_id,member_lexemes_fixed_expressions,surface_forms_by_language,semantic_function,introduction_lesson_id,prerequisite_bundle_ids,mode,associated_world_id,associated_point_id,permitted_use_after_introduction,status
LEX-P-ACA-001,"[""therefore"",""moreover/in addition"",""however"",""whereas""]","{""en-US"":[""therefore"",""moreover/in addition"",""however"",""whereas""]}","academic connectors: `therefore`, `moreover/in addition`, `however`, `whereas`.",L290,"[""LEX-W-EPI-007"",""LEX-P-CONTR-001"",""LEX-P-CAU-004"",""LEX-P-EVID-001""]",PRODUCTIVE,,P-ACA-001,"[""presentation"",""practice"",""feedback"",""story"",""evaluation"",""transfer""]",ACTIVE
LEX-P-ACT-001,"[""put on/take off""]","{""en-US"":[""put on/take off""]}",common action particles such as `put on/take off`.,L060,"[""LEX-P-TNS-002"",""LEX-W-OBJ-001""]",PRODUCTIVE,,P-ACT-001,"[""presentation"",""practice"",""feedback"",""story"",""evaluation"",""transfer""]",ACTIVE
LEX-P-AGE-001,"[""age"",""generational"",""comparison""]","{""en-US"":[""age"",""generational"",""comparison""]}",age and generational comparison.,L084,"[""LEX-P-CMP-002"",""LEX-W-TIME-004"",""LEX-P-TIME-001""]",PRODUCTIVE,,P-AGE-001,"[""presentation"",""practice"",""feedback"",""story"",""evaluation"",""transfer""]",ACTIVE
LEX-P-ALT-001,"[""instead of"",""not X but Y"",""unless""]","{""en-US"":[""instead of"",""not X but Y"",""unless""]}","alternatives/exceptions: `instead of`, `not X but Y`, later `unless`.",L118,"[""LEX-W-EAR-004"",""LEX-P-Q-002""]",PRODUCTIVE,,P-ALT-001,"[""presentation"",""practice"",""feedback"",""story"",""evaluation"",""transfer""]",ACTIVE
LEX-P-APPEAR-001,"[""appears/seems""]","{""en-US"":[""appears/seems""]}",`appears/seems` for appearance vs stronger assertion.,L195,"[""LEX-W-AST-001"",""LEX-P-EPI-001""]",PRODUCTIVE,,P-APPEAR-001,"[""presentation"",""practice"",""feedback"",""story"",""evaluation"",""transfer""]",ACTIVE
LEX-P-APPROX-001,"[""approximate"",""range""]","{""en-US"":[""approximate"",""range""]}",approximate/range language.,L222,"[""LEX-W-MATH-009"",""LEX-P-MEAS-001""]",PRODUCTIVE,,P-APPROX-001,"[""presentation"",""practice"",""feedback"",""story"",""evaluation"",""transfer""]",ACTIVE
LEX-P-ASP-001,"[""be + -ing""]","{""en-US"":[""be + -ing""]}",present progressive `be + -ing`.,L015,"[""LEX-W-EVT-001"",""LEX-P-ID-001""]",PRODUCTIVE,,P-ASP-001,"[""presentation"",""practice"",""feedback"",""story"",""evaluation"",""transfer""]",ACTIVE
LEX-P-AUTO-001,"[""can be used to...""]","{""en-US"":[""can be used to...""]}",`can be used to...` for capability/application.,L170,"[""LEX-P-PASS-001"",""LEX-P-FUNC-001"",""LEX-W-COMP-010""]",PRODUCTIVE,,P-AUTO-001,"[""presentation"",""practice"",""feedback"",""story"",""evaluation"",""transfer""]",ACTIVE
LEX-P-BELIEF-001,"[""some people believe..."",""others...""]","{""en-US"":[""some people believe..."",""others...""]}",viewpoint attribution `some people believe...; others...`.,L215,"[""LEX-P-QNT-004"",""LEX-P-EPI-001"",""LEX-W-CUL-003""]",PRODUCTIVE,,P-BELIEF-001,"[""presentation"",""practice"",""feedback"",""story"",""evaluation"",""transfer""]",ACTIVE
LEX-P-CAU-001,"[""Why? — because ...""]","{""en-US"":[""Why? — because ...""]}",Reason exchange: `Why? — because ...`,L191,"[""LEX-P-Q-001"",""LEX-W-SOC-007""]",PRODUCTIVE,,P-CAU-001,"[""presentation"",""practice"",""feedback"",""story"",""evaluation"",""transfer""]",ACTIVE
LEX-P-CAU-002,"[""make + object + verb""]","{""en-US"":[""make + object + verb""]}",causative `make + object + verb`.,L100,"[""LEX-P-TNS-002"",""LEX-W-PHY-001""]",PRODUCTIVE,,P-CAU-002,"[""presentation"",""practice"",""feedback"",""story"",""evaluation"",""transfer""]",ACTIVE
LEX-P-CAU-003,"[""so"",""leads to/results in""]","{""en-US"":[""so"",""leads to/results in""]}",result/consequence with `so`; later `leads to/results in`.,L192,"[""LEX-W-ECO-002"",""LEX-P-CAU-001""]",PRODUCTIVE,,P-CAU-003,"[""presentation"",""practice"",""feedback"",""story"",""evaluation"",""transfer""]",ACTIVE
LEX-P-CAU-004,"[""cause"",""make"",""lead to"",""result in"",""because of/due to""]","{""en-US"":[""cause"",""make"",""lead to"",""result in"",""because of/due to""]}","explicit causal verbs `cause`, `make`, `lead to`, `result in`; noun cause with `because of/due to`.",L194,"[""LEX-P-CAU-002"",""LEX-W-PHY-007"",""LEX-P-CAU-003"",""LEX-P-CAU-001""]",PRODUCTIVE,,P-CAU-004,"[""presentation"",""practice"",""feedback"",""story"",""evaluation"",""transfer""]",ACTIVE
LEX-P-CERTAINTY-001,"[""certainly/probably/possibly""]","{""en-US"":[""certainly/probably/possibly""]}",certainty scale `certainly/probably/possibly`; general hedging.,L291,"[""LEX-P-MOD-004"",""LEX-W-EPI-008""]",PRODUCTIVE,,P-CERTAINTY-001,"[""presentation"",""practice"",""feedback"",""story"",""evaluation"",""transfer""]",ACTIVE
LEX-P-CF-001,"[""if...were..."",""would...""]","{""en-US"":[""if...were..."",""would...""]}","counterfactual `if...were..., would...`.",L289,"[""LEX-W-ENG-002"",""LEX-P-TNS-003"",""LEX-P-COND-002"",""LEX-P-COND-001""]",PRODUCTIVE,,P-CF-001,"[""presentation"",""practice"",""feedback"",""story"",""evaluation"",""transfer""]",ACTIVE
LEX-P-CHANGE-001,"[""become/turn into/begin as"",""changes over time""]","{""en-US"":[""become/turn into/begin as"",""changes over time""]}",`become/turn into/begin as`; `changes over time`.,L098,"[""LEX-P-TNS-002"",""LEX-W-MAT-004""]",PRODUCTIVE,,P-CHANGE-001,"[""presentation"",""practice"",""feedback"",""story"",""evaluation"",""transfer""]",ACTIVE
LEX-P-CHANGE-002,"[""still"",""no longer"",""has changed""]","{""en-US"":[""still"",""no longer"",""has changed""]}","continuity/change: `still`, `no longer`, present perfect `has changed`.",L155,"[""LEX-P-TNS-003"",""LEX-W-HIS-002""]",PRODUCTIVE,,P-CHANGE-002,"[""presentation"",""practice"",""feedback"",""story"",""evaluation"",""transfer""]",ACTIVE
LEX-P-CHOICE-001,"[""either...or"",""neither...nor""]","{""en-US"":[""either...or"",""neither...nor""]}","correlative choices `either...or`, `neither...nor`.",L198,"[""LEX-W-CIV-003"",""LEX-P-Q-002""]",PRODUCTIVE,,P-CHOICE-001,"[""presentation"",""practice"",""feedback"",""story"",""evaluation"",""transfer""]",ACTIVE
LEX-P-CLASS-001,"[""can be"",""is a kind of"",""belongs to"",""one of""]","{""en-US"":[""can be"",""is a kind of"",""belongs to"",""one of""]}","category frames `can be`, `is a kind of`, `belongs to`, `one of`.",L096,"[""LEX-P-ID-001"",""LEX-W-MAT-003""]",PRODUCTIVE,,P-CLASS-001,"[""presentation"",""practice"",""feedback"",""story"",""evaluation"",""transfer""]",ACTIVE
LEX-P-CMP-001,"[""more than/less than/equal to/as many as""]","{""en-US"":[""more than/less than/equal to/as many as""]}",`more than/less than/equal to/as many as`.,L046,"[""LEX-W-MATH-002"",""LEX-P-QNT-001""]",PRODUCTIVE,,P-CMP-001,"[""presentation"",""practice"",""feedback"",""story"",""evaluation"",""transfer""]",ACTIVE
LEX-P-CMP-002,"[""-er"",""than"",""as...as"",""-est""]","{""en-US"":[""-er"",""than"",""as...as"",""-est""]}","comparative/superlative family: `-er`, `than`, `as...as`, `-est`; comparative adverbs.",L073,"[""LEX-P-CMP-001"",""LEX-W-MATH-009"",""LEX-P-DESC-001""]",PRODUCTIVE,,P-CMP-002,"[""presentation"",""practice"",""feedback"",""story"",""evaluation"",""transfer""]",ACTIVE
LEX-P-COM-001,"[""send X to Y"",""receive X from Y""]","{""en-US"":[""send X to Y"",""receive X from Y""]}","Transfer roles: `send X to Y`, `receive X from Y`.",L030,"[""LEX-P-ID-001"",""LEX-W-COM-001""]",PRODUCTIVE,,P-COM-001,"[""presentation"",""practice"",""feedback"",""story"",""evaluation"",""transfer""]",ACTIVE
LEX-P-COM-002,"[""say/tell""]","{""en-US"":[""say/tell""]}",Source-report frames with `say/tell`.,L209,"[""LEX-W-EPI-003"",""LEX-P-ID-001"",""LEX-P-COM-001""]",PRODUCTIVE,,P-COM-002,"[""presentation"",""practice"",""feedback"",""story"",""evaluation"",""transfer""]",ACTIVE
LEX-P-COMP-001,"[""takes X and produces Y"",""stored in/on"",""connected to/through""]","{""en-US"":[""takes X and produces Y"",""stored in/on"",""connected to/through""]}","computation/system frames: `takes X and produces Y`, `stored in/on`, `connected to/through`.",L162,"[""LEX-W-COMP-003"",""LEX-P-SPAT-001"",""LEX-P-COM-001""]",PRODUCTIVE,,P-COMP-001,"[""presentation"",""practice"",""feedback"",""story"",""evaluation"",""transfer""]",ACTIVE
LEX-P-COND-001,"[""when"",""if...then""]","{""en-US"":[""when"",""if...then""]}",general/real `when` and `if...then`.,L193,"[""LEX-P-TNS-002"",""LEX-P-CAU-001"",""LEX-W-PHY-008""]",PRODUCTIVE,,P-COND-001,"[""presentation"",""practice"",""feedback"",""story"",""evaluation"",""transfer""]",ACTIVE
LEX-P-COND-002,"[""if...else/otherwise"",""if X doesn't..."",""try...""]","{""en-US"":[""if...else/otherwise"",""if X doesn't..."",""try...""]}","branching `if...else/otherwise`; troubleshooting `if X doesn't..., try...`.",L204,"[""LEX-P-NEG-001"",""LEX-W-COMP-007"",""LEX-P-COND-001""]",PRODUCTIVE,,P-COND-002,"[""presentation"",""practice"",""feedback"",""story"",""evaluation"",""transfer""]",ACTIVE
LEX-P-CONTR-001,"[""while/whereas/although/even though/however""]","{""en-US"":[""while/whereas/although/even though/however""]}",`while/whereas/although/even though/however` as graded contrast relations.,L245,"[""LEX-P-DISC-001"",""LEX-W-BIO-011""]",PRODUCTIVE,,P-CONTR-001,"[""presentation"",""practice"",""feedback"",""story"",""evaluation"",""transfer""]",ACTIVE
LEX-P-CORREL-001,"[""as X increases..."",""Y..."",""the more...""]","{""en-US"":[""as X increases..."",""Y..."",""the more...""]}","correlated change: `as X increases..., Y...`; `the more..., the more...`.",L258,"[""LEX-P-CMP-002"",""LEX-W-AST-002"",""LEX-P-CAU-001""]",PRODUCTIVE,,P-CORREL-001,"[""presentation"",""practice"",""feedback"",""story"",""evaluation"",""transfer""]",ACTIVE
LEX-P-DATA-001,"[""shows that"",""compared with""]","{""en-US"":[""shows that"",""compared with""]}","`shows that`, `compared with`.",L275,"[""LEX-P-CMP-001"",""LEX-P-EPI-003"",""LEX-W-DATA-001""]",PRODUCTIVE,,P-DATA-001,"[""presentation"",""practice"",""feedback"",""story"",""evaluation"",""transfer""]",ACTIVE
LEX-P-DECOMP-001,"[""break down into""]","{""en-US"":[""break down into""]}",`break down into`.,L249,"[""LEX-W-BIO-014"",""LEX-P-PART-001"",""LEX-P-CHANGE-001""]",PRODUCTIVE,,P-DECOMP-001,"[""presentation"",""practice"",""feedback"",""story"",""evaluation"",""transfer""]",ACTIVE
LEX-P-DEF-001,"[""A X is a Y that..."",""means/refers to""]","{""en-US"":[""A X is a Y that..."",""means/refers to""]}",definitions: `A X is a Y that...`; `means/refers to`.,L236,"[""LEX-P-CLASS-001"",""LEX-W-BIO-004""]",PRODUCTIVE,,P-DEF-001,"[""presentation"",""practice"",""feedback"",""story"",""evaluation"",""transfer""]",ACTIVE
LEX-P-DEP-001,"[""depend on"",""interacts with"",""affects""]","{""en-US"":[""depend on"",""interacts with"",""affects""]}","`depend on`, `interacts with`, `affects`.",L247,"[""LEX-W-BIO-012"",""LEX-P-CAU-001""]",PRODUCTIVE,,P-DEP-001,"[""presentation"",""practice"",""feedback"",""story"",""evaluation"",""transfer""]",ACTIVE
LEX-P-DESC-001,"[""be + adjective""]","{""en-US"":[""be + adjective""]}",adjective+noun and `be + adjective`.,L013,"[""LEX-W-OBJ-003"",""LEX-P-ID-001"",""LEX-P-DET-002""]",PRODUCTIVE,,P-DESC-001,"[""presentation"",""practice"",""feedback"",""story"",""evaluation"",""transfer""]",ACTIVE
LEX-P-DET-001,"[""a/an""]","{""en-US"":[""a/an""]}",Indefinite `a/an`.,L002,"[""LEX-P-ID-001"",""LEX-W-ONT-001""]",PRODUCTIVE,,P-DET-001,"[""presentation"",""practice"",""feedback"",""story"",""evaluation"",""transfer""]",ACTIVE
LEX-P-DET-002,"[""the""]","{""en-US"":[""the""]}",Definite `the` for identifiable referent.,L004,"[""LEX-P-DET-001"",""LEX-W-OBJ-001""]",PRODUCTIVE,,P-DET-002,"[""presentation"",""practice"",""feedback"",""story"",""evaluation"",""transfer""]",ACTIVE
LEX-P-DET-003,"[""this/that/these/those""]","{""en-US"":[""this/that/these/those""]}",`this/that/these/those`.,L007,"[""LEX-P-DET-002"",""LEX-P-DET-001"",""LEX-W-OBJ-001""]",PRODUCTIVE,,P-DET-003,"[""presentation"",""practice"",""feedback"",""story"",""evaluation"",""transfer""]",ACTIVE
LEX-P-DISC-001,"[""but""]","{""en-US"":[""but""]}",Agreement/disagreement and simple contrast with `but`.,L187,"[""LEX-W-SOC-004"",""LEX-P-ID-001""]",PRODUCTIVE,,P-DISC-001,"[""presentation"",""practice"",""feedback"",""story"",""evaluation"",""transfer""]",ACTIVE
LEX-P-EPI-001,"[""know/don't know""]","{""en-US"":[""know/don't know""]}",`know/don't know`; knowledge questions.,L184,"[""LEX-P-ID-001"",""LEX-W-EPI-001""]",PRODUCTIVE,,P-EPI-001,"[""presentation"",""practice"",""feedback"",""story"",""evaluation"",""transfer""]",ACTIVE
LEX-P-EPI-002,"[""actually"",""I mean"",""I was wrong""]","{""en-US"":[""actually"",""I mean"",""I was wrong""]}","Correction/reformulation: `actually`, `I mean`, fixed `I was wrong`.",L223,"[""LEX-W-EPI-002"",""LEX-P-EPI-001""]",PRODUCTIVE,,P-EPI-002,"[""presentation"",""practice"",""feedback"",""story"",""evaluation"",""transfer""]",ACTIVE
LEX-P-EPI-003,"[""I see/observe X"",""I think/infer Y""]","{""en-US"":[""I see/observe X"",""I think/infer Y""]}",observation/inference report: `I see/observe X`; `I think/infer Y`.,L273,"[""LEX-P-EPI-001"",""LEX-W-EPI-004""]",PRODUCTIVE,,P-EPI-003,"[""presentation"",""practice"",""feedback"",""story"",""evaluation"",""transfer""]",ACTIVE
LEX-P-EVID-001,"[""claim"",""evidence"",""explanation""]","{""en-US"":[""claim"",""evidence"",""explanation""]}",claim/evidence explanation.,L277,"[""LEX-W-EPI-007"",""LEX-P-SRC-001"",""LEX-P-CAU-001""]",PRODUCTIVE,,P-EVID-001,"[""presentation"",""practice"",""feedback"",""story"",""evaluation"",""transfer""]",ACTIVE
LEX-P-EXCH-001,"[""buy from/sell to/pay for/exchange X for Y""]","{""en-US"":[""buy from/sell to/pay for/exchange X for Y""]}",`buy from/sell to/pay for/exchange X for Y`.,L151,"[""LEX-W-ECO-007"",""LEX-P-COM-001""]",PRODUCTIVE,,P-EXCH-001,"[""presentation"",""practice"",""feedback"",""story"",""evaluation"",""transfer""]",ACTIVE
LEX-P-EXIST-001,"[""there is/there are""]","{""en-US"":[""there is/there are""]}",`there is/there are`.,L009,"[""LEX-P-DET-002"",""LEX-P-NUM-001"",""LEX-W-OBJ-001""]",PRODUCTIVE,,P-EXIST-001,"[""presentation"",""practice"",""feedback"",""story"",""evaluation"",""transfer""]",ACTIVE
LEX-P-FIG-001,"[""literal"",""nonliteral"",""simile"",""metaphor""]","{""en-US"":[""literal"",""nonliteral"",""simile"",""metaphor""]}","literal/nonliteral, simile, metaphor.",L285,"[""LEX-W-LIT-003"",""LEX-P-REP-001"",""LEX-W-ART-001"",""LEX-P-LEX-001""]",PRODUCTIVE,,P-FIG-001,"[""presentation"",""practice"",""feedback"",""story"",""evaluation"",""transfer""]",ACTIVE
LEX-P-FLOW-001,"[""flows/carries X from Y through/to Z""]","{""en-US"":[""flows/carries X from Y through/to Z""]}",path/transfer `flows/carries X from Y through/to Z`.,L131,"[""LEX-W-GEO-003"",""LEX-P-PATH-001"",""LEX-P-COM-001""]",PRODUCTIVE,,P-FLOW-001,"[""presentation"",""practice"",""feedback"",""story"",""evaluation"",""transfer""]",ACTIVE
LEX-P-FRAC-001,"[""whole/half/quarter/part of""]","{""en-US"":[""whole/half/quarter/part of""]}",`whole/half/quarter/part of`.,L122,"[""LEX-P-QNT-001"",""LEX-P-PART-001"",""LEX-W-MATH-011""]",PRODUCTIVE,,P-FRAC-001,"[""presentation"",""practice"",""feedback"",""story"",""evaluation"",""transfer""]",ACTIVE
LEX-P-FREQ-001,"[""always/usually/often/sometimes/never""]","{""en-US"":[""always/usually/often/sometimes/never""]}",`always/usually/often/sometimes/never`.,L019,"[""LEX-W-EVT-001"",""LEX-P-TNS-002""]",PRODUCTIVE,,P-FREQ-001,"[""presentation"",""practice"",""feedback"",""story"",""evaluation"",""transfer""]",ACTIVE
LEX-P-FUNC-001,"[""used to + verb"",""used for + -ing""]","{""en-US"":[""used to + verb"",""used for + -ing""]}",`used to + verb` / `used for + -ing`.,L037,"[""LEX-P-INST-001"",""LEX-W-TEC-002""]",PRODUCTIVE,,P-FUNC-001,"[""presentation"",""practice"",""feedback"",""story"",""evaluation"",""transfer""]",ACTIVE
LEX-P-FUNC-002,"[""helps X (to)..."",""helps X by -ing"",""allows/enables""]","{""en-US"":[""helps X (to)..."",""helps X by -ing"",""allows/enables""]}","structure/function: `helps X (to)...`, `helps X by -ing`, `allows/enables`.",L103,"[""LEX-W-PHY-003"",""LEX-P-FUNC-001""]",PRODUCTIVE,,P-FUNC-002,"[""presentation"",""practice"",""feedback"",""story"",""evaluation"",""transfer""]",ACTIVE
LEX-P-GEN-001,"[""usually"",""generally"",""often"",""tends to""]","{""en-US"":[""usually"",""generally"",""often"",""tends to""]}","nonabsolute generalization/hedging: `usually`, `generally`, `often`, `tends to`.",L114,"[""LEX-W-EAR-002"",""LEX-P-FREQ-001""]",PRODUCTIVE,,P-GEN-001,"[""presentation"",""practice"",""feedback"",""story"",""evaluation"",""transfer""]",ACTIVE
LEX-P-GEO-001,"[""between"",""...of"",""located at/in/on"",""near/far""]","{""en-US"":[""between"",""...of"",""located at/in/on"",""near/far""]}","geographic/location frames: `between`, cardinal `...of`, `located at/in/on`, `near/far`.",L135,"[""LEX-W-GEO-002"",""LEX-W-GEO-004"",""LEX-P-SPAT-001""]",PRODUCTIVE,,P-GEO-001,"[""presentation"",""practice"",""feedback"",""story"",""evaluation"",""transfer""]",ACTIVE
LEX-P-GER-001,"[""gerunds"",""noun-like"",""activity"",""expressions""]","{""en-US"":[""gerunds"",""noun-like"",""activity"",""expressions""]}",gerunds as noun-like activity expressions.,L220,"[""LEX-W-EVT-001"",""LEX-P-ASP-001""]",PRODUCTIVE,,P-GER-001,"[""presentation"",""practice"",""feedback"",""story"",""evaluation"",""transfer""]",ACTIVE
LEX-P-HABPAST-001,"[""used to""]","{""en-US"":[""used to""]}",past habitual `used to`.,L153,"[""LEX-P-TNS-003"",""LEX-P-TNS-002"",""LEX-W-HIS-001""]",PRODUCTIVE,,P-HABPAST-001,"[""presentation"",""practice"",""feedback"",""story"",""evaluation"",""transfer""]",ACTIVE
LEX-P-ID-001,"[""I'm Ninereeds."",""Yes, I'm Ninereeds."",""No, I'm not Errol. I'm Ninereeds.""]","{""en-US"":[""I'm Ninereeds."",""Yes, I'm Ninereeds."",""No, I'm not Errol. I'm Ninereeds.""]}","Identity/self-introduction with copular affirmative/negative: `I am`, `X is/isn't`.",L000,[],PRODUCTIVE,,P-ID-001,"[""presentation"",""practice"",""feedback"",""story"",""evaluation"",""transfer""]",ACTIVE
LEX-P-IMP-001,"[""imperative"",""instructions""]","{""en-US"":[""imperative"",""instructions""]}",imperative instructions.,L022,"[""LEX-W-EVT-002"",""LEX-P-ASP-001""]",PRODUCTIVE,,P-IMP-001,"[""presentation"",""practice"",""feedback"",""story"",""evaluation"",""transfer""]",ACTIVE
LEX-P-INST-001,"[""with""]","{""en-US"":[""with""]}",`with` as instrument.,L036,"[""LEX-P-DET-002"",""LEX-W-TEC-002""]",PRODUCTIVE,,P-INST-001,"[""presentation"",""practice"",""feedback"",""story"",""evaluation"",""transfer""]",ACTIVE
LEX-P-INSTR-001,"[""tell/instruct X to + verb""]","{""en-US"":[""tell/instruct X to + verb""]}",`tell/instruct X to + verb`.,L210,"[""LEX-P-IMP-001"",""LEX-W-COMP-008"",""LEX-P-COM-002""]",PRODUCTIVE,,P-INSTR-001,"[""presentation"",""practice"",""feedback"",""story"",""evaluation"",""transfer""]",ACTIVE
LEX-P-LEX-001,"[""synonyms"",""antonyms"",""shades"",""context-selected"",""multiple"",""meanings""]","{""en-US"":[""synonyms"",""antonyms"",""shades"",""context-selected"",""multiple"",""meanings""]}","synonyms, antonyms, shades, context-selected multiple meanings.",L284,"[""LEX-W-EPI-009"",""LEX-P-DESC-001""]",PRODUCTIVE,,P-LEX-001,"[""presentation"",""practice"",""feedback"",""story"",""evaluation"",""transfer""]",ACTIVE
LEX-P-LIT-001,"[""story"",""questions"",""terms"",""character"",""setting"",""event"",""narrative"",""sequence""]","{""en-US"":[""story"",""questions"",""terms"",""character"",""setting"",""event"",""narrative"",""sequence""]}","story questions/terms: character, setting, event; narrative sequence.",L173,"[""LEX-P-Q-001"",""LEX-P-SEQ-001"",""LEX-P-Q-003"",""LEX-W-LIT-001""]",PRODUCTIVE,,P-LIT-001,"[""presentation"",""practice"",""feedback"",""story"",""evaluation"",""transfer""]",ACTIVE
LEX-P-MAT-001,"[""made of"",""made from""]","{""en-US"":[""made of"",""made from""]}",`made of` vs `made from`; material-property opposites.,L123,"[""LEX-W-MAT-002"",""LEX-W-MAT-001"",""LEX-P-DESC-001"",""LEX-P-PART-001""]",PRODUCTIVE,,P-MAT-001,"[""presentation"",""practice"",""feedback"",""story"",""evaluation"",""transfer""]",ACTIVE
LEX-P-MATH-001,"[""plus"",""in all"",""take away"",""left""]","{""en-US"":[""plus"",""in all"",""take away"",""left""]}","addition/subtraction language: `plus`, `in all`, `take away`, `left`.",L064,"[""LEX-W-MATH-004"",""LEX-P-QNT-001"",""LEX-W-MATH-003""]",PRODUCTIVE,,P-MATH-001,"[""presentation"",""practice"",""feedback"",""story"",""evaluation"",""transfer""]",ACTIVE
LEX-P-MEAS-001,"[""X is N units..."",""degrees"",""cost/how much"",""enough/too""]","{""en-US"":[""X is N units..."",""degrees"",""cost/how much"",""enough/too""]}","measurement/price frames: `X is N units...`, `degrees`, `cost/how much`, `enough/too`.",L075,"[""LEX-P-CMP-001"",""LEX-W-MATH-009"",""LEX-P-QNT-001"",""LEX-W-MATH-010""]",PRODUCTIVE,,P-MEAS-001,"[""presentation"",""practice"",""feedback"",""story"",""evaluation"",""transfer""]",ACTIVE
LEX-P-META-001,"[""In language X"",""Y means...""]","{""en-US"":[""In language X"",""Y means...""]}","metalinguistic `In language X, Y means...`.",L271,"[""LEX-W-CUL-002"",""LEX-P-DEF-001""]",PRODUCTIVE,,P-META-001,"[""presentation"",""practice"",""feedback"",""story"",""evaluation"",""transfer""]",ACTIVE
LEX-P-MOD-001,"[""can""]","{""en-US"":[""can""]}",`can` for ability/perception.,L226,"[""LEX-P-TNS-002"",""LEX-W-BODY-002""]",PRODUCTIVE,,P-MOD-001,"[""presentation"",""practice"",""feedback"",""story"",""evaluation"",""transfer""]",ACTIVE
LEX-P-MOD-002,"[""should/shouldn't""]","{""en-US"":[""should/shouldn't""]}",`should/shouldn't` advice.,L229,"[""LEX-P-TNS-002"",""LEX-W-BODY-004""]",PRODUCTIVE,,P-MOD-002,"[""presentation"",""practice"",""feedback"",""story"",""evaluation"",""transfer""]",ACTIVE
LEX-P-MOD-003,"[""must/mustn't"",""have to""]","{""en-US"":[""must/mustn't"",""have to""]}","`must/mustn't`, `have to`, prohibitions.",L190,"[""LEX-P-TNS-002"",""LEX-W-CIV-001""]",PRODUCTIVE,,P-MOD-003,"[""presentation"",""practice"",""feedback"",""story"",""evaluation"",""transfer""]",ACTIVE
LEX-P-MOD-004,"[""may/can"",""may/might/could""]","{""en-US"":[""may/can"",""may/might/could""]}","`may/can` permission and `may/might/could` possibility, taught as distinct subuses.",L262,"[""LEX-W-HAZ-001"",""LEX-P-MOD-001""]",PRODUCTIVE,,P-MOD-004,"[""presentation"",""practice"",""feedback"",""story"",""evaluation"",""transfer""]",ACTIVE
LEX-P-MODEL-001,"[""represents X but does not include every...""]","{""en-US"":[""represents X but does not include every...""]}",limitation frame: `represents X but does not include every...`.,L269,"[""LEX-P-DISC-001"",""LEX-P-REP-001"",""LEX-W-REP-004""]",PRODUCTIVE,,P-MODEL-001,"[""presentation"",""practice"",""feedback"",""story"",""evaluation"",""transfer""]",ACTIVE
LEX-P-MORPH-001,"[""derivational"",""morphology"",""prefixes"",""suffixes"",""compounds"",""selected"",""roots""]","{""en-US"":[""derivational"",""morphology"",""prefixes"",""suffixes"",""compounds"",""selected"",""roots""]}","derivational morphology: common prefixes, suffixes, compounds, selected roots.",L283,"[""LEX-P-CLASS-001"",""LEX-P-DESC-001"",""LEX-W-CUL-002"",""LEX-W-EPI-009"",""LEX-P-DEF-001""]",PRODUCTIVE,,P-MORPH-001,"[""presentation"",""practice"",""feedback"",""story"",""evaluation"",""transfer""]",ACTIVE
LEX-P-NEED-001,"[""need"",""want""]","{""en-US"":[""need"",""want""]}",`need` vs `want` predicates.,L058,"[""LEX-P-TNS-002"",""LEX-W-PSY-001""]",PRODUCTIVE,,P-NEED-001,"[""presentation"",""practice"",""feedback"",""story"",""evaluation"",""transfer""]",ACTIVE
LEX-P-NEG-001,"[""do/does not""]","{""en-US"":[""do/does not""]}",general present negation `do/does not`.,L017,"[""LEX-W-EVT-001"",""LEX-P-TNS-002""]",PRODUCTIVE,,P-NEG-001,"[""presentation"",""practice"",""feedback"",""story"",""evaluation"",""transfer""]",ACTIVE
LEX-P-NOUN-001,"[""count"",""noncount"",""distinction""]","{""en-US"":[""count"",""noncount"",""distinction""]}",count/noncount distinction.,L092,"[""LEX-W-MAT-001"",""LEX-P-NUM-001""]",PRODUCTIVE,,P-NOUN-001,"[""presentation"",""practice"",""feedback"",""story"",""evaluation"",""transfer""]",ACTIVE
LEX-P-NUM-001,"[""-s/-es""]","{""en-US"":[""-s/-es""]}",Regular plurals `-s/-es`.,L005,"[""LEX-P-DET-001"",""LEX-W-OBJ-001""]",PRODUCTIVE,,P-NUM-001,"[""presentation"",""practice"",""feedback"",""story"",""evaluation"",""transfer""]",ACTIVE
LEX-P-ORD-001,"[""ordinal"",""forms""]","{""en-US"":[""ordinal"",""forms""]}",ordinal forms.,L068,"[""LEX-P-SEQ-001"",""LEX-P-QNT-001"",""LEX-W-MATH-006""]",PRODUCTIVE,,P-ORD-001,"[""presentation"",""practice"",""feedback"",""story"",""evaluation"",""transfer""]",ACTIVE
LEX-P-PART-001,"[""has"",""part of"",""contains/consists of""]","{""en-US"":[""has"",""part of"",""contains/consists of""]}","part-whole frames `has`, `part of`, `contains/consists of`.",L121,"[""LEX-W-BODY-001"",""LEX-P-POSS-001""]",PRODUCTIVE,,P-PART-001,"[""presentation"",""practice"",""feedback"",""story"",""evaluation"",""transfer""]",ACTIVE
LEX-P-PARTIC-001,"[""participial"",""modifiers""]","{""en-US"":[""participial"",""modifiers""]}",participial modifiers.,L221,"[""LEX-P-PASS-001"",""LEX-W-MAT-004"",""LEX-P-ASP-001""]",PRODUCTIVE,,P-PARTIC-001,"[""presentation"",""practice"",""feedback"",""story"",""evaluation"",""transfer""]",ACTIVE
LEX-P-PASS-001,"[""by""]","{""en-US"":[""by""]}","passive family, first in visible processes; later active/passive contrast and agent `by`.",L116,"[""LEX-P-REL-001"",""LEX-P-TNS-002"",""LEX-W-EAR-003""]",PRODUCTIVE,,P-PASS-001,"[""presentation"",""practice"",""feedback"",""story"",""evaluation"",""transfer""]",ACTIVE
LEX-P-PAT-001,"[""every/every other/again""]","{""en-US"":[""every/every other/again""]}",repetition `every/every other/again`.,L090,"[""LEX-P-SEQ-001"",""LEX-W-MATH-012""]",PRODUCTIVE,,P-PAT-001,"[""presentation"",""practice"",""feedback"",""story"",""evaluation"",""transfer""]",ACTIVE
LEX-P-PATH-001,"[""to/from/into/out of/through""]","{""en-US"":[""to/from/into/out of/through""]}",`to/from/into/out of/through`.,L040,"[""LEX-W-GEO-001"",""LEX-P-SPAT-001""]",PRODUCTIVE,,P-PATH-001,"[""presentation"",""practice"",""feedback"",""story"",""evaluation"",""transfer""]",ACTIVE
LEX-P-PERF-001,"[""present"",""perfect"",""past""]","{""en-US"":[""present"",""perfect"",""past""]}",present perfect and later past perfect.,L219,"[""LEX-P-TNS-003"",""LEX-P-CHANGE-002"",""LEX-W-HIS-002""]",PRODUCTIVE,,P-PERF-001,"[""presentation"",""practice"",""feedback"",""story"",""evaluation"",""transfer""]",ACTIVE
LEX-P-POSS-001,"[""my/your/his/her/..."",""'s""]","{""en-US"":[""my/your/his/her/..."",""'s""]}",Possessives `my/your/his/her/...` and `'s`.,L025,"[""LEX-P-ID-001"",""LEX-P-NUM-001"",""LEX-W-OBJ-002""]",PRODUCTIVE,,P-POSS-001,"[""presentation"",""practice"",""feedback"",""story"",""evaluation"",""transfer""]",ACTIVE
LEX-P-PREF-001,"[""like/love/dislike + noun/-ing""]","{""en-US"":[""like/love/dislike + noun/-ing""]}",`like/love/dislike + noun/-ing`.,L057,"[""LEX-P-TNS-002"",""LEX-W-PSY-001""]",PRODUCTIVE,,P-PREF-001,"[""presentation"",""practice"",""feedback"",""story"",""evaluation"",""transfer""]",ACTIVE
LEX-P-PREVENT-001,"[""prevent/keep X from -ing""]","{""en-US"":[""prevent/keep X from -ing""]}",`prevent/keep X from -ing`.,L207,"[""LEX-W-SEC-001"",""LEX-P-CAU-004""]",PRODUCTIVE,,P-PREVENT-001,"[""presentation"",""practice"",""feedback"",""story"",""evaluation"",""transfer""]",ACTIVE
LEX-P-PRON-001,"[""subject"",""object"",""pronouns""]","{""en-US"":[""subject"",""object"",""pronouns""]}",subject/object pronouns.,L006,"[""LEX-W-CHR-001"",""LEX-P-ID-001""]",PRODUCTIVE,,P-PRON-001,"[""presentation"",""practice"",""feedback"",""story"",""evaluation"",""transfer""]",ACTIVE
LEX-P-PRON-002,"[""clear"",""pronoun"",""antecedents"",""explicit"",""repair"",""ambiguity""]","{""en-US"":[""clear"",""pronoun"",""antecedents"",""explicit"",""repair"",""ambiguity""]}",clear pronoun antecedents and explicit repair of ambiguity.,L287,"[""LEX-P-PRON-001"",""LEX-W-EPI-012"",""LEX-P-EPI-002""]",PRODUCTIVE,,P-PRON-002,"[""presentation"",""practice"",""feedback"",""story"",""evaluation"",""transfer""]",ACTIVE
LEX-P-PURP-001,"[""need X to..."",""so that""]","{""en-US"":[""need X to..."",""so that""]}","purpose: `need X to...`, infinitive purpose, `so that`.",L232,"[""LEX-W-PHY-005"",""LEX-P-NEED-001""]",PRODUCTIVE,,P-PURP-001,"[""presentation"",""practice"",""feedback"",""story"",""evaluation"",""transfer""]",ACTIVE
LEX-P-Q-001,"[""Who are you?""]","{""en-US"":[""Who are you?""]}",Agent-identity question `Who are you?` / `Who is X?`.,L000,"[""LEX-P-ID-001""]",PRODUCTIVE,,P-Q-001,"[""presentation"",""practice"",""feedback"",""story"",""evaluation"",""transfer""]",ACTIVE
LEX-P-Q-002,"[""Are you X or Y?""]","{""en-US"":[""Are you X or Y?""]}",`or` alternative question.,L000,"[""LEX-P-ID-001""]",PRODUCTIVE,,P-Q-002,"[""presentation"",""practice"",""feedback"",""story"",""evaluation"",""transfer""]",ACTIVE
LEX-P-Q-003,"[""where?""]","{""en-US"":[""where?""]}",`where?`,L011,"[""LEX-W-OBJ-001"",""LEX-P-SPAT-001""]",PRODUCTIVE,,P-Q-003,"[""presentation"",""practice"",""feedback"",""story"",""evaluation"",""transfer""]",ACTIVE
LEX-P-Q-004,"[""which?""]","{""en-US"":[""which?""]}",`which?` among an identified set.,L041,"[""LEX-P-DET-003"",""LEX-W-GEO-001"",""LEX-P-Q-002""]",PRODUCTIVE,,P-Q-004,"[""presentation"",""practice"",""feedback"",""story"",""evaluation"",""transfer""]",ACTIVE
LEX-P-Q-005,"[""when?""]","{""en-US"":[""when?""]}",`when?` temporal query.,L055,"[""LEX-P-TNS-002"",""LEX-W-TIME-001""]",PRODUCTIVE,,P-Q-005,"[""presentation"",""practice"",""feedback"",""story"",""evaluation"",""transfer""]",ACTIVE
LEX-P-Q-006,"[""be"",""do/does""]","{""en-US"":[""be"",""do/does""]}",productive yes/no questions with `be` and `do/does`.,L018,"[""LEX-W-EVT-001"",""LEX-P-ID-001"",""LEX-P-TNS-002""]",PRODUCTIVE,,P-Q-006,"[""presentation"",""practice"",""feedback"",""story"",""evaluation"",""transfer""]",ACTIVE
LEX-P-Q-007,"[""What is this?"",""What is X?""]","{""en-US"":[""What is this?"",""What is X?""]}",Object/type question `What is this?` / `What is X?`.,L008,"[""LEX-P-ID-001"",""LEX-P-DET-001"",""LEX-W-OBJ-001""]",PRODUCTIVE,,P-Q-007,"[""presentation"",""practice"",""feedback"",""story"",""evaluation"",""transfer""]",ACTIVE
LEX-P-QNT-001,"[""how many?"",""no/none/not any""]","{""en-US"":[""how many?"",""no/none/not any""]}",`how many?` and zero responses `no/none/not any`.,L044,"[""LEX-W-MATH-001"",""LEX-P-NUM-001""]",PRODUCTIVE,,P-QNT-001,"[""presentation"",""practice"",""feedback"",""story"",""evaluation"",""transfer""]",ACTIVE
LEX-P-QNT-002,"[""some/any"",""many/much/a lot of""]","{""en-US"":[""some/any"",""many/much/a lot of""]}",`some/any`; `many/much/a lot of`; partitives.,L093,"[""LEX-W-MAT-001"",""LEX-P-NOUN-001""]",PRODUCTIVE,,P-QNT-002,"[""presentation"",""practice"",""feedback"",""story"",""evaluation"",""transfer""]",ACTIVE
LEX-P-QNT-003,"[""each/every/all""]","{""en-US"":[""each/every/all""]}",distributives `each/every/all`.,L066,"[""LEX-P-QNT-001"",""LEX-W-MATH-005""]",PRODUCTIVE,,P-QNT-003,"[""presentation"",""practice"",""feedback"",""story"",""evaluation"",""transfer""]",ACTIVE
LEX-P-QNT-004,"[""some...others...""]","{""en-US"":[""some...others...""]}",contrastive quantification `some...others...`.,L105,"[""LEX-P-QNT-003"",""LEX-W-PHY-004""]",PRODUCTIVE,,P-QNT-004,"[""presentation"",""practice"",""feedback"",""story"",""evaluation"",""transfer""]",ACTIVE
LEX-P-REAL-001,"[""real/imaginary/about""]","{""en-US"":[""real/imaginary/about""]}",`real/imaginary/about`.,L213,"[""LEX-W-LIT-003"",""LEX-P-REP-001""]",PRODUCTIVE,,P-REAL-001,"[""presentation"",""practice"",""feedback"",""story"",""evaluation"",""transfer""]",ACTIVE
LEX-P-REFINE-001,"[""more precisely/in other words""]","{""en-US"":[""more precisely/in other words""]}",`more precisely/in other words`.,L293,"[""LEX-W-EPI-002"",""LEX-P-DEF-001"",""LEX-P-EPI-002""]",PRODUCTIVE,,P-REFINE-001,"[""presentation"",""practice"",""feedback"",""story"",""evaluation"",""transfer""]",ACTIVE
LEX-P-REG-001,"[""formal"",""informal"",""register"",""adaptation""]","{""en-US"":[""formal"",""informal"",""register"",""adaptation""]}",formal/informal register adaptation.,L217,"[""LEX-P-SOC-004"",""LEX-P-SOC-002"",""LEX-P-SOC-009"",""LEX-P-SOC-006"",""LEX-W-REG-001"",""LEX-P-SOC-005"",""LEX-P-SOC-001"",""LEX-P-SOC-010"",""LEX-P-SOC-003""]",PRODUCTIVE,,P-REG-001,"[""presentation"",""practice"",""feedback"",""story"",""evaluation"",""transfer""]",ACTIVE
LEX-P-REL-001,"[""by""]","{""en-US"":[""by""]}",`by` as means/channel.,L032,"[""LEX-W-ONT-002"",""LEX-P-ID-001""]",PRODUCTIVE,,P-REL-001,"[""presentation"",""practice"",""feedback"",""story"",""evaluation"",""transfer""]",ACTIVE
LEX-P-RELCL-001,"[""who/which/that""]","{""en-US"":[""who/which/that""]}",relative clauses `who/which/that`.,L241,"[""LEX-P-PRON-001"",""LEX-W-BIO-009"",""LEX-P-DET-002""]",PRODUCTIVE,,P-RELCL-001,"[""presentation"",""practice"",""feedback"",""story"",""evaluation"",""transfer""]",ACTIVE
LEX-P-REP-001,"[""represents/stands for""]","{""en-US"":[""represents/stands for""]}",`represents/stands for`.,L028,"[""LEX-P-ID-001"",""LEX-P-DET-002"",""LEX-W-REP-001""]",PRODUCTIVE,,P-REP-001,"[""presentation"",""practice"",""feedback"",""story"",""evaluation"",""transfer""]",ACTIVE
LEX-P-REPORT-001,"[""say/tell""]","{""en-US"":[""say/tell""]}",direct speech vs reported `say/tell`.,L211,"[""LEX-P-TNS-003"",""LEX-W-LIT-002"",""LEX-P-COM-002""]",PRODUCTIVE,,P-REPORT-001,"[""presentation"",""practice"",""feedback"",""story"",""evaluation"",""transfer""]",ACTIVE
LEX-P-RESP-001,"[""responsible for"",""allowed to""]","{""en-US"":[""responsible for"",""allowed to""]}","responsibility/permission: `responsible for`, `allowed to`.",L264,"[""LEX-P-MOD-003"",""LEX-P-MOD-004"",""LEX-W-CIV-002""]",PRODUCTIVE,,P-RESP-001,"[""presentation"",""practice"",""feedback"",""story"",""evaluation"",""transfer""]",ACTIVE
LEX-P-SEARCH-001,"[""look for"",""find""]","{""en-US"":[""look for"",""find""]}",`look for` vs `find`.,L203,"[""LEX-W-COMP-006"",""LEX-P-COMP-001""]",PRODUCTIVE,,P-SEARCH-001,"[""presentation"",""practice"",""feedback"",""story"",""evaluation"",""transfer""]",ACTIVE
LEX-P-SENT-001,"[""compound"",""complex"",""sentence"",""composition""]","{""en-US"":[""compound"",""complex"",""sentence"",""composition""]}",simple/compound/complex sentence composition.,L288,"[""LEX-P-DISC-001"",""LEX-W-EPI-007"",""LEX-P-CONTR-001"",""LEX-P-RELCL-001"",""LEX-P-CAU-001""]",PRODUCTIVE,,P-SENT-001,"[""presentation"",""practice"",""feedback"",""story"",""evaluation"",""transfer""]",ACTIVE
LEX-P-SEQ-001,"[""How...? First/next/then/finally""]","{""en-US"":[""How...? First/next/then/finally""]}",procedural query/explanation: `How...? First/next/then/finally`.,L023,"[""LEX-P-IMP-001"",""LEX-W-EVT-002""]",PRODUCTIVE,,P-SEQ-001,"[""presentation"",""practice"",""feedback"",""story"",""evaluation"",""transfer""]",ACTIVE
LEX-P-SHAPE-001,"[""shaped like"",""has N sides/faces""]","{""en-US"":[""shaped like"",""has N sides/faces""]}","`shaped like`, `has N sides/faces`.",L071,"[""LEX-W-MATH-007"",""LEX-P-DESC-001"",""LEX-W-MATH-008""]",PRODUCTIVE,,P-SHAPE-001,"[""presentation"",""practice"",""feedback"",""story"",""evaluation"",""transfer""]",ACTIVE
LEX-P-SIM-001,"[""similar to/different from/same as"",""both...and""]","{""en-US"":[""similar to/different from/same as"",""both...and""]}",`similar to/different from/same as`; paired `both...and`.,L244,"[""LEX-P-CMP-002"",""LEX-W-BIO-011""]",PRODUCTIVE,,P-SIM-001,"[""presentation"",""practice"",""feedback"",""story"",""evaluation"",""transfer""]",ACTIVE
LEX-P-SOC-001,"[""Hello!"",""Good morning!""]","{""en-US"":[""Hello!"",""Good morning!""]}","Greetings used to open an encounter: `Hello!`, `Good morning!`.",L000,[],PRODUCTIVE,,P-SOC-001,"[""presentation"",""practice"",""feedback"",""story"",""evaluation"",""transfer""]",ACTIVE
LEX-P-SOC-002,"[""Nice to meet you!"",""Nice to meet you, too.""]","{""en-US"":[""Nice to meet you!"",""Nice to meet you, too.""]}","Meeting reciprocity: `Nice to meet you!` / `Nice to meet you, too.`",L000,"[""LEX-P-SOC-001"",""LEX-P-ID-001""]",PRODUCTIVE,,P-SOC-002,"[""presentation"",""practice"",""feedback"",""story"",""evaluation"",""transfer""]",ACTIVE
LEX-P-SOC-003,"[""This is X"",""X"",""this is Y""]","{""en-US"":[""This is X"",""X"",""this is Y""]}","Introduce another person: `This is X`; `X, this is Y`.",L048,"[""LEX-P-Q-001"",""LEX-P-ID-001""]",PRODUCTIVE,,P-SOC-003,"[""presentation"",""practice"",""feedback"",""story"",""evaluation"",""transfer""]",ACTIVE
LEX-P-SOC-004,"[""I don't understand"",""What does X mean?"",""Can you say that another way?""]","{""en-US"":[""I don't understand"",""What does X mean?"",""Can you say that another way?""]}",Repair/clarification: `I don't understand`; `What does X mean?`; `Can you say that another way?`,L034,"[""LEX-P-Q-001"",""LEX-W-SOC-002"",""LEX-P-ID-001""]",PRODUCTIVE,,P-SOC-004,"[""presentation"",""practice"",""feedback"",""story"",""evaluation"",""transfer""]",ACTIVE
LEX-P-SOC-005,"[""Can you ... please?""]","{""en-US"":[""Can you ... please?""]}",Polite request `Can you ... please?`,L050,"[""LEX-W-SOC-003"",""LEX-P-SOC-002""]",PRODUCTIVE,,P-SOC-005,"[""presentation"",""practice"",""feedback"",""story"",""evaluation"",""transfer""]",ACTIVE
LEX-P-SOC-006,"[""sorry"",""excuse me""]","{""en-US"":[""sorry"",""excuse me""]}","apology/attention: `sorry`, `excuse me`.",L186,"[""LEX-W-SOC-004"",""LEX-P-SOC-001""]",PRODUCTIVE,,P-SOC-006,"[""presentation"",""practice"",""feedback"",""story"",""evaluation"",""transfer""]",ACTIVE
LEX-P-SOC-007,"[""congratulation"",""wishes""]","{""en-US"":[""congratulation"",""wishes""]}",congratulation/wishes.,L179,"[""LEX-P-SOC-001"",""LEX-W-CUL-004""]",PRODUCTIVE,,P-SOC-007,"[""presentation"",""practice"",""feedback"",""story"",""evaluation"",""transfer""]",ACTIVE
LEX-P-SOC-008,"[""Would you like...?""]","{""en-US"":[""Would you like...?""]}",offers/invitations: `Would you like...?`; polite accept/decline.,L059,"[""LEX-P-PREF-001"",""LEX-W-SOC-003"",""LEX-P-SOC-002""]",PRODUCTIVE,,P-SOC-008,"[""presentation"",""practice"",""feedback"",""story"",""evaluation"",""transfer""]",ACTIVE
LEX-P-SOC-009,"[""Thank you."",""Thanks."",""You're welcome.""]","{""en-US"":[""Thank you."",""Thanks."",""You're welcome.""]}","Thanking and response: `Thank you.`, `Thanks.`, `You're welcome.`",L051,"[""LEX-W-SOC-003"",""LEX-P-SOC-001""]",PRODUCTIVE,,P-SOC-009,"[""presentation"",""practice"",""feedback"",""story"",""evaluation"",""transfer""]",ACTIVE
LEX-P-SOC-010,"[""Goodbye."",""See you later.""]","{""en-US"":[""Goodbye."",""See you later.""]}","Farewells: `Goodbye.`, `See you later.`",L052,"[""LEX-W-CHR-001"",""LEX-P-SOC-001""]",PRODUCTIVE,,P-SOC-010,"[""presentation"",""practice"",""feedback"",""story"",""evaluation"",""transfer""]",ACTIVE
LEX-P-SOURCE-001,"[""comes from""]","{""en-US"":[""comes from""]}",source relation `comes from`.,L109,"[""LEX-W-PHY-009"",""LEX-P-PATH-001""]",PRODUCTIVE,,P-SOURCE-001,"[""presentation"",""practice"",""feedback"",""story"",""evaluation"",""transfer""]",ACTIVE
LEX-P-SPAT-001,"[""in/on/under/above/beside/next to""]","{""en-US"":[""in/on/under/above/beside/next to""]}",`in/on/under/above/beside/next to`.,L010,"[""LEX-P-DET-002"",""LEX-W-OBJ-001""]",PRODUCTIVE,,P-SPAT-001,"[""presentation"",""practice"",""feedback"",""story"",""evaluation"",""transfer""]",ACTIVE
LEX-P-SRC-001,"[""according to"",""based on"",""supported by""]","{""en-US"":[""according to"",""based on"",""supported by""]}","evidence/source attribution: `according to`, `based on`, `supported by`.",L274,"[""LEX-W-EPI-003"",""LEX-P-EPI-003""]",PRODUCTIVE,,P-SRC-001,"[""presentation"",""practice"",""feedback"",""story"",""evaluation"",""transfer""]",ACTIVE
LEX-P-STATE-001,"[""feel + adj"",""have + symptom noun""]","{""en-US"":[""feel + adj"",""have + symptom noun""]}",`feel + adj` / `have + symptom noun`.,L228,"[""LEX-P-DESC-001"",""LEX-W-BODY-003"",""LEX-W-BODY-004""]",PRODUCTIVE,,P-STATE-001,"[""presentation"",""practice"",""feedback"",""story"",""evaluation"",""transfer""]",ACTIVE
LEX-P-SUM-001,"[""overall/in summary""]","{""en-US"":[""overall/in summary""]}",`overall/in summary`.,L294,"[""LEX-W-LIT-001"",""LEX-P-SENT-001""]",PRODUCTIVE,,P-SUM-001,"[""presentation"",""practice"",""feedback"",""story"",""evaluation"",""transfer""]",ACTIVE
LEX-P-SYS-001,"[""work together to""]","{""en-US"":[""work together to""]}",`work together to`; system/component composition language.,L127,"[""LEX-W-ENG-001"",""LEX-P-PART-001"",""LEX-P-FUNC-002""]",PRODUCTIVE,,P-SYS-001,"[""presentation"",""practice"",""feedback"",""story"",""evaluation"",""transfer""]",ACTIVE
LEX-P-TIME-001,"[""at/on/in"",""before/after/during/for""]","{""en-US"":[""at/on/in"",""before/after/during/for""]}","temporal `at/on/in`, `before/after/during/for`.",L078,"[""LEX-P-Q-005"",""LEX-W-TIME-002"",""LEX-W-TIME-001""]",PRODUCTIVE,,P-TIME-001,"[""presentation"",""practice"",""feedback"",""story"",""evaluation"",""transfer""]",ACTIVE
LEX-P-TNS-001,"[""will""]","{""en-US"":[""will""]}",`will` for a later commitment/prediction at introductory level.,L081,"[""LEX-P-ID-001"",""LEX-W-SOC-005""]",PRODUCTIVE,,P-TNS-001,"[""presentation"",""practice"",""feedback"",""story"",""evaluation"",""transfer""]",ACTIVE
LEX-P-TNS-002,"[""-s""]","{""en-US"":[""-s""]}","simple present for habits/general routines, including third-person `-s`.",L016,"[""LEX-W-EVT-001"",""LEX-P-ASP-001""]",PRODUCTIVE,,P-TNS-002,"[""presentation"",""practice"",""feedback"",""story"",""evaluation"",""transfer""]",ACTIVE
LEX-P-TNS-003,"[""past"",""introduced"",""separately"",""future"",""narrative""]","{""en-US"":[""past"",""introduced"",""separately"",""future"",""narrative""]}","simple past, introduced separately from future; later narrative past.",L082,"[""LEX-W-TIME-003"",""LEX-P-TNS-002"",""LEX-P-TIME-001""]",PRODUCTIVE,,P-TNS-003,"[""presentation"",""practice"",""feedback"",""story"",""evaluation"",""transfer""]",ACTIVE
LEX-P-WORK-001,"[""work as/at/for""]","{""en-US"":[""work as/at/for""]}",`work as/at/for`.,L147,"[""LEX-P-TNS-002"",""LEX-W-ECO-004""]",PRODUCTIVE,,P-WORK-001,"[""presentation"",""practice"",""feedback"",""story"",""evaluation"",""transfer""]",ACTIVE
LEX-W-ART-001,"[""pictures"",""diagrams"",""paintings"",""sculpture"",""representational"",""art"",""forms""]","{""en-US"":[""pictures"",""diagrams"",""paintings"",""sculpture"",""representational"",""art"",""forms""]}","Pictures, diagrams, paintings, and sculpture are different representational/art forms.",L270,"[""LEX-P-ID-001"",""LEX-W-REP-001"",""LEX-W-REP-003"",""LEX-P-DET-002"",""LEX-P-PRON-001"",""LEX-W-REP-004"",""LEX-W-REP-002""]",RECEPTIVE_THEN_PRODUCTIVE,W-ART-001,,"[""presentation"",""practice"",""feedback"",""story"",""evaluation"",""transfer""]",ACTIVE
LEX-W-ART-002,"[""music"",""sound"",""described"",""using"",""relative"",""perceptual"",""properties""]","{""en-US"":[""music"",""sound"",""described"",""using"",""relative"",""perceptual"",""properties""]}",Music/sound can be described using relative perceptual properties.,L175,"[""LEX-W-PHY-007"",""LEX-P-PRON-001"",""LEX-P-ID-001"",""LEX-P-DET-002""]",RECEPTIVE_THEN_PRODUCTIVE,W-ART-002,,"[""presentation"",""practice"",""feedback"",""story"",""evaluation"",""transfer""]",ACTIVE
LEX-W-AST-001,"[""earth's"",""day"",""night"",""cycle"",""observable"",""daytime"",""nighttime"",""sky""]","{""en-US"":[""earth's"",""day"",""night"",""cycle"",""observable"",""daytime"",""nighttime"",""sky""]}",Earth's day/night cycle and the observable daytime/nighttime sky are related but not identical concepts.,L137,"[""LEX-W-TIME-003"",""LEX-P-ID-001"",""LEX-P-TNS-002"",""LEX-P-DET-002"",""LEX-P-PRON-001""]",RECEPTIVE_THEN_PRODUCTIVE,W-AST-001,,"[""presentation"",""practice"",""feedback"",""story"",""evaluation"",""transfer""]",ACTIVE
LEX-W-AST-002,"[""apparent"",""solar"",""position"",""shadow"",""change"",""form"",""observable"",""correlated""]","{""en-US"":[""apparent"",""solar"",""position"",""shadow"",""change"",""form"",""observable"",""correlated""]}",Apparent solar position and shadow change form an observable correlated pattern.,L257,"[""LEX-P-ID-001"",""LEX-W-AST-001"",""LEX-P-TNS-002"",""LEX-P-DET-002"",""LEX-P-PRON-001"",""LEX-W-PHY-005"",""LEX-W-PHY-006""]",RECEPTIVE_THEN_PRODUCTIVE,W-AST-002,,"[""presentation"",""practice"",""feedback"",""story"",""evaluation"",""transfer""]",ACTIVE
LEX-W-AST-003,"[""moon's"",""visible"",""appearance"",""changes"",""recurring"",""pattern"",""time""]","{""en-US"":[""moon's"",""visible"",""appearance"",""changes"",""recurring"",""pattern"",""time""]}",The Moon's visible appearance changes in a recurring pattern over time.,L138,"[""LEX-W-TIME-002"",""LEX-P-ID-001"",""LEX-W-AST-001"",""LEX-P-TNS-002"",""LEX-P-DET-002"",""LEX-P-PRON-001""]",RECEPTIVE_THEN_PRODUCTIVE,W-AST-003,,"[""presentation"",""practice"",""feedback"",""story"",""evaluation"",""transfer""]",ACTIVE
LEX-W-AST-004,"[""planets"",""orbit"",""orbiting"",""spatial"",""motion""]","{""en-US"":[""planets"",""orbit"",""orbiting"",""spatial"",""motion""]}",Planets orbit; orbiting is a spatial motion relation.,L139,"[""LEX-P-ID-001"",""LEX-W-GEO-001"",""LEX-P-TNS-002"",""LEX-W-PHY-001"",""LEX-P-DET-002"",""LEX-P-PRON-001""]",RECEPTIVE_THEN_PRODUCTIVE,W-AST-004,,"[""presentation"",""practice"",""feedback"",""story"",""evaluation"",""transfer""]",ACTIVE
LEX-W-AST-005,"[""solar"",""system"",""contains"",""sun"",""orbiting"",""bodies"",""member""]","{""en-US"":[""solar"",""system"",""contains"",""sun"",""orbiting"",""bodies"",""member""]}",The solar system contains the Sun and orbiting bodies; member and system are distinct.,L140,"[""LEX-P-ID-001"",""LEX-P-TNS-002"",""LEX-P-DET-002"",""LEX-P-PRON-001"",""LEX-W-AST-004""]",RECEPTIVE_THEN_PRODUCTIVE,W-AST-005,,"[""presentation"",""practice"",""feedback"",""story"",""evaluation"",""transfer""]",ACTIVE
LEX-W-BIO-001,"[""living"",""nonliving"",""entities"",""distinguished"",""using"",""biological"",""properties"",""rather""]","{""en-US"":[""living"",""nonliving"",""entities"",""distinguished"",""using"",""biological"",""properties"",""rather""]}",Living and nonliving entities are distinguished using biological properties rather than motion alone.,L119,"[""LEX-W-ONT-001"",""LEX-P-ID-001"",""LEX-W-OBJ-001"",""LEX-P-TNS-002"",""LEX-P-DET-002"",""LEX-P-PRON-001""]",RECEPTIVE_THEN_PRODUCTIVE,W-BIO-001,,"[""presentation"",""practice"",""feedback"",""story"",""evaluation"",""transfer""]",ACTIVE
LEX-W-BIO-002,"[""plants"",""have"",""differentiated"",""structures"",""roots"",""stems"",""leaves"",""flowers""]","{""en-US"":[""plants"",""have"",""differentiated"",""structures"",""roots"",""stems"",""leaves"",""flowers""]}","Plants have differentiated structures: roots, stems, leaves, flowers/seeds where applicable.",L124,"[""LEX-P-ID-001"",""LEX-P-TNS-002"",""LEX-P-DET-002"",""LEX-W-BIO-001"",""LEX-P-PRON-001""]",RECEPTIVE_THEN_PRODUCTIVE,W-BIO-002,,"[""presentation"",""practice"",""feedback"",""story"",""evaluation"",""transfer""]",ACTIVE
LEX-W-BIO-003,"[""plants"",""require"",""resources"",""pass"",""growth"",""stages""]","{""en-US"":[""plants"",""require"",""resources"",""pass"",""growth"",""stages""]}",Plants require resources and pass through growth stages.,L125,"[""LEX-W-TIME-002"",""LEX-P-ID-001"",""LEX-P-TNS-002"",""LEX-P-DET-002"",""LEX-W-BIO-002"",""LEX-P-PRON-001""]",RECEPTIVE_THEN_PRODUCTIVE,W-BIO-003,,"[""presentation"",""practice"",""feedback"",""story"",""evaluation"",""transfer""]",ACTIVE
LEX-W-BIO-004,"[""animals"",""classified"",""nested"",""groups"",""using"",""shared"",""features""]","{""en-US"":[""animals"",""classified"",""nested"",""groups"",""using"",""shared"",""features""]}",Animals can be classified into nested groups using shared features.,L235,"[""LEX-P-ID-001"",""LEX-P-TNS-002"",""LEX-P-DET-002"",""LEX-W-BIO-001"",""LEX-P-PRON-001"",""LEX-W-EPI-004""]",RECEPTIVE_THEN_PRODUCTIVE,W-BIO-004,,"[""presentation"",""practice"",""feedback"",""story"",""evaluation"",""transfer""]",ACTIVE
LEX-W-BIO-005,"[""animal"",""structures"",""fur"",""feathers"",""scales"",""shells"",""wings"",""fins""]","{""en-US"":[""animal"",""structures"",""fur"",""feathers"",""scales"",""shells"",""wings"",""fins""]}","Animal structures such as fur, feathers, scales, shells, wings, and fins relate to morphology; movement types are distinct actions.",L237,"[""LEX-P-ID-001"",""LEX-P-TNS-002"",""LEX-P-DET-002"",""LEX-W-BIO-004"",""LEX-P-PRON-001""]",RECEPTIVE_THEN_PRODUCTIVE,W-BIO-005,,"[""presentation"",""practice"",""feedback"",""story"",""evaluation"",""transfer""]",ACTIVE
LEX-W-BIO-006,"[""habitats"",""environments"",""which"",""organisms"",""live"",""habitat"",""synonymous"",""organism""]","{""en-US"":[""habitats"",""environments"",""which"",""organisms"",""live"",""habitat"",""synonymous"",""organism""]}",Habitats are environments in which organisms live; habitat is not synonymous with organism.,L132,"[""LEX-W-GEO-003"",""LEX-P-ID-001"",""LEX-P-DET-002"",""LEX-W-BIO-001"",""LEX-W-GEO-002"",""LEX-P-PRON-001"",""LEX-P-PART-001""]",RECEPTIVE_THEN_PRODUCTIVE,W-BIO-006,,"[""presentation"",""practice"",""feedback"",""story"",""evaluation"",""transfer""]",ACTIVE
LEX-W-BIO-007,"[""structures"",""contribute"",""functions"",""important"",""survival""]","{""en-US"":[""structures"",""contribute"",""functions"",""important"",""survival""]}",Structures can contribute to functions important for survival.,L238,"[""LEX-P-ID-001"",""LEX-P-TNS-002"",""LEX-W-BIO-005"",""LEX-P-DET-002"",""LEX-W-BIO-006"",""LEX-P-PRON-001""]",RECEPTIVE_THEN_PRODUCTIVE,W-BIO-007,,"[""presentation"",""practice"",""feedback"",""story"",""evaluation"",""transfer""]",ACTIVE
LEX-W-BIO-008,"[""diet"",""categories"",""concern"",""organisms"",""eat"",""feeding"",""form"",""food""]","{""en-US"":[""diet"",""categories"",""concern"",""organisms"",""eat"",""feeding"",""form"",""food""]}",Diet categories concern what organisms eat; feeding relations can form food chains.,L239,"[""LEX-P-ID-001"",""LEX-W-BIO-005"",""LEX-P-DET-002"",""LEX-W-BIO-004"",""LEX-W-BIO-006"",""LEX-P-PRON-001"",""LEX-P-PART-001""]",RECEPTIVE_THEN_PRODUCTIVE,W-BIO-008,,"[""presentation"",""practice"",""feedback"",""story"",""evaluation"",""transfer""]",ACTIVE
LEX-W-BIO-009,"[""predator"",""prey"",""describe"",""ecological"",""interaction"",""permanent"",""moral"",""categories""]","{""en-US"":[""predator"",""prey"",""describe"",""ecological"",""interaction"",""permanent"",""moral"",""categories""]}","Predator and prey describe an ecological interaction, not permanent moral categories.",L240,"[""LEX-W-BIO-008"",""LEX-P-ID-001"",""LEX-P-DET-002"",""LEX-P-PRON-001"",""LEX-P-PART-001""]",RECEPTIVE_THEN_PRODUCTIVE,W-BIO-009,,"[""presentation"",""practice"",""feedback"",""story"",""evaluation"",""transfer""]",ACTIVE
LEX-W-BIO-010,"[""animal"",""life"",""cycles"",""include"",""development"",""reproduction"",""parent"",""offspring""]","{""en-US"":[""animal"",""life"",""cycles"",""include"",""development"",""reproduction"",""parent"",""offspring""]}",Animal life cycles include development and reproduction; parent and offspring are distinct individuals.,L242,"[""LEX-W-TIME-002"",""LEX-P-ID-001"",""LEX-P-TNS-002"",""LEX-P-DET-002"",""LEX-W-BIO-004"",""LEX-P-PRON-001""]",RECEPTIVE_THEN_PRODUCTIVE,W-BIO-010,,"[""presentation"",""practice"",""feedback"",""story"",""evaluation"",""transfer""]",ACTIVE
LEX-W-BIO-011,"[""offspring"",""resemble"",""parents"",""varying"",""them"",""another""]","{""en-US"":[""offspring"",""resemble"",""parents"",""varying"",""them"",""another""]}",Offspring can resemble parents while varying from them and from one another.,L243,"[""LEX-P-ID-001"",""LEX-P-PRON-001"",""LEX-W-BIO-010"",""LEX-P-DET-002""]",RECEPTIVE_THEN_PRODUCTIVE,W-BIO-011,,"[""presentation"",""practice"",""feedback"",""story"",""evaluation"",""transfer""]",ACTIVE
LEX-W-BIO-012,"[""organisms"",""ecosystems"",""depend"",""affect"",""other"",""environmental"",""resources""]","{""en-US"":[""organisms"",""ecosystems"",""depend"",""affect"",""other"",""environmental"",""resources""]}",Organisms in ecosystems can depend on and affect other organisms and environmental resources.,L246,"[""LEX-W-BIO-008"",""LEX-P-ID-001"",""LEX-P-DET-002"",""LEX-W-BIO-006"",""LEX-P-PRON-001"",""LEX-P-PART-001""]",RECEPTIVE_THEN_PRODUCTIVE,W-BIO-012,,"[""presentation"",""practice"",""feedback"",""story"",""evaluation"",""transfer""]",ACTIVE
LEX-W-BIO-013,"[""pollination"",""seed"",""dispersal"",""transfer"",""processes"",""involve"",""wind"",""animals""]","{""en-US"":[""pollination"",""seed"",""dispersal"",""transfer"",""processes"",""involve"",""wind"",""animals""]}","Pollination and seed dispersal are transfer processes that may involve wind, animals, or other mechanisms.",L126,"[""LEX-P-ID-001"",""LEX-P-TNS-002"",""LEX-W-BIO-003"",""LEX-P-DET-002"",""LEX-W-BIO-002"",""LEX-P-PRON-001""]",RECEPTIVE_THEN_PRODUCTIVE,W-BIO-013,,"[""presentation"",""practice"",""feedback"",""story"",""evaluation"",""transfer""]",ACTIVE
LEX-W-BIO-014,"[""decomposers"",""contribute"",""breakdown"",""dead"",""organic"",""material""]","{""en-US"":[""decomposers"",""contribute"",""breakdown"",""dead"",""organic"",""material""]}",Decomposers contribute to breakdown of dead organic material.,L248,"[""LEX-P-ID-001"",""LEX-P-DET-002"",""LEX-W-BIO-001"",""LEX-P-PRON-001"",""LEX-P-PART-001"",""LEX-W-BIO-012""]",RECEPTIVE_THEN_PRODUCTIVE,W-BIO-014,,"[""presentation"",""practice"",""feedback"",""story"",""evaluation"",""transfer""]",ACTIVE
LEX-W-BODY-001,"[""human"",""body"",""has"",""major"",""external"",""parts"",""organized"",""part""]","{""en-US"":[""human"",""body"",""has"",""major"",""external"",""parts"",""organized"",""part""]}",A human body has major external parts organized by part–whole relations.,L120,"[""LEX-P-ID-001"",""LEX-P-TNS-002"",""LEX-P-DET-002"",""LEX-W-BIO-001"",""LEX-P-PRON-001""]",RECEPTIVE_THEN_PRODUCTIVE,W-BODY-001,,"[""presentation"",""practice"",""feedback"",""story"",""evaluation"",""transfer""]",ACTIVE
LEX-W-BODY-002,"[""sensory"",""systems"",""provide"",""information"",""vision"",""hearing"",""smell"",""taste""]","{""en-US"":[""sensory"",""systems"",""provide"",""information"",""vision"",""hearing"",""smell"",""taste""]}","Sensory systems provide information through vision, hearing, smell, taste, and touch.",L225,"[""LEX-P-ID-001"",""LEX-P-TNS-002"",""LEX-P-DET-002"",""LEX-W-BODY-001"",""LEX-P-PRON-001"",""LEX-W-EPI-004""]",RECEPTIVE_THEN_PRODUCTIVE,W-BODY-002,,"[""presentation"",""practice"",""feedback"",""story"",""evaluation"",""transfer""]",ACTIVE
LEX-W-BODY-003,"[""emotions"",""internal"",""states"",""externally"",""observable"",""behavior"",""related"",""but""]","{""en-US"":[""emotions"",""internal"",""states"",""externally"",""observable"",""behavior"",""related"",""but""]}",Emotions/internal states and externally observable behavior are related but not identical.,L181,"[""LEX-W-EPI-001"",""LEX-P-ID-001"",""LEX-P-TNS-002"",""LEX-P-DET-002"",""LEX-P-PRON-001""]",RECEPTIVE_THEN_PRODUCTIVE,W-BODY-003,,"[""presentation"",""practice"",""feedback"",""story"",""evaluation"",""transfer""]",ACTIVE
LEX-W-BODY-004,"[""symptoms"",""experienced"",""reported"",""states"",""motivate"",""health-related"",""action"",""without""]","{""en-US"":[""symptoms"",""experienced"",""reported"",""states"",""motivate"",""health-related"",""action"",""without""]}",Symptoms are experienced/reported states that can motivate health-related action without themselves uniquely determining a diagnosis.,L227,"[""LEX-P-ID-001"",""LEX-P-TNS-002"",""LEX-P-DET-002"",""LEX-W-BODY-001"",""LEX-P-PRON-001"",""LEX-W-BODY-002"",""LEX-W-BODY-003""]",RECEPTIVE_THEN_PRODUCTIVE,W-BODY-004,,"[""presentation"",""practice"",""feedback"",""story"",""evaluation"",""transfer""]",ACTIVE
LEX-W-BODY-005,"[""body"",""systems"",""decomposed"",""interacting"",""subsystems"",""rather"",""taught"",""c""]","{""en-US"":[""body"",""systems"",""decomposed"",""interacting"",""subsystems"",""rather"",""taught"",""c""]}",Body systems are decomposed into interacting subsystems rather than taught as one C123 mega-lesson.,L250,"[""LEX-P-ID-001"",""LEX-P-TNS-002"",""LEX-P-DET-002"",""LEX-W-BODY-001"",""LEX-P-PRON-001"",""LEX-W-BODY-002""]",RECEPTIVE_THEN_PRODUCTIVE,W-BODY-005,,"[""presentation"",""practice"",""feedback"",""story"",""evaluation"",""transfer""]",ACTIVE
LEX-W-BODY-006,"[""support"",""movement"",""breathing"",""body"",""functions"",""interacting"",""structures""]","{""en-US"":[""support"",""movement"",""breathing"",""body"",""functions"",""interacting"",""structures""]}",Support/movement and breathing are distinct body functions with interacting structures.,L251,"[""LEX-P-ID-001"",""LEX-P-TNS-002"",""LEX-P-DET-002"",""LEX-W-BODY-005"",""LEX-P-PRON-001""]",RECEPTIVE_THEN_PRODUCTIVE,W-BODY-006,,"[""presentation"",""practice"",""feedback"",""story"",""evaluation"",""transfer""]",ACTIVE
LEX-W-BODY-007,"[""circulation"",""transports"",""materials"",""body""]","{""en-US"":[""circulation"",""transports"",""materials"",""body""]}",Circulation transports materials through the body.,L252,"[""LEX-P-ID-001"",""LEX-P-TNS-002"",""LEX-P-DET-002"",""LEX-W-BODY-005"",""LEX-P-PRON-001""]",RECEPTIVE_THEN_PRODUCTIVE,W-BODY-007,,"[""presentation"",""practice"",""feedback"",""story"",""evaluation"",""transfer""]",ACTIVE
LEX-W-BODY-008,"[""digestion"",""transforms"",""moves"",""food"",""ordered"",""process""]","{""en-US"":[""digestion"",""transforms"",""moves"",""food"",""ordered"",""process""]}",Digestion transforms and moves food through an ordered process.,L253,"[""LEX-P-ID-001"",""LEX-P-TNS-002"",""LEX-P-DET-002"",""LEX-W-BODY-005"",""LEX-P-PRON-001""]",RECEPTIVE_THEN_PRODUCTIVE,W-BODY-008,,"[""presentation"",""practice"",""feedback"",""story"",""evaluation"",""transfer""]",ACTIVE
LEX-W-BODY-009,"[""brain"",""nerves"",""participate"",""receiving"",""coordinating"",""information""]","{""en-US"":[""brain"",""nerves"",""participate"",""receiving"",""coordinating"",""information""]}",Brain/nerves participate in receiving and coordinating information.,L254,"[""LEX-P-ID-001"",""LEX-P-TNS-002"",""LEX-P-DET-002"",""LEX-W-BODY-005"",""LEX-P-PRON-001"",""LEX-W-BODY-002""]",RECEPTIVE_THEN_PRODUCTIVE,W-BODY-009,,"[""presentation"",""practice"",""feedback"",""story"",""evaluation"",""transfer""]",ACTIVE
LEX-W-BODY-010,"[""germs"",""contribute"",""illness"",""prevention"",""reduces"",""risk"",""but"",""does""]","{""en-US"":[""germs"",""contribute"",""illness"",""prevention"",""reduces"",""risk"",""but"",""does""]}",Germs can contribute to illness; prevention reduces risk but does not imply certainty.,L255,"[""LEX-W-EPI-001"",""LEX-P-ID-001"",""LEX-P-TNS-002"",""LEX-W-BODY-004"",""LEX-P-DET-002"",""LEX-P-PRON-001""]",RECEPTIVE_THEN_PRODUCTIVE,W-BODY-010,,"[""presentation"",""practice"",""feedback"",""story"",""evaluation"",""transfer""]",ACTIVE
LEX-W-CHR-001,"[""Ninereeds"",""Taro"",""Emma"",""Bob"",""Errol"",""name"",""same individual""]","{""en-US"":[""Ninereeds"",""Taro"",""Emma"",""Bob"",""Errol"",""name"",""same individual""]}","Persistent named agents. A name can continue to refer to the same individual across lessons; L000 establishes Ninereeds, Taro, Emma, Bob, Errol and their acquaintance with Ninereeds.",L000,[],RECEPTIVE_THEN_PRODUCTIVE,W-CHR-001,,"[""presentation"",""practice"",""feedback"",""story"",""evaluation"",""transfer""]",ACTIVE
LEX-W-CIV-001,"[""rules"",""laws"",""advice"",""permission"",""prohibition"",""rights"",""responsibilities"",""normative""]","{""en-US"":[""rules"",""laws"",""advice"",""permission"",""prohibition"",""rights"",""responsibilities"",""normative""]}","Rules, laws, advice, permission, prohibition, rights, and responsibilities are distinct normative relations.",L189,"[""LEX-P-ID-001"",""LEX-P-TNS-002"",""LEX-P-DET-002"",""LEX-W-SOC-007"",""LEX-P-PRON-001""]",RECEPTIVE_THEN_PRODUCTIVE,W-CIV-001,,"[""presentation"",""practice"",""feedback"",""story"",""evaluation"",""transfer""]",ACTIVE
LEX-W-CIV-002,"[""governments"",""leaders"",""perform"",""responsibilities"",""collective"",""functions"",""details"",""vary""]","{""en-US"":[""governments"",""leaders"",""perform"",""responsibilities"",""collective"",""functions"",""details"",""vary""]}",Governments/leaders perform responsibilities and collective functions; details vary by polity.,L196,"[""LEX-P-ID-001"",""LEX-P-TNS-002"",""LEX-W-CIV-001"",""LEX-P-DET-002"",""LEX-P-PRON-001""]",RECEPTIVE_THEN_PRODUCTIVE,W-CIV-002,,"[""presentation"",""practice"",""feedback"",""story"",""evaluation"",""transfer""]",ACTIVE
LEX-W-CIV-003,"[""groups"",""make"",""collective"",""choices"",""using"",""procedures"",""voting""]","{""en-US"":[""groups"",""make"",""collective"",""choices"",""using"",""procedures"",""voting""]}",Groups can make collective choices using procedures such as voting.,L197,"[""LEX-W-SOC-004"",""LEX-P-ID-001"",""LEX-P-TNS-002"",""LEX-P-DET-002"",""LEX-W-SOC-003"",""LEX-P-PRON-001""]",RECEPTIVE_THEN_PRODUCTIVE,W-CIV-003,,"[""presentation"",""practice"",""feedback"",""story"",""evaluation"",""transfer""]",ACTIVE
LEX-W-COM-001,"[""sender"",""message"",""receiver""]","{""en-US"":[""sender"",""message"",""receiver""]}","Sender–message–receiver. Communication can involve a sender, transferable message, and receiver.",L029,"[""LEX-W-TEC-001"",""LEX-P-ID-001"",""LEX-P-TNS-002"",""LEX-P-DET-002"",""LEX-P-PRON-001""]",RECEPTIVE_THEN_PRODUCTIVE,W-COM-001,,"[""presentation"",""practice"",""feedback"",""story"",""evaluation"",""transfer""]",ACTIVE
LEX-W-COM-002,"[""communication"",""media"",""include"",""phone"",""email"",""radio"",""other"",""channels""]","{""en-US"":[""communication"",""media"",""include"",""phone"",""email"",""radio"",""other"",""channels""]}","Communication media include phone, email, radio, and other channels; channel and message are distinct.",L156,"[""LEX-P-ID-001"",""LEX-P-TNS-002"",""LEX-P-DET-002"",""LEX-P-PRON-001"",""LEX-W-COM-001""]",RECEPTIVE_THEN_PRODUCTIVE,W-COM-002,,"[""presentation"",""practice"",""feedback"",""story"",""evaluation"",""transfer""]",ACTIVE
LEX-W-COMP-001,"[""computing"",""systems"",""receive"",""inputs"",""produce"",""outputs""]","{""en-US"":[""computing"",""systems"",""receive"",""inputs"",""produce"",""outputs""]}",Computing systems can receive inputs and produce outputs.,L159,"[""LEX-P-ID-001"",""LEX-P-TNS-002"",""LEX-P-DET-002"",""LEX-P-PRON-001"",""LEX-W-TEC-002""]",RECEPTIVE_THEN_PRODUCTIVE,W-COMP-001,,"[""presentation"",""practice"",""feedback"",""story"",""evaluation"",""transfer""]",ACTIVE
LEX-W-COMP-002,"[""files"",""records"",""data"",""stored"",""storage"",""location"",""represented"",""information""]","{""en-US"":[""files"",""records"",""data"",""stored"",""storage"",""location"",""represented"",""information""]}","Files, records, and data can be stored; storage location and represented information are distinct.",L160,"[""LEX-P-ID-001"",""LEX-P-TNS-002"",""LEX-W-REP-001"",""LEX-P-DET-002"",""LEX-P-PRON-001"",""LEX-W-COMP-001""]",RECEPTIVE_THEN_PRODUCTIVE,W-COMP-002,,"[""presentation"",""practice"",""feedback"",""story"",""evaluation"",""transfer""]",ACTIVE
LEX-W-COMP-003,"[""network"",""contains"",""connected"",""nodes"",""links"",""which"",""information"",""move""]","{""en-US"":[""network"",""contains"",""connected"",""nodes"",""links"",""which"",""information"",""move""]}",A network contains connected nodes and links over which information may move.,L161,"[""LEX-P-ID-001"",""LEX-W-GEO-001"",""LEX-P-TNS-002"",""LEX-P-DET-002"",""LEX-P-PRON-001"",""LEX-W-COM-001""]",RECEPTIVE_THEN_PRODUCTIVE,W-COMP-003,,"[""presentation"",""practice"",""feedback"",""story"",""evaluation"",""transfer""]",ACTIVE
LEX-W-COMP-004,"[""paths"",""addresses"",""routing"",""local"",""distant"",""connections"",""failures"",""network""]","{""en-US"":[""paths"",""addresses"",""routing"",""local"",""distant"",""connections"",""failures"",""network""]}","Paths, addresses, routing, local/distant connections, and failures are distinct network concepts.",L163,"[""LEX-P-ID-001"",""LEX-P-TNS-002"",""LEX-P-DET-002"",""LEX-W-COMP-003"",""LEX-P-PRON-001""]",RECEPTIVE_THEN_PRODUCTIVE,W-COMP-004,,"[""presentation"",""practice"",""feedback"",""story"",""evaluation"",""transfer""]",ACTIVE
LEX-W-COMP-005,"[""internet"",""networked"",""system"",""rather"",""single"",""device"",""location""]","{""en-US"":[""internet"",""networked"",""system"",""rather"",""single"",""device"",""location""]}",The Internet is a networked system rather than a single device or single location.,L164,"[""LEX-P-ID-001"",""LEX-P-TNS-002"",""LEX-P-DET-002"",""LEX-W-COMP-003"",""LEX-P-PRON-001"",""LEX-W-COMP-004""]",RECEPTIVE_THEN_PRODUCTIVE,W-COMP-005,,"[""presentation"",""practice"",""feedback"",""story"",""evaluation"",""transfer""]",ACTIVE
LEX-W-COMP-006,"[""looking"",""information"",""successfully"",""finding"",""it"",""events""]","{""en-US"":[""looking"",""information"",""successfully"",""finding"",""it"",""events""]}",Looking for information and successfully finding it are different events.,L202,"[""LEX-P-ID-001"",""LEX-P-TNS-002"",""LEX-P-DET-002"",""LEX-P-PRON-001"",""LEX-W-EPI-005""]",RECEPTIVE_THEN_PRODUCTIVE,W-COMP-006,,"[""presentation"",""practice"",""feedback"",""story"",""evaluation"",""transfer""]",ACTIVE
LEX-W-COMP-007,"[""algorithm"",""ordered"",""procedure"",""include"",""conditional"",""branches""]","{""en-US"":[""algorithm"",""ordered"",""procedure"",""include"",""conditional"",""branches""]}",An algorithm is an ordered procedure that may include conditional branches.,L165,"[""LEX-P-ID-001"",""LEX-P-TNS-002"",""LEX-W-EVT-002"",""LEX-P-DET-002"",""LEX-P-PRON-001""]",RECEPTIVE_THEN_PRODUCTIVE,W-COMP-007,,"[""presentation"",""practice"",""feedback"",""story"",""evaluation"",""transfer""]",ACTIVE
LEX-W-COMP-008,"[""programs"",""contain"",""instructions"",""interpreted"",""executed"",""computing"",""systems""]","{""en-US"":[""programs"",""contain"",""instructions"",""interpreted"",""executed"",""computing"",""systems""]}",Programs contain instructions interpreted/executed by computing systems.,L166,"[""LEX-P-ID-001"",""LEX-P-TNS-002"",""LEX-P-DET-002"",""LEX-P-PRON-001"",""LEX-W-COMP-001"",""LEX-W-COMP-007""]",RECEPTIVE_THEN_PRODUCTIVE,W-COMP-008,,"[""presentation"",""practice"",""feedback"",""story"",""evaluation"",""transfer""]",ACTIVE
LEX-W-COMP-009,"[""debugging"",""systematic"",""diagnosis"",""revision"",""after"",""observed"",""failure"",""error""]","{""en-US"":[""debugging"",""systematic"",""diagnosis"",""revision"",""after"",""observed"",""failure"",""error""]}",Debugging is systematic diagnosis/revision after observed failure or error.,L265,"[""LEX-W-EPI-002"",""LEX-W-ENG-002"",""LEX-P-ID-001"",""LEX-P-TNS-002"",""LEX-P-DET-002"",""LEX-P-PRON-001"",""LEX-W-COMP-008""]",RECEPTIVE_THEN_PRODUCTIVE,W-COMP-009,,"[""presentation"",""practice"",""feedback"",""story"",""evaluation"",""transfer""]",ACTIVE
LEX-W-COMP-010,"[""automation"",""allows"",""system"",""perform"",""assigned"",""operations"",""without"",""person""]","{""en-US"":[""automation"",""allows"",""system"",""perform"",""assigned"",""operations"",""without"",""person""]}",Automation allows a system to perform assigned operations without a person manually doing every step.,L169,"[""LEX-P-ID-001"",""LEX-P-TNS-002"",""LEX-P-DET-002"",""LEX-P-PRON-001"",""LEX-W-COMP-007"",""LEX-W-COMP-008""]",RECEPTIVE_THEN_PRODUCTIVE,W-COMP-010,,"[""presentation"",""practice"",""feedback"",""story"",""evaluation"",""transfer""]",ACTIVE
LEX-W-CUL-001,"[""customs"",""traditions"",""vary"",""across"",""groups"",""universal"",""human"",""rules""]","{""en-US"":[""customs"",""traditions"",""vary"",""across"",""groups"",""universal"",""human"",""rules""]}",Customs and traditions vary across groups and are not universal human rules.,L176,"[""LEX-W-SOC-009"",""LEX-P-PRON-001"",""LEX-P-ID-001"",""LEX-P-DET-002""]",RECEPTIVE_THEN_PRODUCTIVE,W-CUL-001,,"[""presentation"",""practice"",""feedback"",""story"",""evaluation"",""transfer""]",ACTIVE
LEX-W-CUL-002,"[""languages"",""writing"",""systems"",""conventional"",""symbolic"",""differ""]","{""en-US"":[""languages"",""writing"",""systems"",""conventional"",""symbolic"",""differ""]}",Languages and writing systems are conventional symbolic systems and can differ.,L177,"[""LEX-P-ID-001"",""LEX-P-PRON-001"",""LEX-P-DET-002"",""LEX-W-REP-003""]",RECEPTIVE_THEN_PRODUCTIVE,W-CUL-002,,"[""presentation"",""practice"",""feedback"",""story"",""evaluation"",""transfer""]",ACTIVE
LEX-W-CUL-003,"[""beliefs"",""worldviews"",""attributed"",""people"",""traditions"",""differing"",""represented""]","{""en-US"":[""beliefs"",""worldviews"",""attributed"",""people"",""traditions"",""differing"",""represented""]}",Beliefs/worldviews are attributed to people or traditions; differing beliefs can be represented without curricular endorsement.,L214,"[""LEX-W-SOC-004"",""LEX-W-EPI-001"",""LEX-P-ID-001"",""LEX-P-DET-002"",""LEX-P-PRON-001"",""LEX-P-CAU-001""]",RECEPTIVE_THEN_PRODUCTIVE,W-CUL-003,,"[""presentation"",""practice"",""feedback"",""story"",""evaluation"",""transfer""]",ACTIVE
LEX-W-CUL-004,"[""celebrations"",""ceremonies"",""have"",""culturally"",""situated"",""purposes"",""forms""]","{""en-US"":[""celebrations"",""ceremonies"",""have"",""culturally"",""situated"",""purposes"",""forms""]}",Celebrations/ceremonies have culturally situated purposes and forms.,L178,"[""LEX-P-DET-002"",""LEX-P-ID-001"",""LEX-P-PRON-001"",""LEX-W-CUL-001""]",RECEPTIVE_THEN_PRODUCTIVE,W-CUL-004,,"[""presentation"",""practice"",""feedback"",""story"",""evaluation"",""transfer""]",ACTIVE
LEX-W-DATA-001,"[""tables"",""charts"",""representations"",""data"",""measured"",""entities"",""themselves""]","{""en-US"":[""tables"",""charts"",""representations"",""data"",""measured"",""entities"",""themselves""]}","Tables and charts are representations of data, not the measured entities themselves.",L167,"[""LEX-P-ID-001"",""LEX-W-REP-001"",""LEX-P-DET-002"",""LEX-W-MATH-001"",""LEX-P-PRON-001"",""LEX-P-REP-001""]",RECEPTIVE_THEN_PRODUCTIVE,W-DATA-001,,"[""presentation"",""practice"",""feedback"",""story"",""evaluation"",""transfer""]",ACTIVE
LEX-W-DATA-002,"[""trends"",""describe"",""changes"",""relationships"",""across"",""data"",""rather"",""individual""]","{""en-US"":[""trends"",""describe"",""changes"",""relationships"",""across"",""data"",""rather"",""individual""]}",Trends describe changes/relationships across data rather than individual observations.,L168,"[""LEX-P-ID-001"",""LEX-P-DET-002"",""LEX-W-MATH-002"",""LEX-P-PRON-001"",""LEX-P-REP-001"",""LEX-W-DATA-001""]",RECEPTIVE_THEN_PRODUCTIVE,W-DATA-002,,"[""presentation"",""practice"",""feedback"",""story"",""evaluation"",""transfer""]",ACTIVE
LEX-W-EAR-001,"[""weather"",""state"",""atmospheric"",""conditions"",""described"",""measured""]","{""en-US"":[""weather"",""state"",""atmospheric"",""conditions"",""described"",""measured""]}",Weather is a state of atmospheric conditions that can be described and measured.,L076,"[""LEX-P-ID-001"",""LEX-P-TNS-002"",""LEX-P-DET-002"",""LEX-W-MATH-009"",""LEX-P-PRON-001""]",RECEPTIVE_THEN_PRODUCTIVE,W-EAR-001,,"[""presentation"",""practice"",""feedback"",""story"",""evaluation"",""transfer""]",ACTIVE
LEX-W-EAR-002,"[""weather"",""patterns"",""seasons"",""concern"",""recurrence"",""time"",""guarantees"",""about""]","{""en-US"":[""weather"",""patterns"",""seasons"",""concern"",""recurrence"",""time"",""guarantees"",""about""]}","Weather patterns and seasons concern recurrence over time, not guarantees about individual days.",L113,"[""LEX-W-TIME-003"",""LEX-P-ID-001"",""LEX-P-TNS-002"",""LEX-P-DET-002"",""LEX-W-EAR-001"",""LEX-P-PRON-001""]",RECEPTIVE_THEN_PRODUCTIVE,W-EAR-002,,"[""presentation"",""practice"",""feedback"",""story"",""evaluation"",""transfer""]",ACTIVE
LEX-W-EAR-003,"[""water-cycle"",""processes"",""transformations"",""movements"",""form"",""cycle""]","{""en-US"":[""water-cycle"",""processes"",""transformations"",""movements"",""form"",""cycle""]}",Water-cycle processes are distinct transformations/movements that can form a cycle.,L115,"[""LEX-P-ID-001"",""LEX-W-MAT-003"",""LEX-P-TNS-002"",""LEX-P-DET-002"",""LEX-P-PRON-001"",""LEX-W-MAT-004""]",RECEPTIVE_THEN_PRODUCTIVE,W-EAR-003,,"[""presentation"",""practice"",""feedback"",""story"",""evaluation"",""transfer""]",ACTIVE
LEX-W-EAR-004,"[""natural"",""resources"",""have"",""sources"",""uses"",""waste"",""reuse"",""recycling""]","{""en-US"":[""natural"",""resources"",""have"",""sources"",""uses"",""waste"",""reuse"",""recycling""]}","Natural resources have sources and uses; waste, reuse, recycling, and conservation are distinct responses.",L117,"[""LEX-P-ID-001"",""LEX-P-TNS-002"",""LEX-P-DET-002"",""LEX-W-MAT-001"",""LEX-P-PRON-001"",""LEX-W-TEC-002""]",RECEPTIVE_THEN_PRODUCTIVE,W-EAR-004,,"[""presentation"",""practice"",""feedback"",""story"",""evaluation"",""transfer""]",ACTIVE
LEX-W-EAR-005,"[""atmosphere"",""water"",""land"",""living"",""systems"",""interact""]","{""en-US"":[""atmosphere"",""water"",""land"",""living"",""systems"",""interact""]}","Atmosphere, water, land, and living systems interact.",L259,"[""LEX-P-ID-001"",""LEX-W-EAR-003"",""LEX-P-TNS-002"",""LEX-P-DET-002"",""LEX-P-PRON-001"",""LEX-W-EAR-004"",""LEX-W-BIO-012""]",RECEPTIVE_THEN_PRODUCTIVE,W-EAR-005,,"[""presentation"",""practice"",""feedback"",""story"",""evaluation"",""transfer""]",ACTIVE
LEX-W-ECO-001,"[""price"",""money"",""quantify"",""exchange"",""value"",""transaction""]","{""en-US"":[""price"",""money"",""quantify"",""exchange"",""value"",""transaction""]}",Price and money quantify exchange value in a transaction.,L085,"[""LEX-P-ID-001"",""LEX-P-TNS-002"",""LEX-W-OBJ-002"",""LEX-P-DET-002"",""LEX-W-MATH-001"",""LEX-P-PRON-001""]",RECEPTIVE_THEN_PRODUCTIVE,W-ECO-001,,"[""presentation"",""practice"",""feedback"",""story"",""evaluation"",""transfer""]",ACTIVE
LEX-W-ECO-002,"[""sufficiency"",""available"",""quantity"",""resources"",""meet"",""requirement""]","{""en-US"":[""sufficiency"",""available"",""quantity"",""resources"",""meet"",""requirement""]}",Sufficiency: available quantity/resources may or may not meet a requirement.,L087,"[""LEX-P-ID-001"",""LEX-P-TNS-002"",""LEX-W-PSY-001"",""LEX-P-DET-002"",""LEX-W-MATH-002"",""LEX-P-PRON-001""]",RECEPTIVE_THEN_PRODUCTIVE,W-ECO-002,,"[""presentation"",""practice"",""feedback"",""story"",""evaluation"",""transfer""]",ACTIVE
LEX-W-ECO-003,"[""goods"",""services"",""distinguish"",""produced"",""provided"",""things"",""activities""]","{""en-US"":[""goods"",""services"",""distinguish"",""produced"",""provided"",""things"",""activities""]}",Goods and services distinguish produced/provided things from activities.,L145,"[""LEX-P-ID-001"",""LEX-P-TNS-002"",""LEX-P-DET-002"",""LEX-P-PRON-001"",""LEX-W-TEC-002""]",RECEPTIVE_THEN_PRODUCTIVE,W-ECO-003,,"[""presentation"",""practice"",""feedback"",""story"",""evaluation"",""transfer""]",ACTIVE
LEX-W-ECO-004,"[""jobs"",""connect"",""roles"",""workplaces"",""employers"",""organizations"",""activities""]","{""en-US"":[""jobs"",""connect"",""roles"",""workplaces"",""employers"",""organizations"",""activities""]}","Jobs connect roles, workplaces, employers/organizations, and activities.",L146,"[""LEX-P-ID-001"",""LEX-P-TNS-002"",""LEX-P-DET-002"",""LEX-P-PRON-001"",""LEX-W-SOC-010""]",RECEPTIVE_THEN_PRODUCTIVE,W-ECO-004,,"[""presentation"",""practice"",""feedback"",""story"",""evaluation"",""transfer""]",ACTIVE
LEX-W-ECO-005,"[""production"",""occur"",""farms"",""factories"",""workshops"",""service"",""systems""]","{""en-US"":[""production"",""occur"",""farms"",""factories"",""workshops"",""service"",""systems""]}","Production can occur through farms, factories, workshops, and service systems.",L148,"[""LEX-P-ID-001"",""LEX-P-TNS-002"",""LEX-P-DET-002"",""LEX-P-PRON-001"",""LEX-W-ECO-003"",""LEX-W-ECO-004""]",RECEPTIVE_THEN_PRODUCTIVE,W-ECO-005,,"[""presentation"",""practice"",""feedback"",""story"",""evaluation"",""transfer""]",ACTIVE
LEX-W-ECO-006,"[""supply"",""chains"",""connect"",""stages"",""production"",""movement"",""provision""]","{""en-US"":[""supply"",""chains"",""connect"",""stages"",""production"",""movement"",""provision""]}","Supply chains connect stages of production, movement, and provision.",L149,"[""LEX-P-ID-001"",""LEX-W-GEO-001"",""LEX-P-TNS-002"",""LEX-P-DET-002"",""LEX-P-PRON-001"",""LEX-W-ECO-005""]",RECEPTIVE_THEN_PRODUCTIVE,W-ECO-006,,"[""presentation"",""practice"",""feedback"",""story"",""evaluation"",""transfer""]",ACTIVE
LEX-W-ECO-007,"[""buying"",""selling"",""saving"",""spending"",""scarcity"",""trade"",""exchange"",""resource""]","{""en-US"":[""buying"",""selling"",""saving"",""spending"",""scarcity"",""trade"",""exchange"",""resource""]}","Buying/selling, saving/spending, scarcity, and trade are distinct exchange/resource relations.",L150,"[""LEX-P-ID-001"",""LEX-P-TNS-002"",""LEX-W-ECO-003"",""LEX-W-ECO-002"",""LEX-P-DET-002"",""LEX-P-PRON-001"",""LEX-W-ECO-001""]",RECEPTIVE_THEN_PRODUCTIVE,W-ECO-007,,"[""presentation"",""practice"",""feedback"",""story"",""evaluation"",""transfer""]",ACTIVE
LEX-W-ENG-001,"[""machines"",""systems"",""consist"",""interacting"",""parts"",""part"",""failure"",""affect""]","{""en-US"":[""machines"",""systems"",""consist"",""interacting"",""parts"",""part"",""failure"",""affect""]}",Machines/systems consist of interacting parts; part failure can affect system behavior.,L111,"[""LEX-P-ID-001"",""LEX-P-TNS-002"",""LEX-W-OBJ-001"",""LEX-P-DET-002"",""LEX-P-PRON-001"",""LEX-W-TEC-002""]",RECEPTIVE_THEN_PRODUCTIVE,W-ENG-001,,"[""presentation"",""practice"",""feedback"",""story"",""evaluation"",""transfer""]",ACTIVE
LEX-W-ENG-002,"[""engineering"",""proceeds"",""problem"",""requirement"",""proposed"",""solution"",""test"",""observed""]","{""en-US"":[""engineering"",""proceeds"",""problem"",""requirement"",""proposed"",""solution"",""test"",""observed""]}",Engineering proceeds through problem/requirement → proposed solution → test → observed result → revision.,L234,"[""LEX-P-ID-001"",""LEX-P-TNS-002"",""LEX-W-EVT-002"",""LEX-P-DET-002"",""LEX-P-PRON-001"",""LEX-W-EPI-004""]",RECEPTIVE_THEN_PRODUCTIVE,W-ENG-002,,"[""presentation"",""practice"",""feedback"",""story"",""evaluation"",""transfer""]",ACTIVE
LEX-W-EPI-001,"[""knowledge"",""ignorance""]","{""en-US"":[""knowledge"",""ignorance""]}","Knowledge and ignorance. An agent may know something, not know it, or ask another agent who may know.",L180,"[""LEX-W-CHR-001"",""LEX-P-TNS-002"",""LEX-P-NEG-001"",""LEX-P-ID-001"",""LEX-P-Q-006""]",RECEPTIVE_THEN_PRODUCTIVE,W-EPI-001,,"[""presentation"",""practice"",""feedback"",""story"",""evaluation"",""transfer""]",ACTIVE
LEX-W-EPI-002,"[""belief"",""correction""]","{""en-US"":[""belief"",""correction""]}",Belief correction. An earlier belief or statement can be wrong and later corrected without changing the speaker's identity.,L218,"[""LEX-W-EPI-001"",""LEX-P-ID-001"",""LEX-P-EPI-001"",""LEX-P-TNS-003"",""LEX-P-TIME-001""]",RECEPTIVE_THEN_PRODUCTIVE,W-EPI-002,,"[""presentation"",""practice"",""feedback"",""story"",""evaluation"",""transfer""]",ACTIVE
LEX-W-EPI-003,"[""source"",""content""]","{""en-US"":[""source"",""content""]}",Source vs content. Who supplied a statement and what the statement says are different pieces of information.,L199,"[""LEX-W-EPI-001"",""LEX-P-ID-001"",""LEX-P-EPI-001"",""LEX-P-COM-001"",""LEX-P-PRON-001"",""LEX-W-COM-001""]",RECEPTIVE_THEN_PRODUCTIVE,W-EPI-003,,"[""presentation"",""practice"",""feedback"",""story"",""evaluation"",""transfer""]",ACTIVE
LEX-W-EPI-004,"[""observation"",""inference""]","{""en-US"":[""observation"",""inference""]}",Observation vs inference. What is directly observed is distinct from a conclusion drawn from observations plus prior knowledge.,L224,"[""LEX-W-EPI-002"",""LEX-W-EPI-001"",""LEX-P-ID-001"",""LEX-P-EPI-001"",""LEX-P-TNS-003"",""LEX-P-EPI-002""]",RECEPTIVE_THEN_PRODUCTIVE,W-EPI-004,,"[""presentation"",""practice"",""feedback"",""story"",""evaluation"",""transfer""]",ACTIVE
LEX-W-EPI-005,"[""books"",""reports"",""news"",""references"",""information"",""sources"",""provenance""]","{""en-US"":[""books"",""reports"",""news"",""references"",""information"",""sources"",""provenance""]}","Books, reports, news, and references are information sources with provenance.",L200,"[""LEX-P-TNS-002"",""LEX-P-ID-001"",""LEX-P-COM-001"",""LEX-W-EPI-003"",""LEX-P-REP-001""]",RECEPTIVE_THEN_PRODUCTIVE,W-EPI-005,,"[""presentation"",""practice"",""feedback"",""story"",""evaluation"",""transfer""]",ACTIVE
LEX-W-EPI-006,"[""fact"",""opinion"",""knowledge"",""belief"",""preference"",""overlapping"",""but"",""nonidentical""]","{""en-US"":[""fact"",""opinion"",""knowledge"",""belief"",""preference"",""overlapping"",""but"",""nonidentical""]}","Fact, opinion, knowledge, belief, and preference are overlapping but nonidentical epistemic categories.",L272,"[""LEX-P-ID-001"",""LEX-P-EPI-001"",""LEX-P-DET-002"",""LEX-W-EPI-002"",""LEX-P-DISC-001"",""LEX-W-EPI-001"",""LEX-W-EPI-003"",""LEX-W-EPI-004""]",RECEPTIVE_THEN_PRODUCTIVE,W-EPI-006,,"[""presentation"",""practice"",""feedback"",""story"",""evaluation"",""transfer""]",ACTIVE
LEX-W-EPI-007,"[""claims"",""supported"",""evidence"",""has"",""sources"",""support""]","{""en-US"":[""claims"",""supported"",""evidence"",""has"",""sources"",""support""]}",Claims may be supported by evidence; evidence has sources and may support claims to differing degrees.,L276,"[""LEX-P-ID-001"",""LEX-P-EPI-003"",""LEX-W-EPI-004"",""LEX-P-SRC-001"",""LEX-W-EPI-003"",""LEX-P-CAU-001"",""LEX-W-EPI-005""]",RECEPTIVE_THEN_PRODUCTIVE,W-EPI-007,,"[""presentation"",""practice"",""feedback"",""story"",""evaluation"",""transfer""]",ACTIVE
LEX-W-EPI-008,"[""uncertainty"",""admits"",""degrees"",""prediction"",""certainty""]","{""en-US"":[""uncertainty"",""admits"",""degrees"",""prediction"",""certainty""]}",Uncertainty admits degrees; prediction is not certainty.,L278,"[""LEX-W-EPI-001"",""LEX-P-ID-001"",""LEX-P-GEN-001"",""LEX-W-DATA-002"",""LEX-P-DET-002"",""LEX-P-MOD-004""]",RECEPTIVE_THEN_PRODUCTIVE,W-EPI-008,,"[""presentation"",""practice"",""feedback"",""story"",""evaluation"",""transfer""]",ACTIVE
LEX-W-EPI-009,"[""definitions"",""specify"",""intended"",""meanings"",""examples"",""perform"",""functions""]","{""en-US"":[""definitions"",""specify"",""intended"",""meanings"",""examples"",""perform"",""functions""]}",Definitions specify intended meanings; definitions and examples perform different functions.,L279,"[""LEX-P-ID-001"",""LEX-P-DET-002"",""LEX-W-REP-003"",""LEX-P-PRON-001"",""LEX-P-DEF-001""]",RECEPTIVE_THEN_PRODUCTIVE,W-EPI-009,,"[""presentation"",""practice"",""feedback"",""story"",""evaluation"",""transfer""]",ACTIVE
LEX-W-EPI-010,"[""classification"",""organizes"",""entities"",""shared"",""criteria"",""category"",""membership"",""nested""]","{""en-US"":[""classification"",""organizes"",""entities"",""shared"",""criteria"",""category"",""membership"",""nested""]}",Classification organizes entities by shared criteria; category membership may be nested.,L280,"[""LEX-P-CLASS-001"",""LEX-P-ID-001"",""LEX-P-DET-002"",""LEX-W-BIO-004"",""LEX-W-EPI-009"",""LEX-P-DEF-001""]",RECEPTIVE_THEN_PRODUCTIVE,W-EPI-010,,"[""presentation"",""practice"",""feedback"",""story"",""evaluation"",""transfer""]",ACTIVE
LEX-W-EPI-011,"[""similarity"",""difference"",""depend"",""property"",""criterion"",""being"",""compared""]","{""en-US"":[""similarity"",""difference"",""depend"",""property"",""criterion"",""being"",""compared""]}",Similarity and difference depend on the property or criterion being compared.,L281,"[""LEX-W-OBJ-003"",""LEX-P-ID-001"",""LEX-P-SIM-001"",""LEX-P-CMP-002"",""LEX-P-DET-002"",""LEX-W-EPI-010""]",RECEPTIVE_THEN_PRODUCTIVE,W-EPI-011,,"[""presentation"",""practice"",""feedback"",""story"",""evaluation"",""transfer""]",ACTIVE
LEX-W-EPI-012,"[""memory"",""stored"",""retrieved"",""information"",""about"",""prior"",""experience"",""differ""]","{""en-US"":[""memory"",""stored"",""retrieved"",""information"",""about"",""prior"",""experience"",""differ""]}",Memory is stored/retrieved information about prior experience and can differ from current observation.,L286,"[""LEX-P-ID-001"",""LEX-P-EPI-001"",""LEX-P-TNS-003"",""LEX-P-DET-002"",""LEX-W-EPI-002"",""LEX-W-TIME-003"",""LEX-W-EPI-001"",""LEX-W-EPI-003"",""LEX-W-EPI-004""]",RECEPTIVE_THEN_PRODUCTIVE,W-EPI-012,,"[""presentation"",""practice"",""feedback"",""story"",""evaluation"",""transfer""]",ACTIVE
LEX-W-EVT-001,"[""action"",""state"",""routine""]","{""en-US"":[""action"",""state"",""routine""]}","Action, state, and routine. Something happening now differs from a recurring routine or relatively stable state.",L014,"[""LEX-W-CHR-001"",""LEX-P-ID-001"",""LEX-W-OBJ-001"",""LEX-P-SPAT-001"",""LEX-P-DET-002"",""LEX-P-PRON-001""]",RECEPTIVE_THEN_PRODUCTIVE,W-EVT-001,,"[""presentation"",""practice"",""feedback"",""story"",""evaluation"",""transfer""]",ACTIVE
LEX-W-EVT-002,"[""procedure""]","{""en-US"":[""procedure""]}",Procedure. A task can consist of ordered steps where sequence may affect the result.,L020,"[""LEX-P-TNS-002"",""LEX-P-ID-001"",""LEX-P-ASP-001"",""LEX-W-EVT-001"",""LEX-P-DET-002""]",RECEPTIVE_THEN_PRODUCTIVE,W-EVT-002,,"[""presentation"",""practice"",""feedback"",""story"",""evaluation"",""transfer""]",ACTIVE
LEX-W-GEO-001,"[""route"",""start"",""path"",""destination"",""Oak"",""Pond"",""Meadow Path"",""School""]","{""en-US"":[""route"",""start"",""path"",""destination"",""Oak"",""Pond"",""Meadow Path"",""School""]}","Routes and paths. Travel can have a start, path, intermediate places, and destination. In the canonical world, the Meadow Path connects Gran's garden gate to the Pond and continues to the School; the Pond is a short walk from the Oak.",L039,"[""LEX-P-ID-001"",""LEX-P-SPAT-001"",""LEX-P-REL-001"",""LEX-P-DET-002"",""LEX-W-TRN-001""]",RECEPTIVE_THEN_PRODUCTIVE,W-GEO-001,,"[""presentation"",""practice"",""feedback"",""story"",""evaluation"",""transfer""]",ACTIVE
LEX-W-GEO-002,"[""landforms"",""mountains"",""valleys"",""plains"",""coasts"",""distinguishable"",""geographic"",""structures""]","{""en-US"":[""landforms"",""mountains"",""valleys"",""plains"",""coasts"",""distinguishable"",""geographic"",""structures""]}","Landforms such as mountains, valleys, plains, and coasts are distinguishable geographic structures.",L129,"[""LEX-P-ID-001"",""LEX-P-DESC-001"",""LEX-P-DET-002"",""LEX-P-PRON-001"",""LEX-W-REP-002""]",RECEPTIVE_THEN_PRODUCTIVE,W-GEO-002,,"[""presentation"",""practice"",""feedback"",""story"",""evaluation"",""transfer""]",ACTIVE
LEX-W-GEO-003,"[""rivers"",""lakes"",""oceans"",""differ"",""flowing"",""water"",""move"",""source""]","{""en-US"":[""rivers"",""lakes"",""oceans"",""differ"",""flowing"",""water"",""move"",""source""]}","Rivers, lakes, and oceans differ; flowing water can move from source through a path into a larger body.",L130,"[""LEX-P-ID-001"",""LEX-W-GEO-001"",""LEX-P-DESC-001"",""LEX-P-DET-002"",""LEX-W-GEO-002"",""LEX-P-PRON-001""]",RECEPTIVE_THEN_PRODUCTIVE,W-GEO-003,,"[""presentation"",""practice"",""feedback"",""story"",""evaluation"",""transfer""]",ACTIVE
LEX-W-GEO-004,"[""cardinal"",""directions"",""support"",""relative"",""geographic"",""orientation""]","{""en-US"":[""cardinal"",""directions"",""support"",""relative"",""geographic"",""orientation""]}",Cardinal directions support relative geographic orientation.,L133,"[""LEX-P-ID-001"",""LEX-P-DESC-001"",""LEX-P-DET-002"",""LEX-P-PRON-001"",""LEX-W-REP-002""]",RECEPTIVE_THEN_PRODUCTIVE,W-GEO-004,,"[""presentation"",""practice"",""feedback"",""story"",""evaluation"",""transfer""]",ACTIVE
LEX-W-GEO-005,"[""addresses"",""geographic"",""hierarchies"",""locate"",""entities"",""multiple"",""scales""]","{""en-US"":[""addresses"",""geographic"",""hierarchies"",""locate"",""entities"",""multiple"",""scales""]}",Addresses and geographic hierarchies locate entities at multiple scales.,L136,"[""LEX-P-ID-001"",""LEX-P-DESC-001"",""LEX-P-DET-002"",""LEX-P-PRON-001"",""LEX-W-GEO-004""]",RECEPTIVE_THEN_PRODUCTIVE,W-GEO-005,,"[""presentation"",""practice"",""feedback"",""story"",""evaluation"",""transfer""]",ACTIVE
LEX-W-HAZ-001,"[""hazard"",""condition"",""event"",""potential"",""harm"",""damage"",""response""]","{""en-US"":[""hazard"",""condition"",""event"",""potential"",""harm"",""damage"",""response""]}","A hazard is a condition/event with potential for harm; hazard, damage, and response are distinct.",L260,"[""LEX-P-ID-001"",""LEX-P-PRON-001"",""LEX-P-DET-002"",""LEX-W-EPI-004""]",RECEPTIVE_THEN_PRODUCTIVE,W-HAZ-001,,"[""presentation"",""practice"",""feedback"",""story"",""evaluation"",""transfer""]",ACTIVE
LEX-W-HAZ-002,"[""fire"",""heat"",""dangerous-material"",""hazards"",""have"",""warning"",""avoidance"",""response""]","{""en-US"":[""fire"",""heat"",""dangerous-material"",""hazards"",""have"",""warning"",""avoidance"",""response""]}","Fire/heat and dangerous-material hazards have warning, avoidance, and response concepts.",L261,"[""LEX-W-HAZ-001"",""LEX-P-ID-001"",""LEX-P-DET-002"",""LEX-P-PRON-001"",""LEX-W-PHY-005""]",RECEPTIVE_THEN_PRODUCTIVE,W-HAZ-002,,"[""presentation"",""practice"",""feedback"",""story"",""evaluation"",""transfer""]",ACTIVE
LEX-W-HAZ-003,"[""severe"",""weather"",""flooding"",""geologic"",""hazards"",""require"",""condition-specific"",""responses""]","{""en-US"":[""severe"",""weather"",""flooding"",""geologic"",""hazards"",""require"",""condition-specific"",""responses""]}","Severe weather, flooding, and geologic hazards require condition-specific responses rather than one generic script.",L263,"[""LEX-W-HAZ-001"",""LEX-P-ID-001"",""LEX-P-TNS-002"",""LEX-P-DET-002"",""LEX-W-EAR-001"",""LEX-P-PRON-001""]",RECEPTIVE_THEN_PRODUCTIVE,W-HAZ-003,,"[""presentation"",""practice"",""feedback"",""story"",""evaluation"",""transfer""]",ACTIVE
LEX-W-HIS-001,"[""everyday"",""practices"",""technologies"",""differ"",""between"",""past"",""present""]","{""en-US"":[""everyday"",""practices"",""technologies"",""differ"",""between"",""past"",""present""]}",Everyday practices and technologies can differ between past and present.,L152,"[""LEX-W-TIME-003"",""LEX-P-ID-001"",""LEX-P-TNS-002"",""LEX-P-DET-002"",""LEX-P-PRON-001""]",RECEPTIVE_THEN_PRODUCTIVE,W-HIS-001,,"[""presentation"",""practice"",""feedback"",""story"",""evaluation"",""transfer""]",ACTIVE
LEX-W-HIS-002,"[""change"",""accumulate"",""across"",""generations"",""some"",""continuities"",""remain""]","{""en-US"":[""change"",""accumulate"",""across"",""generations"",""some"",""continuities"",""remain""]}",Change can accumulate across generations while some continuities remain.,L154,"[""LEX-P-ID-001"",""LEX-P-TNS-002"",""LEX-W-TIME-004"",""LEX-P-DET-002"",""LEX-P-PRON-001"",""LEX-W-HIS-001""]",RECEPTIVE_THEN_PRODUCTIVE,W-HIS-002,,"[""presentation"",""practice"",""feedback"",""story"",""evaluation"",""transfer""]",ACTIVE
LEX-W-LIT-001,"[""stories"",""have"",""characters"",""settings"",""events"",""ordered"",""sequences""]","{""en-US"":[""stories"",""have"",""characters"",""settings"",""events"",""ordered"",""sequences""]}","Stories have characters, settings, events, and ordered sequences.",L172,"[""LEX-W-CHR-001"",""LEX-P-ID-001"",""LEX-W-EVT-002"",""LEX-P-DET-002"",""LEX-P-PRON-001""]",RECEPTIVE_THEN_PRODUCTIVE,W-LIT-001,,"[""presentation"",""practice"",""feedback"",""story"",""evaluation"",""transfer""]",ACTIVE
LEX-W-LIT-002,"[""narrated"",""dialogue"",""reported"",""speech"",""represent"",""conversational"",""events""]","{""en-US"":[""narrated"",""dialogue"",""reported"",""speech"",""represent"",""conversational"",""events""]}",Narrated dialogue and reported speech represent conversational events.,L174,"[""LEX-W-LIT-001"",""LEX-P-ID-001"",""LEX-P-DET-002"",""LEX-P-PRON-001"",""LEX-W-COM-001""]",RECEPTIVE_THEN_PRODUCTIVE,W-LIT-002,,"[""presentation"",""practice"",""feedback"",""story"",""evaluation"",""transfer""]",ACTIVE
LEX-W-LIT-003,"[""interesting vs boring.""]","{""en-US"":[""interesting vs boring.""]}","Fiction/nonfiction is a relation between text and intended representation/claims, not simply “interesting vs boring.”",L212,"[""LEX-P-ID-001"",""LEX-W-REP-001"",""LEX-P-DET-002"",""LEX-W-EPI-003"",""LEX-P-PRON-001""]",RECEPTIVE_THEN_PRODUCTIVE,W-LIT-003,,"[""presentation"",""practice"",""feedback"",""story"",""evaluation"",""transfer""]",ACTIVE
LEX-W-MAT-001,"[""objects"",""composed"",""materials"",""material"",""finished"",""object""]","{""en-US"":[""objects"",""composed"",""materials"",""material"",""finished"",""object""]}",Objects can be composed of materials; material and finished object are distinct.,L091,"[""LEX-P-ID-001"",""LEX-P-DESC-001"",""LEX-W-OBJ-001"",""LEX-P-DET-002"",""LEX-P-PRON-001""]",RECEPTIVE_THEN_PRODUCTIVE,W-MAT-001,,"[""presentation"",""practice"",""feedback"",""story"",""evaluation"",""transfer""]",ACTIVE
LEX-W-MAT-002,"[""materials"",""differ"",""observable"",""measurable"",""properties"",""hardness"",""texture"",""flexibility""]","{""en-US"":[""materials"",""differ"",""observable"",""measurable"",""properties"",""hardness"",""texture"",""flexibility""]}","Materials differ in observable/measurable properties such as hardness, texture, and flexibility.",L094,"[""LEX-W-OBJ-003"",""LEX-P-ID-001"",""LEX-P-DESC-001"",""LEX-P-DET-002"",""LEX-W-MAT-001"",""LEX-P-PRON-001""]",RECEPTIVE_THEN_PRODUCTIVE,W-MAT-002,,"[""presentation"",""practice"",""feedback"",""story"",""evaluation"",""transfer""]",ACTIVE
LEX-W-MAT-003,"[""solid"",""liquid"",""gas"",""distinguishable"",""states"",""matter""]","{""en-US"":[""solid"",""liquid"",""gas"",""distinguishable"",""states"",""matter""]}","Solid, liquid, and gas are distinguishable states of matter at an introductory level.",L095,"[""LEX-P-ID-001"",""LEX-P-DESC-001"",""LEX-P-DET-002"",""LEX-W-MAT-001"",""LEX-P-PRON-001""]",RECEPTIVE_THEN_PRODUCTIVE,W-MAT-003,,"[""presentation"",""practice"",""feedback"",""story"",""evaluation"",""transfer""]",ACTIVE
LEX-W-MAT-004,"[""heating"",""cooling"",""accompany"",""changes"",""state"",""form"",""process"",""resulting""]","{""en-US"":[""heating"",""cooling"",""accompany"",""changes"",""state"",""form"",""process"",""resulting""]}",Heating/cooling can accompany changes of state or form; process and resulting state are distinct.,L097,"[""LEX-P-ID-001"",""LEX-W-MAT-003"",""LEX-P-DESC-001"",""LEX-P-DET-002"",""LEX-P-PRON-001""]",RECEPTIVE_THEN_PRODUCTIVE,W-MAT-004,,"[""presentation"",""practice"",""feedback"",""story"",""evaluation"",""transfer""]",ACTIVE
LEX-W-MATH-001,"[""quantity"",""zero""]","{""en-US"":[""quantity"",""zero""]}","Quantity and zero. Finite collections can have quantities, including no members. Exact initial numerical ceiling is UNSPECIFIED.",L043,"[""LEX-P-ID-001"",""LEX-W-OBJ-001"",""LEX-P-NUM-001"",""LEX-P-DET-002"",""LEX-P-EXIST-001""]",RECEPTIVE_THEN_PRODUCTIVE,W-MATH-001,,"[""presentation"",""practice"",""feedback"",""story"",""evaluation"",""transfer""]",ACTIVE
LEX-W-MATH-002,"[""compare"",""quantities""]","{""en-US"":[""compare"",""quantities""]}","Compare quantities. Two collections can contain more, fewer, or equal numbers of members.",L045,"[""LEX-P-ID-001"",""LEX-P-DET-002"",""LEX-W-MATH-001"",""LEX-P-PRON-001"",""LEX-P-QNT-001""]",RECEPTIVE_THEN_PRODUCTIVE,W-MATH-002,,"[""presentation"",""practice"",""feedback"",""story"",""evaluation"",""transfer""]",ACTIVE
LEX-W-MATH-003,"[""addition"",""combining"",""collections"",""changes"",""total"",""quantity""]","{""en-US"":[""addition"",""combining"",""collections"",""changes"",""total"",""quantity""]}",Addition: combining collections changes total quantity.,L061,"[""LEX-P-ID-001"",""LEX-P-DESC-001"",""LEX-P-DET-002"",""LEX-W-MATH-001"",""LEX-P-PRON-001""]",RECEPTIVE_THEN_PRODUCTIVE,W-MATH-003,,"[""presentation"",""practice"",""feedback"",""story"",""evaluation"",""transfer""]",ACTIVE
LEX-W-MATH-004,"[""subtraction"",""removing"",""members"",""changes"",""remaining"",""quantity""]","{""en-US"":[""subtraction"",""removing"",""members"",""changes"",""remaining"",""quantity""]}",Subtraction: removing members changes the remaining quantity.,L062,"[""LEX-P-ID-001"",""LEX-P-DESC-001"",""LEX-P-DET-002"",""LEX-W-MATH-001"",""LEX-P-PRON-001""]",RECEPTIVE_THEN_PRODUCTIVE,W-MATH-004,,"[""presentation"",""practice"",""feedback"",""story"",""evaluation"",""transfer""]",ACTIVE
LEX-W-MATH-005,"[""distribution"",""equal"",""shares"",""objects"",""allocated"",""across"",""recipients""]","{""en-US"":[""distribution"",""equal"",""shares"",""objects"",""allocated"",""across"",""recipients""]}",Distribution and equal shares: objects can be allocated across recipients.,L065,"[""LEX-P-ID-001"",""LEX-P-TNS-002"",""LEX-P-DET-002"",""LEX-W-MATH-002"",""LEX-W-MATH-001"",""LEX-P-PRON-001""]",RECEPTIVE_THEN_PRODUCTIVE,W-MATH-005,,"[""presentation"",""practice"",""feedback"",""story"",""evaluation"",""transfer""]",ACTIVE
LEX-W-MATH-006,"[""ordinal"",""position"",""quantity"",""position-in-order""]","{""en-US"":[""ordinal"",""position"",""quantity"",""position-in-order""]}",Ordinal position: quantity and position-in-order are different.,L067,"[""LEX-P-ID-001"",""LEX-P-DESC-001"",""LEX-W-EVT-002"",""LEX-P-DET-002"",""LEX-W-MATH-001"",""LEX-P-PRON-001""]",RECEPTIVE_THEN_PRODUCTIVE,W-MATH-006,,"[""presentation"",""practice"",""feedback"",""story"",""evaluation"",""transfer""]",ACTIVE
LEX-W-MATH-007,"[""two-dimensional"",""shapes"",""attributes""]","{""en-US"":[""two-dimensional"",""shapes"",""attributes""]}",Two-dimensional shapes and attributes.,L069,"[""LEX-W-OBJ-003"",""LEX-P-ID-001"",""LEX-P-DESC-001"",""LEX-P-DET-002"",""LEX-P-PRON-001""]",RECEPTIVE_THEN_PRODUCTIVE,W-MATH-007,,"[""presentation"",""practice"",""feedback"",""story"",""evaluation"",""transfer""]",ACTIVE
LEX-W-MATH-008,"[""three-dimensional"",""forms"",""faces"",""edges"",""other"",""attributes""]","{""en-US"":[""three-dimensional"",""forms"",""faces"",""edges"",""other"",""attributes""]}","Three-dimensional forms, faces, edges, and other attributes.",L070,"[""LEX-W-MATH-007"",""LEX-P-ID-001"",""LEX-P-DESC-001"",""LEX-P-DET-002"",""LEX-P-PRON-001""]",RECEPTIVE_THEN_PRODUCTIVE,W-MATH-008,,"[""presentation"",""practice"",""feedback"",""story"",""evaluation"",""transfer""]",ACTIVE
LEX-W-MATH-009,"[""measurement"",""compares"",""property"",""unit"",""length"",""height"",""width"",""dimensions""]","{""en-US"":[""measurement"",""compares"",""property"",""unit"",""length"",""height"",""width"",""dimensions""]}","Measurement compares a property with a unit; length, height, and width are distinct dimensions.",L072,"[""LEX-W-OBJ-003"",""LEX-P-ID-001"",""LEX-P-DESC-001"",""LEX-P-DET-002"",""LEX-W-MATH-002"",""LEX-W-MATH-001"",""LEX-P-PRON-001""]",RECEPTIVE_THEN_PRODUCTIVE,W-MATH-009,,"[""presentation"",""practice"",""feedback"",""story"",""evaluation"",""transfer""]",ACTIVE
LEX-W-MATH-010,"[""mass"",""capacity"",""measurable"",""properties""]","{""en-US"":[""mass"",""capacity"",""measurable"",""properties""]}",Mass and capacity are distinct measurable properties.,L074,"[""LEX-P-ID-001"",""LEX-P-DESC-001"",""LEX-P-DET-002"",""LEX-W-MATH-009"",""LEX-P-PRON-001""]",RECEPTIVE_THEN_PRODUCTIVE,W-MATH-010,,"[""presentation"",""practice"",""feedback"",""story"",""evaluation"",""transfer""]",ACTIVE
LEX-W-MATH-011,"[""whole"",""fractional"",""parts"",""half"",""quarter""]","{""en-US"":[""whole"",""fractional"",""parts"",""half"",""quarter""]}",Whole and fractional parts such as half and quarter.,L088,"[""LEX-P-ID-001"",""LEX-P-DESC-001"",""LEX-W-OBJ-001"",""LEX-P-DET-002"",""LEX-W-MATH-001"",""LEX-P-PRON-001""]",RECEPTIVE_THEN_PRODUCTIVE,W-MATH-011,,"[""presentation"",""practice"",""feedback"",""story"",""evaluation"",""transfer""]",ACTIVE
LEX-W-MATH-012,"[""repeating"",""patterns"",""have"",""identifiable"",""units"",""continuation"",""rules""]","{""en-US"":[""repeating"",""patterns"",""have"",""identifiable"",""units"",""continuation"",""rules""]}",Repeating patterns have identifiable units and continuation rules.,L089,"[""LEX-P-ID-001"",""LEX-P-DESC-001"",""LEX-W-EVT-002"",""LEX-P-DET-002"",""LEX-P-PRON-001""]",RECEPTIVE_THEN_PRODUCTIVE,W-MATH-012,,"[""presentation"",""practice"",""feedback"",""story"",""evaluation"",""transfer""]",ACTIVE
LEX-W-ML-001,"[""training"",""examples"",""data"",""provide"",""observations"",""which"",""learning"",""system""]","{""en-US"":[""training"",""examples"",""data"",""provide"",""observations"",""which"",""learning"",""system""]}",Training examples/data provide observations from which a learning system can derive useful regularities.,L171,"[""LEX-P-ID-001"",""LEX-P-DET-002"",""LEX-P-PRON-001"",""LEX-W-COMP-001"",""LEX-W-DATA-001""]",RECEPTIVE_THEN_PRODUCTIVE,W-ML-001,,"[""presentation"",""practice"",""feedback"",""story"",""evaluation"",""transfer""]",ACTIVE
LEX-W-ML-002,"[""features"",""patterns"",""predictions"",""observed"",""inputs"",""support"",""but"",""do""]","{""en-US"":[""features"",""patterns"",""predictions"",""observed"",""inputs"",""support"",""but"",""do""]}",Features/patterns and predictions are distinct: observed inputs support but do not guarantee predictions.,L266,"[""LEX-P-ID-001"",""LEX-P-DET-002"",""LEX-P-PRON-001"",""LEX-W-ML-001"",""LEX-W-EPI-004""]",RECEPTIVE_THEN_PRODUCTIVE,W-ML-002,,"[""presentation"",""practice"",""feedback"",""story"",""evaluation"",""transfer""]",ACTIVE
LEX-W-ML-003,"[""training"",""testing"",""error"",""generalization"",""stages"",""performance"",""examples"",""does""]","{""en-US"":[""training"",""testing"",""error"",""generalization"",""stages"",""performance"",""examples"",""does""]}","Training, testing, error, and generalization are different stages/relations; performance on examples does not establish universal correctness.",L267,"[""LEX-P-ID-001"",""LEX-W-ML-002"",""LEX-P-DET-002"",""LEX-P-PRON-001"",""LEX-W-COMP-009"",""LEX-W-ML-001""]",RECEPTIVE_THEN_PRODUCTIVE,W-ML-003,,"[""presentation"",""practice"",""feedback"",""story"",""evaluation"",""transfer""]",ACTIVE
LEX-W-OBJ-001,"[""physical"",""objects"",""persistence""]","{""en-US"":[""physical"",""objects"",""persistence""]}",Ordinary physical objects and persistence. Objects can remain the same object while their location or visible state changes.,L003,"[""LEX-W-CHR-001"",""LEX-P-ID-001"",""LEX-P-DET-001""]",RECEPTIVE_THEN_PRODUCTIVE,W-OBJ-001,,"[""presentation"",""practice"",""feedback"",""story"",""evaluation"",""transfer""]",ACTIVE
LEX-W-OBJ-002,"[""ownership"",""belonging""]","{""en-US"":[""ownership"",""belonging""]}",Ownership/belonging. An object can belong to a person or other recognized owner; owner and object are distinct.,L024,"[""LEX-P-ID-001"",""LEX-P-TNS-002"",""LEX-W-OBJ-001"",""LEX-P-DET-002"",""LEX-P-PRON-001""]",RECEPTIVE_THEN_PRODUCTIVE,W-OBJ-002,,"[""presentation"",""practice"",""feedback"",""story"",""evaluation"",""transfer""]",ACTIVE
LEX-W-OBJ-003,"[""properties"",""identity""]","{""en-US"":[""properties"",""identity""]}","Properties vs identity. Color, size, and shape are properties of an object; changing a property description does not automatically create a new object.",L012,"[""LEX-P-ID-001"",""LEX-W-OBJ-001"",""LEX-P-DET-002"",""LEX-P-Q-007"",""LEX-P-PRON-001""]",RECEPTIVE_THEN_PRODUCTIVE,W-OBJ-003,,"[""presentation"",""practice"",""feedback"",""story"",""evaluation"",""transfer""]",ACTIVE
LEX-W-ONT-001,"[""mind"",""person"",""device"",""Ninereeds is Ninereeds"",""Ninereeds is a mind"",""Errol is a mind""]","{""en-US"":[""mind"",""person"",""device"",""Ninereeds is Ninereeds"",""Ninereeds is a mind"",""Errol is a mind""]}","Mind/person/device distinctions. Minds, people, and devices are not interchangeable categories; Ninereeds and Errol are curricular instances of minds.",L001,"[""LEX-W-CHR-001"",""LEX-P-ID-001""]",RECEPTIVE_THEN_PRODUCTIVE,W-ONT-001,,"[""presentation"",""practice"",""feedback"",""story"",""evaluation"",""transfer""]",ACTIVE
LEX-W-ONT-002,"[""data transfer"",""Errol travels"",""message travels"",""different events""]","{""en-US"":[""data transfer"",""Errol travels"",""message travels"",""different events""]}",Mind transfer vs message transfer. Errol may travel by data transfer; a message may travel without Errol traveling. These are distinct events.,L031,"[""LEX-W-ONT-001"",""LEX-P-ID-001"",""LEX-P-DET-002"",""LEX-P-COM-001"",""LEX-P-PRON-001"",""LEX-W-COM-001""]",RECEPTIVE_THEN_PRODUCTIVE,W-ONT-002,,"[""presentation"",""practice"",""feedback"",""story"",""evaluation"",""transfer""]",ACTIVE
LEX-W-ONT-003,"[""copying"",""data"",""moving"",""operations"",""sameness"",""information"",""need""]","{""en-US"":[""copying"",""data"",""moving"",""operations"",""sameness"",""information"",""need""]}",Copying data and moving data are different operations; sameness of information need not imply sameness of physical instance.,L201,"[""LEX-W-ONT-002"",""LEX-P-DISC-001"",""LEX-P-ID-001"",""LEX-W-COMP-002"",""LEX-P-COMP-001"",""LEX-P-DET-002""]",RECEPTIVE_THEN_PRODUCTIVE,W-ONT-003,,"[""presentation"",""practice"",""feedback"",""story"",""evaluation"",""transfer""]",ACTIVE
LEX-W-ONT-004,"[""interface"",""device"",""replacement"",""need"",""itself"",""define"",""identity"",""continuity""]","{""en-US"":[""interface"",""device"",""replacement"",""need"",""itself"",""define"",""identity"",""continuity""]}",Interface or device replacement need not by itself define identity or continuity; metaphysical conclusions remain explicitly out of scope.,L208,"[""LEX-W-ONT-003"",""LEX-P-ID-001"",""LEX-P-EPI-001"",""LEX-W-ONT-002"",""LEX-P-DISC-001"",""LEX-W-ONT-001"",""LEX-W-REP-001"",""LEX-P-COMP-001""]",RECEPTIVE_THEN_PRODUCTIVE,W-ONT-004,,"[""presentation"",""practice"",""feedback"",""story"",""evaluation"",""transfer""]",ACTIVE
LEX-W-PHY-001,"[""pushes"",""pulls"",""motion""]","{""en-US"":[""pushes"",""pulls"",""motion""]}","Pushes, pulls, and motion. Interactions such as pushes and pulls can start, stop, or change observable motion.",L099,"[""LEX-P-ID-001"",""LEX-P-DESC-001"",""LEX-W-OBJ-001"",""LEX-P-DET-002"",""LEX-W-EVT-001"",""LEX-P-PRON-001""]",RECEPTIVE_THEN_PRODUCTIVE,W-PHY-001,,"[""presentation"",""practice"",""feedback"",""story"",""evaluation"",""transfer""]",ACTIVE
LEX-W-PHY-002,"[""speed"",""compares"",""rates"",""motion""]","{""en-US"":[""speed"",""compares"",""rates"",""motion""]}",Speed compares rates of motion.,L101,"[""LEX-P-ID-001"",""LEX-P-TNS-002"",""LEX-W-PHY-001"",""LEX-P-DET-002"",""LEX-W-MATH-002"",""LEX-P-PRON-001""]",RECEPTIVE_THEN_PRODUCTIVE,W-PHY-002,,"[""presentation"",""practice"",""feedback"",""story"",""evaluation"",""transfer""]",ACTIVE
LEX-W-PHY-003,"[""machines"",""alter"",""forces"",""applied"",""decomposed"",""lever"",""pulley"",""inclined-plane""]","{""en-US"":[""machines"",""alter"",""forces"",""applied"",""decomposed"",""lever"",""pulley"",""inclined-plane""]}",Simple machines alter how forces are applied; decomposed by lever/pulley/inclined-plane examples rather than one vocabulary dump.,L102,"[""LEX-P-ID-001"",""LEX-P-TNS-002"",""LEX-W-PHY-001"",""LEX-P-DET-002"",""LEX-P-PRON-001"",""LEX-W-TEC-002""]",RECEPTIVE_THEN_PRODUCTIVE,W-PHY-003,,"[""presentation"",""practice"",""feedback"",""story"",""evaluation"",""transfer""]",ACTIVE
LEX-W-PHY-004,"[""magnets"",""interact"",""some"",""materials"",""others""]","{""en-US"":[""magnets"",""interact"",""some"",""materials"",""others""]}",Magnets interact with some materials and not others.,L104,"[""LEX-P-ID-001"",""LEX-P-TNS-002"",""LEX-P-DET-002"",""LEX-W-MAT-001"",""LEX-P-PRON-001""]",RECEPTIVE_THEN_PRODUCTIVE,W-PHY-004,,"[""presentation"",""practice"",""feedback"",""story"",""evaluation"",""transfer""]",ACTIVE
LEX-W-PHY-005,"[""light"",""enables"",""visual"",""perception"",""objects"",""sources"",""paths""]","{""en-US"":[""light"",""enables"",""visual"",""perception"",""objects"",""sources"",""paths""]}","Light enables ordinary visual perception of objects; sources, paths, and objects are distinct.",L231,"[""LEX-P-ID-001"",""LEX-P-TNS-002"",""LEX-W-OBJ-001"",""LEX-P-DET-002"",""LEX-P-PRON-001"",""LEX-W-EPI-004""]",RECEPTIVE_THEN_PRODUCTIVE,W-PHY-005,,"[""presentation"",""practice"",""feedback"",""story"",""evaluation"",""transfer""]",ACTIVE
LEX-W-PHY-006,"[""shadows"",""arise"",""light"",""paths"",""blocked"",""shadow"",""object"",""identical""]","{""en-US"":[""shadows"",""arise"",""light"",""paths"",""blocked"",""shadow"",""object"",""identical""]}",Shadows arise when light paths are blocked; shadow and object are not identical.,L233,"[""LEX-P-ID-001"",""LEX-P-TNS-002"",""LEX-P-DET-002"",""LEX-P-PRON-001"",""LEX-W-PHY-005""]",RECEPTIVE_THEN_PRODUCTIVE,W-PHY-006,,"[""presentation"",""practice"",""feedback"",""story"",""evaluation"",""transfer""]",ACTIVE
LEX-W-PHY-007,"[""sound"",""vibration"",""causally"",""related"",""observable"",""systems""]","{""en-US"":[""sound"",""vibration"",""causally"",""related"",""observable"",""systems""]}",Sound and vibration are causally related in simple observable systems.,L106,"[""LEX-P-ID-001"",""LEX-P-TNS-002"",""LEX-W-PHY-001"",""LEX-P-DET-002"",""LEX-P-PRON-001""]",RECEPTIVE_THEN_PRODUCTIVE,W-PHY-007,,"[""presentation"",""practice"",""feedback"",""story"",""evaluation"",""transfer""]",ACTIVE
LEX-W-PHY-008,"[""circuit"",""contains"",""connected"",""components"",""whose"",""arrangement"",""affects"",""operation""]","{""en-US"":[""circuit"",""contains"",""connected"",""components"",""whose"",""arrangement"",""affects"",""operation""]}",A simple circuit contains connected components whose arrangement affects operation.,L107,"[""LEX-P-ID-001"",""LEX-W-EVT-002"",""LEX-P-DET-002"",""LEX-P-PRON-001"",""LEX-W-TEC-002""]",RECEPTIVE_THEN_PRODUCTIVE,W-PHY-008,,"[""presentation"",""practice"",""feedback"",""story"",""evaluation"",""transfer""]",ACTIVE
LEX-W-PHY-009,"[""energy"",""sources"",""supply"",""processes"",""systems"",""descriptive""]","{""en-US"":[""energy"",""sources"",""supply"",""processes"",""systems"",""descriptive""]}",Energy sources supply energy to processes/systems at an introductory descriptive level.,L108,"[""LEX-P-DET-002"",""LEX-P-ID-001"",""LEX-P-PRON-001"",""LEX-W-PHY-008""]",RECEPTIVE_THEN_PRODUCTIVE,W-PHY-009,,"[""presentation"",""practice"",""feedback"",""story"",""evaluation"",""transfer""]",ACTIVE
LEX-W-PSY-001,"[""need"",""want""]","{""en-US"":[""need"",""want""]}",Need vs want. Needing something and preferring/wanting it are different relations.,L056,"[""LEX-P-TNS-002"",""LEX-P-NEG-001"",""LEX-W-OBJ-001"",""LEX-P-ID-001"",""LEX-W-EVT-001"",""LEX-P-DET-002""]",RECEPTIVE_THEN_PRODUCTIVE,W-PSY-001,,"[""presentation"",""practice"",""feedback"",""story"",""evaluation"",""transfer""]",ACTIVE
LEX-W-PSY-002,"[""agents"",""act"",""toward"",""goals"",""reasons"",""motives""]","{""en-US"":[""agents"",""act"",""toward"",""goals"",""reasons"",""motives""]}",Agents can act toward goals for reasons/motives.,L183,"[""LEX-W-EPI-001"",""LEX-P-ID-001"",""LEX-W-PSY-001"",""LEX-P-TNS-002"",""LEX-P-DET-002"",""LEX-P-PRON-001""]",RECEPTIVE_THEN_PRODUCTIVE,W-PSY-002,,"[""presentation"",""practice"",""feedback"",""story"",""evaluation"",""transfer""]",ACTIVE
LEX-W-REG-001,"[""appropriate"",""expression"",""vary"",""partner"",""setting"",""purpose"",""degree"",""formality""]","{""en-US"":[""appropriate"",""expression"",""vary"",""partner"",""setting"",""purpose"",""degree"",""formality""]}","Appropriate expression can vary by partner, setting, purpose, and degree of formality.",L216,"[""LEX-W-SOC-004"",""LEX-P-ID-001"",""LEX-P-DET-002"",""LEX-W-SOC-002"",""LEX-W-SOC-001"",""LEX-P-PRON-001"",""LEX-W-SOC-003""]",RECEPTIVE_THEN_PRODUCTIVE,W-REG-001,,"[""presentation"",""practice"",""feedback"",""story"",""evaluation"",""transfer""]",ACTIVE
LEX-W-REP-001,"[""symbol"",""icon"",""picture"",""represents"",""is not""]","{""en-US"":[""symbol"",""icon"",""picture"",""represents"",""is not""]}",Representation vs referent. An icon or picture may represent Errol without being Errol.,L027,"[""LEX-W-ONT-001"",""LEX-P-ID-001"",""LEX-P-DET-003"",""LEX-P-DET-002"",""LEX-P-PRON-001""]",RECEPTIVE_THEN_PRODUCTIVE,W-REP-001,,"[""presentation"",""practice"",""feedback"",""story"",""evaluation"",""transfer""]",ACTIVE
LEX-W-REP-002,"[""map"",""place"",""symbol"",""route"",""School"",""Meadow Path""]","{""en-US"":[""map"",""place"",""symbol"",""route"",""School"",""Meadow Path""]}","Maps as representations of places. A map is not the place itself; marks and symbols can represent locations and routes. The School is at the far end of the Meadow Path, and the supplied world-bible topology is authoritative.",L128,"[""LEX-P-ID-001"",""LEX-W-GEO-001"",""LEX-P-DESC-001"",""LEX-W-REP-001"",""LEX-P-DET-002"",""LEX-P-PRON-001""]",RECEPTIVE_THEN_PRODUCTIVE,W-REP-002,,"[""presentation"",""practice"",""feedback"",""story"",""evaluation"",""transfer""]",ACTIVE
LEX-W-REP-003,"[""signs"",""icons"",""labels"",""symbols"",""use"",""representational"",""conventions""]","{""en-US"":[""signs"",""icons"",""labels"",""symbols"",""use"",""representational"",""conventions""]}","Signs, icons, labels, and symbols use representational conventions.",L157,"[""LEX-P-ID-001"",""LEX-W-REP-001"",""LEX-P-DET-002"",""LEX-P-PRON-001"",""LEX-P-REP-001"",""LEX-W-REP-002""]",RECEPTIVE_THEN_PRODUCTIVE,W-REP-003,,"[""presentation"",""practice"",""feedback"",""story"",""evaluation"",""transfer""]",ACTIVE
LEX-W-REP-004,"[""scientific"",""computational"",""models"",""simplified"",""representations"",""whose"",""omissions"",""purposes""]","{""en-US"":[""scientific"",""computational"",""models"",""simplified"",""representations"",""whose"",""omissions"",""purposes""]}",Scientific/computational models are simplified representations whose omissions and purposes matter.,L268,"[""LEX-P-ID-001"",""LEX-P-PRON-001"",""LEX-P-DET-002"",""LEX-W-REP-001"",""LEX-W-REP-003"",""LEX-P-REP-001"",""LEX-W-REP-002"",""LEX-W-EPI-004""]",RECEPTIVE_THEN_PRODUCTIVE,W-REP-004,,"[""presentation"",""practice"",""feedback"",""story"",""evaluation"",""transfer""]",ACTIVE
LEX-W-SEC-001,"[""authentication"",""access"",""privacy"",""concern"",""allowed"",""information"",""systems""]","{""en-US"":[""authentication"",""access"",""privacy"",""concern"",""allowed"",""information"",""systems""]}",Authentication/access/privacy concern who is allowed to access information or systems.,L205,"[""LEX-P-ID-001"",""LEX-P-TNS-002"",""LEX-W-CIV-001"",""LEX-W-COMP-002"",""LEX-P-DET-002"",""LEX-W-COMP-003"",""LEX-P-PRON-001""]",RECEPTIVE_THEN_PRODUCTIVE,W-SEC-001,,"[""presentation"",""practice"",""feedback"",""story"",""evaluation"",""transfer""]",ACTIVE
LEX-W-SOC-001,"[""known"",""unknown"",""person""]","{""en-US"":[""known"",""unknown"",""person""]}",Known vs unknown person. A person may be known to one participant and unknown to another; introducing someone changes that relation.,L047,"[""LEX-W-CHR-001"",""LEX-P-ID-001"",""LEX-P-NEG-001"",""LEX-P-Q-001"",""LEX-P-PRON-001""]",RECEPTIVE_THEN_PRODUCTIVE,W-SOC-001,,"[""presentation"",""practice"",""feedback"",""story"",""evaluation"",""transfer""]",ACTIVE
LEX-W-SOC-002,"[""understand"",""does not understand"",""communication breakdown""]","{""en-US"":[""understand"",""does not understand"",""communication breakdown""]}",Communication breakdown. A hearer/reader may fail to understand even when a message was produced; participants can notice the failure.,L033,"[""LEX-P-ID-001"",""LEX-P-NEG-001"",""LEX-P-COM-001"",""LEX-P-DET-002"",""LEX-W-COM-001""]",RECEPTIVE_THEN_PRODUCTIVE,W-SOC-002,,"[""presentation"",""practice"",""feedback"",""story"",""evaluation"",""transfer""]",ACTIVE
LEX-W-SOC-003,"[""cooperation""]","{""en-US"":[""cooperation""]}",Cooperation. Multiple agents can share a goal and perform complementary actions or help one another.,L049,"[""LEX-W-CHR-001"",""LEX-P-TNS-002"",""LEX-P-ID-001"",""LEX-P-DET-002"",""LEX-P-PRON-001""]",RECEPTIVE_THEN_PRODUCTIVE,W-SOC-003,,"[""presentation"",""practice"",""feedback"",""story"",""evaluation"",""transfer""]",ACTIVE
LEX-W-SOC-004,"[""disagreement"",""conflict""]","{""en-US"":[""disagreement"",""conflict""]}","Disagreement and conflict. Agents can disagree about facts, preferences, or plans without being different identities or necessarily being enemies.",L185,"[""LEX-W-EPI-001"",""LEX-P-ID-001"",""LEX-P-EPI-001"",""LEX-P-DET-002"",""LEX-P-PRON-001""]",RECEPTIVE_THEN_PRODUCTIVE,W-SOC-004,,"[""presentation"",""practice"",""feedback"",""story"",""evaluation"",""transfer""]",ACTIVE
LEX-W-SOC-005,"[""promise"",""commitment""]","{""en-US"":[""promise"",""commitment""]}",Promise/commitment. A promise connects a speaker now with an intended later action.,L079,"[""LEX-P-TNS-002"",""LEX-P-ID-001"",""LEX-W-SOC-003"",""LEX-P-DET-002"",""LEX-P-TIME-001""]",RECEPTIVE_THEN_PRODUCTIVE,W-SOC-005,,"[""presentation"",""practice"",""feedback"",""story"",""evaluation"",""transfer""]",ACTIVE
LEX-W-SOC-006,"[""trust"",""reliability""]","{""en-US"":[""trust"",""reliability""]}",Trust and reliability. Expectations about another agent may be influenced by whether prior commitments or claims proved reliable; trust is not certainty.,L292,"[""LEX-W-EPI-002"",""LEX-P-ID-001"",""LEX-P-CERTAINTY-001"",""LEX-W-SOC-005"",""LEX-P-TNS-003"",""LEX-P-EPI-002""]",RECEPTIVE_THEN_PRODUCTIVE,W-SOC-006,,"[""presentation"",""practice"",""feedback"",""story"",""evaluation"",""transfer""]",ACTIVE
LEX-W-SOC-007,"[""fairness""]","{""en-US"":[""fairness""]}","Fairness. Fairness concerns how rules, turns, resources, or reasons apply to participants; it is not reducible in every case to identical outcomes.",L188,"[""LEX-W-SOC-004"",""LEX-P-QNT-003"",""LEX-P-ID-001"",""LEX-P-CMP-001"",""LEX-W-SOC-003"",""LEX-P-DET-002""]",RECEPTIVE_THEN_PRODUCTIVE,W-SOC-007,,"[""presentation"",""practice"",""feedback"",""story"",""evaluation"",""transfer""]",ACTIVE
LEX-W-SOC-008,"[""households"",""relationships"",""social"",""assumptions"",""about"",""universal"",""household"",""structure""]","{""en-US"":[""households"",""relationships"",""social"",""assumptions"",""about"",""universal"",""household"",""structure""]}","Households and family relationships are social relations, not assumptions about universal household structure.",L141,"[""LEX-W-CHR-001"",""LEX-P-ID-001"",""LEX-P-PRON-001"",""LEX-P-DET-002""]",RECEPTIVE_THEN_PRODUCTIVE,W-SOC-008,,"[""presentation"",""practice"",""feedback"",""story"",""evaluation"",""transfer""]",ACTIVE
LEX-W-SOC-009,"[""clubs"",""teams"",""organizations"",""other"",""groups"",""have"",""membership""]","{""en-US"":[""clubs"",""teams"",""organizations"",""other"",""groups"",""have"",""membership""]}","Clubs, teams, organizations, and other groups have membership relations.",L142,"[""LEX-W-SOC-003"",""LEX-P-ID-001"",""LEX-P-PRON-001"",""LEX-P-DET-002""]",RECEPTIVE_THEN_PRODUCTIVE,W-SOC-009,,"[""presentation"",""practice"",""feedback"",""story"",""evaluation"",""transfer""]",ACTIVE
LEX-W-SOC-010,"[""occupations"",""describe"",""roles"",""work"",""people"",""perform"",""person"",""occupation""]","{""en-US"":[""occupations"",""describe"",""roles"",""work"",""people"",""perform"",""person"",""occupation""]}",Occupations describe roles/work people perform; person and occupation are distinct.,L053,"[""LEX-W-CHR-001"",""LEX-P-ID-001"",""LEX-P-DET-002"",""LEX-P-PRON-001"",""LEX-W-TEC-002""]",RECEPTIVE_THEN_PRODUCTIVE,W-SOC-010,,"[""presentation"",""practice"",""feedback"",""story"",""evaluation"",""transfer""]",ACTIVE
LEX-W-SOC-011,"[""public"",""services"",""perform"",""functions"",""communities""]","{""en-US"":[""public"",""services"",""perform"",""functions"",""communities""]}",Public services perform functions for communities.,L143,"[""LEX-P-ID-001"",""LEX-P-PRON-001"",""LEX-P-DET-002"",""LEX-W-SOC-010""]",RECEPTIVE_THEN_PRODUCTIVE,W-SOC-011,,"[""presentation"",""practice"",""feedback"",""story"",""evaluation"",""transfer""]",ACTIVE
LEX-W-SOC-012,"[""institutions"",""schools"",""libraries"",""clinics"",""banks"",""organized"",""social"",""places""]","{""en-US"":[""institutions"",""schools"",""libraries"",""clinics"",""banks"",""organized"",""social"",""places""]}","Institutions such as schools, libraries, clinics, and banks are organized social places/functions.",L144,"[""LEX-P-ID-001"",""LEX-P-DET-002"",""LEX-W-SOC-011"",""LEX-P-PRON-001"",""LEX-W-GEO-005""]",RECEPTIVE_THEN_PRODUCTIVE,W-SOC-012,,"[""presentation"",""practice"",""feedback"",""story"",""evaluation"",""transfer""]",ACTIVE
LEX-W-SYS-001,"[""objects"",""systems"",""contain"",""parts"",""part"",""whole"",""member"",""material""]","{""en-US"":[""objects"",""systems"",""contain"",""parts"",""part"",""whole"",""member"",""material""]}","Objects/systems can contain parts; part, whole, member, material, and component relations must not be conflated.",L112,"[""LEX-P-CLASS-001"",""LEX-P-ID-001"",""LEX-W-ENG-001"",""LEX-W-OBJ-001"",""LEX-P-DET-002"",""LEX-P-PRON-001""]",RECEPTIVE_THEN_PRODUCTIVE,W-SYS-001,,"[""presentation"",""practice"",""feedback"",""story"",""evaluation"",""transfer""]",ACTIVE
LEX-W-TEC-001,"[""Gran"",""Gran's phone"",""phone"",""device"",""communicates through""]","{""en-US"":[""Gran"",""Gran's phone"",""phone"",""device"",""communicates through""]}",Communication device. Errol communicates through Gran's phone; the phone is an ordinary device and is not Errol.,L026,"[""LEX-W-ONT-001"",""LEX-P-ID-001"",""LEX-P-DET-002"",""LEX-P-PRON-001"",""LEX-P-DET-001""]",RECEPTIVE_THEN_PRODUCTIVE,W-TEC-001,,"[""presentation"",""practice"",""feedback"",""story"",""evaluation"",""transfer""]",ACTIVE
LEX-W-TEC-002,"[""tools"",""designed"",""functions""]","{""en-US"":[""tools"",""designed"",""functions""]}",Tools and designed functions. A tool is an object used to perform an action or purpose; the tool is distinct from the user and result.,L035,"[""LEX-W-TEC-001"",""LEX-P-TNS-002"",""LEX-P-ID-001"",""LEX-W-OBJ-001"",""LEX-P-DET-002"",""LEX-P-PRON-001""]",RECEPTIVE_THEN_PRODUCTIVE,W-TEC-002,,"[""presentation"",""practice"",""feedback"",""story"",""evaluation"",""transfer""]",ACTIVE
LEX-W-TIME-001,"[""clocks"",""dates"",""calendars"",""conventional"",""temporal"",""coordinates""]","{""en-US"":[""clocks"",""dates"",""calendars"",""conventional"",""temporal"",""coordinates""]}","Clocks, dates, calendars, and conventional temporal coordinates.",L054,"[""LEX-P-TNS-002"",""LEX-P-ID-001"",""LEX-P-DET-002"",""LEX-W-EVT-001"",""LEX-P-PRON-001""]",RECEPTIVE_THEN_PRODUCTIVE,W-TIME-001,,"[""presentation"",""practice"",""feedback"",""story"",""evaluation"",""transfer""]",ACTIVE
LEX-W-TIME-002,"[""before"",""after"",""duration"",""order"",""events"",""without"",""collapsing"",""them""]","{""en-US"":[""before"",""after"",""duration"",""order"",""events"",""without"",""collapsing"",""them""]}",Before/after and duration order events without collapsing them into one tense.,L077,"[""LEX-P-ID-001"",""LEX-P-TNS-002"",""LEX-W-EVT-002"",""LEX-P-DET-002"",""LEX-W-EVT-001"",""LEX-P-PRON-001""]",RECEPTIVE_THEN_PRODUCTIVE,W-TIME-002,,"[""presentation"",""practice"",""feedback"",""story"",""evaluation"",""transfer""]",ACTIVE
LEX-W-TIME-003,"[""yesterday"",""today"",""tomorrow"",""deictic"",""time"",""past"",""future"",""taught""]","{""en-US"":[""yesterday"",""today"",""tomorrow"",""deictic"",""time"",""past"",""future"",""taught""]}",Yesterday/today/tomorrow are deictic time frames; past and future are taught separately rather than as C071's three-way bundle.,L080,"[""LEX-W-TIME-002"",""LEX-P-ID-001"",""LEX-P-TNS-002"",""LEX-P-DET-002"",""LEX-P-PRON-001"",""LEX-W-TIME-001""]",RECEPTIVE_THEN_PRODUCTIVE,W-TIME-003,,"[""presentation"",""practice"",""feedback"",""story"",""evaluation"",""transfer""]",ACTIVE
LEX-W-TIME-004,"[""age"",""generations"",""relate"",""individuals"",""elapsed"",""time"",""without"",""defining""]","{""en-US"":[""age"",""generations"",""relate"",""individuals"",""elapsed"",""time"",""without"",""defining""]}",Age and generations relate individuals to elapsed time without defining identity.,L083,"[""LEX-W-TIME-003"",""LEX-P-ID-001"",""LEX-P-TNS-002"",""LEX-P-DET-002"",""LEX-P-PRON-001""]",RECEPTIVE_THEN_PRODUCTIVE,W-TIME-004,,"[""presentation"",""practice"",""feedback"",""story"",""evaluation"",""transfer""]",ACTIVE
LEX-W-TRN-001,"[""physical"",""transportation""]","{""en-US"":[""physical"",""transportation""]}",Physical transportation. People can change physical location using different means; Emma may travel by bus and Taro by bicycle.,L038,"[""LEX-P-ID-001"",""LEX-P-ASP-001"",""LEX-P-DET-002"",""LEX-W-EVT-001"",""LEX-P-REL-001""]",RECEPTIVE_THEN_PRODUCTIVE,W-TRN-001,,"[""presentation"",""practice"",""feedback"",""story"",""evaluation"",""transfer""]",ACTIVE
