lesson_id,topic,primary_frontier,world_objectives,foreground_point,staged_gates,frontier_lexemes,frontier_lexeme_bundle_ids,required_lexeme_bundle_ids,required_points,required_response_forms,introduced_response_forms,required_discourse_operations,introduced_discourse_operations,surface_language_contract,rehearsal_transfer_targets,prerequisite_lesson_ids,characters,locations,canonical_chronology_event,canonical_first_meeting_pairs,exercise_scope,grounding_modes,picture_book_status,evaluation_targets,source_provenance,estimated_minutes,learning_objectives,point_definition
L000,Greeting and self-introduction,STAGED_EXCEPTION,"[{""world_id"":""W-CHR-001"",""status"":""NEW""}]","{""point_ids"":[""P-SOC-001"",""P-ID-001"",""P-Q-001"",""P-Q-002"",""P-SOC-002""],""status"":""NEW_STAGED""}","[{""gate_id"":""G0-NAMES"",""frontier_ids"":[""W-CHR-001""],""independent_probe"":true},{""gate_id"":""G1-GREETING"",""frontier_ids"":[""P-SOC-001""],""independent_probe"":true},{""gate_id"":""G2-IDENTITY-AFF_NEG"",""frontier_ids"":[""P-ID-001""],""independent_probe"":true},{""gate_id"":""G3-WHO"",""frontier_ids"":[""P-Q-001""],""independent_probe"":true},{""gate_id"":""G4-OR"",""frontier_ids"":[""P-Q-002""],""independent_probe"":true},{""gate_id"":""G5-MEETING_RECIPROCITY"",""frontier_ids"":[""P-SOC-002""],""independent_probe"":true}]","[""Ninereeds"",""Taro"",""Emma"",""Bob"",""Errol"",""name"",""same individual"",""Hello!"",""Good morning!"",""I'm Ninereeds."",""Yes, I'm Ninereeds."",""No, I'm not Errol. I'm Ninereeds."",""Who are you?"",""Are you X or Y?"",""Nice to meet you!"",""Nice to meet you, too.""]","[""LEX-W-CHR-001"",""LEX-P-SOC-001"",""LEX-P-ID-001"",""LEX-P-Q-001"",""LEX-P-Q-002"",""LEX-P-SOC-002""]",[],[],[],"[""RF-GREETING"",""RF-AFFIRM-IDENTITY"",""RF-NEGATE-IDENTITY"",""RF-WHO-IDENTITY"",""RF-OR-IDENTITY"",""RF-MEETING-RECIPROCITY""]",[],"[""DO-GREET"",""DO-IDENTIFY""]","{""non_frontier_language_must_be_established"":true,""allowed_new_language"":""Only the current gate frontier; later gates remain unavailable until the earlier gate passes."",""presentation_practice_feedback_evaluation_closed"":true}",[],[],"[""CHAR-NINEREEDS"",""CHAR-TARO"",""CHAR-EMMA"",""CHAR-BOB"",""CHAR-ERROL""]","[""LOC-DIRECT-TEACHING""]",CANON-FIRST-MEETINGS-L000,"[""Ninereeds–Taro"",""Ninereeds–Emma"",""Ninereeds–Bob"",""Ninereeds–Errol""]",Presentation events canonical; controlled drills direct teacher–learner or noncanonical examples.,"[""DIALOGUE"",""SYMBOLIC""]",PB-N,"[""independent affirmative identity"",""independent negative identity"",""Who response"",""OR response"",""meeting reciprocity"",""mixed Kreuz und Quer after gated mastery""]","[""Lesson 000 source"",""C001"",""C002"",""C014"",""C024"",""C026""]",45,"[""Maintain stable names and identity across turns"",""Use the six independently gated bootstrap functions""]","Greeting, copular self-identification with affirmative/negative response, Who identity question, OR identity question, and meeting reciprocity."
L001,Mind/person/device distinctions,WORLD_FRONTIER,"[{""world_id"":""W-ONT-001"",""status"":""NEW""}]","{""point_ids"":[""P-ID-001""],""status"":""EST""}",[],"[""mind"",""person"",""device"",""Ninereeds is Ninereeds"",""Ninereeds is a mind"",""Errol is a mind""]","[""LEX-W-ONT-001""]","[""LEX-W-CHR-001"",""LEX-P-ID-001""]","[""P-ID-001""]","[""RF-AFFIRM-IDENTITY"",""RF-NEGATE-IDENTITY""]",[],"[""DO-IDENTIFY""]",[],"{""non_frontier_language_must_be_established"":true,""allowed_new_language"":""LEX-W-ONT-001"",""presentation_practice_feedback_evaluation_closed"":true}",[],"[""L000""]","[""CHAR-EMMA"",""CHAR-TARO""]","[""LOC-DIRECT-TEACHING""]",,[],Canonical persistent-world event only when chronology_event is non-null; otherwise direct instruction or noncanonical controlled examples.,"[""DIAGRAM"",""DIALOGUE""]",PB-O,"[""Wording-changed probe"",""Delayed retrieval probe"",""Composition with established material"",""World-concept probe without frontier wording""]","[""V2"",""SYN""]",30,"[""Mind/person/device distinctions. Minds, people, and devices are not interchangeable categories; Ninereeds and Errol are curricular instances of minds.""]","Identity/self-introduction with copular affirmative/negative: `I am`, `X is/isn't`."
L002,Indefinite a/an,POINT_FRONTIER,"[{""world_id"":""W-ONT-001"",""status"":""EST""}]","{""point_ids"":[""P-DET-001""],""status"":""NEW""}",[],"[""a/an""]","[""LEX-P-DET-001""]","[""LEX-W-ONT-001"",""LEX-P-ID-001""]","[""P-ID-001""]","[""RF-AFFIRM-IDENTITY"",""RF-NEGATE-IDENTITY""]",[],"[""DO-IDENTIFY""]",[],"{""non_frontier_language_must_be_established"":true,""allowed_new_language"":""LEX-P-DET-001"",""presentation_practice_feedback_evaluation_closed"":true}","[""W-ONT-001""]","[""L001"",""L000""]","[""CHAR-EMMA"",""CHAR-TARO""]","[""LOC-DIRECT-TEACHING""]",,[],Canonical persistent-world event only when chronology_event is non-null; otherwise direct instruction or noncanonical controlled examples.,"[""SCENE"",""SYMBOLIC""]",PB-O,"[""Wording-changed probe"",""Delayed retrieval probe"",""Composition with established material"",""Cross-domain POINT probe""]","[""C003""]",30,"[""Indefinite `a/an`.""]",Indefinite `a/an`.
L003,Ordinary physical objects and persistence,WORLD_FRONTIER,"[{""world_id"":""W-OBJ-001"",""status"":""NEW""}]","{""point_ids"":[""P-ID-001""],""status"":""EST""}",[],"[""physical"",""objects"",""persistence""]","[""LEX-W-OBJ-001""]","[""LEX-W-CHR-001"",""LEX-P-ID-001"",""LEX-P-DET-001""]","[""P-ID-001"",""P-DET-001""]","[""RF-AFFIRM-IDENTITY"",""RF-NEGATE-IDENTITY""]",[],"[""DO-IDENTIFY""]",[],"{""non_frontier_language_must_be_established"":true,""allowed_new_language"":""LEX-W-OBJ-001"",""presentation_practice_feedback_evaluation_closed"":true}","[""W-ONT-001"",""P-DET-001""]","[""L000"",""L002""]","[""CHAR-EMMA"",""CHAR-TARO""]","[""LOC-DIRECT-TEACHING""]",,[],Canonical persistent-world event only when chronology_event is non-null; otherwise direct instruction or noncanonical controlled examples.,"[""SCENE"",""SEQUENCE""]",PB-O,"[""Wording-changed probe"",""Delayed retrieval probe"",""Composition with established material"",""World-concept probe without frontier wording""]","[""C004"",""C005"",""C006"",""C007"",""C008"",""C009"",""C010"",""C011"",""C012"",""C013""]",30,"[""Ordinary physical objects and persistence. Objects can remain the same object while their location or visible state changes.""]","Identity/self-introduction with copular affirmative/negative: `I am`, `X is/isn't`."
L004,Definite the for identifiable referent,POINT_FRONTIER,"[{""world_id"":""W-OBJ-001"",""status"":""EST""}]","{""point_ids"":[""P-DET-002""],""status"":""NEW""}",[],"[""the""]","[""LEX-P-DET-002""]","[""LEX-W-OBJ-001"",""LEX-P-DET-001""]","[""P-DET-001""]",[],[],[],[],"{""non_frontier_language_must_be_established"":true,""allowed_new_language"":""LEX-P-DET-002"",""presentation_practice_feedback_evaluation_closed"":true}","[""W-ONT-001"",""P-DET-001"",""W-OBJ-001""]","[""L003"",""L002""]","[""CHAR-EMMA"",""CHAR-TARO""]","[""LOC-DIRECT-TEACHING""]",,[],Canonical persistent-world event only when chronology_event is non-null; otherwise direct instruction or noncanonical controlled examples.,"[""SCENE"",""SYMBOLIC""]",PB-O,"[""Wording-changed probe"",""Delayed retrieval probe"",""Composition with established material"",""Cross-domain POINT probe""]","[""C004""]",30,"[""Definite `the` for identifiable referent.""]",Definite `the` for identifiable referent.
L005,Regular plurals -s/-es,POINT_FRONTIER,"[{""world_id"":""W-OBJ-001"",""status"":""EST""}]","{""point_ids"":[""P-NUM-001""],""status"":""NEW""}",[],"[""-s/-es""]","[""LEX-P-NUM-001""]","[""LEX-W-OBJ-001"",""LEX-P-DET-001""]","[""P-DET-001""]",[],[],[],[],"{""non_frontier_language_must_be_established"":true,""allowed_new_language"":""LEX-P-NUM-001"",""presentation_practice_feedback_evaluation_closed"":true}","[""W-ONT-001"",""P-DET-001"",""W-OBJ-001"",""P-DET-002""]","[""L003"",""L002""]","[""CHAR-EMMA"",""CHAR-TARO""]","[""LOC-DIRECT-TEACHING""]",,[],Canonical persistent-world event only when chronology_event is non-null; otherwise direct instruction or noncanonical controlled examples.,"[""SCENE"",""SYMBOLIC""]",PB-O,"[""Wording-changed probe"",""Delayed retrieval probe"",""Composition with established material"",""Cross-domain POINT probe""]","[""C005""]",30,"[""Regular plurals `-s/-es`.""]",Regular plurals `-s/-es`.
L006,subject/object pronouns,POINT_FRONTIER,"[{""world_id"":""W-CHR-001"",""status"":""EST""}]","{""point_ids"":[""P-PRON-001""],""status"":""NEW""}",[],"[""subject"",""object"",""pronouns""]","[""LEX-P-PRON-001""]","[""LEX-W-CHR-001"",""LEX-P-ID-001""]","[""P-ID-001""]","[""RF-AFFIRM-IDENTITY"",""RF-NEGATE-IDENTITY""]",[],"[""DO-IDENTIFY""]",[],"{""non_frontier_language_must_be_established"":true,""allowed_new_language"":""LEX-P-PRON-001"",""presentation_practice_feedback_evaluation_closed"":true}","[""P-DET-001"",""W-OBJ-001"",""P-DET-002"",""P-NUM-001""]","[""L000""]","[""CHAR-EMMA"",""CHAR-TARO""]","[""LOC-DIRECT-TEACHING""]",,[],Canonical persistent-world event only when chronology_event is non-null; otherwise direct instruction or noncanonical controlled examples.,"[""SCENE"",""SYMBOLIC""]",PB-O,"[""Wording-changed probe"",""Delayed retrieval probe"",""Composition with established material"",""Cross-domain POINT probe""]","[""C009""]",30,"[""subject/object pronouns.""]",subject/object pronouns.
L007,this/that/these/those,POINT_FRONTIER,"[{""world_id"":""W-OBJ-001"",""status"":""EST""}]","{""point_ids"":[""P-DET-003""],""status"":""NEW""}",[],"[""this/that/these/those""]","[""LEX-P-DET-003""]","[""LEX-W-OBJ-001"",""LEX-P-DET-001"",""LEX-P-DET-002""]","[""P-DET-001"",""P-DET-002""]",[],[],[],[],"{""non_frontier_language_must_be_established"":true,""allowed_new_language"":""LEX-P-DET-003"",""presentation_practice_feedback_evaluation_closed"":true}","[""W-OBJ-001"",""P-DET-002"",""P-NUM-001"",""P-PRON-001""]","[""L003"",""L002"",""L004""]","[""CHAR-EMMA"",""CHAR-TARO""]","[""LOC-DIRECT-TEACHING""]",,[],Canonical persistent-world event only when chronology_event is non-null; otherwise direct instruction or noncanonical controlled examples.,"[""SCENE"",""SYMBOLIC""]",PB-O,"[""Wording-changed probe"",""Delayed retrieval probe"",""Composition with established material"",""Cross-domain POINT probe""]","[""C006""]",30,"[""`this/that/these/those`.""]",`this/that/these/those`.
L008,Object/type question What is this? / What is X?,POINT_FRONTIER,"[{""world_id"":""W-OBJ-001"",""status"":""EST""}]","{""point_ids"":[""P-Q-007""],""status"":""NEW""}",[],"[""What is this?"",""What is X?""]","[""LEX-P-Q-007""]","[""LEX-W-OBJ-001"",""LEX-P-ID-001"",""LEX-P-DET-001""]","[""P-ID-001"",""P-DET-001""]","[""RF-AFFIRM-IDENTITY"",""RF-NEGATE-IDENTITY""]","[""RF-WHAT-TYPE""]","[""DO-IDENTIFY""]","[""DO-IDENTIFY""]","{""non_frontier_language_must_be_established"":true,""allowed_new_language"":""LEX-P-Q-007"",""presentation_practice_feedback_evaluation_closed"":true}","[""P-DET-002"",""P-NUM-001"",""P-PRON-001"",""P-DET-003""]","[""L003"",""L000"",""L002""]","[""CHAR-EMMA"",""CHAR-TARO""]","[""LOC-DIRECT-TEACHING""]",,[],Canonical persistent-world event only when chronology_event is non-null; otherwise direct instruction or noncanonical controlled examples.,"[""SCENE"",""SYMBOLIC""]",PB-O,"[""Wording-changed probe"",""Delayed retrieval probe"",""Composition with established material"",""Cross-domain POINT probe""]","[""C014"",""SYN""]",30,"[""Object/type question `What is this?` / `What is X?`.""]",Object/type question `What is this?` / `What is X?`.
L009,there is/there are,POINT_FRONTIER,"[{""world_id"":""W-OBJ-001"",""status"":""EST""}]","{""point_ids"":[""P-EXIST-001""],""status"":""NEW""}",[],"[""there is/there are""]","[""LEX-P-EXIST-001""]","[""LEX-W-OBJ-001"",""LEX-P-DET-002"",""LEX-P-NUM-001""]","[""P-DET-002"",""P-NUM-001""]",[],[],[],[],"{""non_frontier_language_must_be_established"":true,""allowed_new_language"":""LEX-P-EXIST-001"",""presentation_practice_feedback_evaluation_closed"":true}","[""P-NUM-001"",""P-PRON-001"",""P-DET-003"",""P-Q-007""]","[""L003"",""L004"",""L005""]","[""CHAR-EMMA"",""CHAR-TARO""]","[""LOC-DIRECT-TEACHING""]",,[],Canonical persistent-world event only when chronology_event is non-null; otherwise direct instruction or noncanonical controlled examples.,"[""SCENE"",""SYMBOLIC""]",PB-O,"[""Wording-changed probe"",""Delayed retrieval probe"",""Composition with established material"",""Cross-domain POINT probe""]","[""C011""]",30,"[""`there is/there are`.""]",`there is/there are`.
L010,in/on/under/above/beside/next to,POINT_FRONTIER,"[{""world_id"":""W-OBJ-001"",""status"":""EST""}]","{""point_ids"":[""P-SPAT-001""],""status"":""NEW""}",[],"[""in/on/under/above/beside/next to""]","[""LEX-P-SPAT-001""]","[""LEX-W-OBJ-001"",""LEX-P-DET-002""]","[""P-DET-002""]",[],[],[],[],"{""non_frontier_language_must_be_established"":true,""allowed_new_language"":""LEX-P-SPAT-001"",""presentation_practice_feedback_evaluation_closed"":true}","[""P-PRON-001"",""P-DET-003"",""P-Q-007"",""P-EXIST-001""]","[""L003"",""L004""]","[""CHAR-EMMA"",""CHAR-TARO""]","[""LOC-DIRECT-TEACHING""]",,[],Canonical persistent-world event only when chronology_event is non-null; otherwise direct instruction or noncanonical controlled examples.,"[""SCENE"",""SYMBOLIC""]",PB-O,"[""Wording-changed probe"",""Delayed retrieval probe"",""Composition with established material"",""Cross-domain POINT probe""]","[""C012""]",30,"[""`in/on/under/above/beside/next to`.""]",`in/on/under/above/beside/next to`.
L011,where?,POINT_FRONTIER,"[{""world_id"":""W-OBJ-001"",""status"":""EST""}]","{""point_ids"":[""P-Q-003""],""status"":""NEW""}",[],"[""where?""]","[""LEX-P-Q-003""]","[""LEX-W-OBJ-001"",""LEX-P-SPAT-001""]","[""P-SPAT-001""]",[],[],[],[],"{""non_frontier_language_must_be_established"":true,""allowed_new_language"":""LEX-P-Q-003"",""presentation_practice_feedback_evaluation_closed"":true}","[""P-DET-003"",""P-Q-007"",""P-EXIST-001"",""P-SPAT-001""]","[""L003"",""L010""]","[""CHAR-EMMA"",""CHAR-TARO""]","[""LOC-DIRECT-TEACHING""]",,[],Canonical persistent-world event only when chronology_event is non-null; otherwise direct instruction or noncanonical controlled examples.,"[""SCENE"",""SYMBOLIC""]",PB-O,"[""Wording-changed probe"",""Delayed retrieval probe"",""Composition with established material"",""Cross-domain POINT probe""]","[""C015""]",30,"[""`where?`""]",`where?`
L012,Properties vs identity,WORLD_FRONTIER,"[{""world_id"":""W-OBJ-003"",""status"":""NEW""}]","{""point_ids"":[""P-DET-002""],""status"":""EST""}",[],"[""properties"",""identity""]","[""LEX-W-OBJ-003""]","[""LEX-W-OBJ-001"",""LEX-P-DET-002"",""LEX-P-Q-007"",""LEX-P-ID-001"",""LEX-P-PRON-001""]","[""P-DET-002"",""P-Q-007"",""P-ID-001"",""P-PRON-001""]","[""RF-WHAT-TYPE"",""RF-AFFIRM-IDENTITY"",""RF-NEGATE-IDENTITY""]",[],"[""DO-IDENTIFY""]",[],"{""non_frontier_language_must_be_established"":true,""allowed_new_language"":""LEX-W-OBJ-003"",""presentation_practice_feedback_evaluation_closed"":true}","[""P-Q-007"",""P-EXIST-001"",""P-SPAT-001"",""P-Q-003""]","[""L003"",""L004"",""L008"",""L000"",""L006""]","[""CHAR-EMMA"",""CHAR-TARO""]","[""LOC-DIRECT-TEACHING""]",,[],Canonical persistent-world event only when chronology_event is non-null; otherwise direct instruction or noncanonical controlled examples.,"[""COMPARISON""]",PB-O,"[""Wording-changed probe"",""Delayed retrieval probe"",""Composition with established material"",""World-concept probe without frontier wording""]","[""C010"",""C060"",""C061"",""C062"",""C063"",""C064"",""C065""]",30,"[""Properties vs identity. Color, size, and shape are properties of an object; changing a property description does not automatically create a new object.""]",Definite `the` for identifiable referent.
L013,adjective+noun and be + adjective,POINT_FRONTIER,"[{""world_id"":""W-OBJ-003"",""status"":""EST""}]","{""point_ids"":[""P-DESC-001""],""status"":""NEW""}",[],"[""be + adjective""]","[""LEX-P-DESC-001""]","[""LEX-W-OBJ-003"",""LEX-P-ID-001"",""LEX-P-DET-002""]","[""P-ID-001"",""P-DET-002""]","[""RF-AFFIRM-IDENTITY"",""RF-NEGATE-IDENTITY""]",[],"[""DO-IDENTIFY""]",[],"{""non_frontier_language_must_be_established"":true,""allowed_new_language"":""LEX-P-DESC-001"",""presentation_practice_feedback_evaluation_closed"":true}","[""P-EXIST-001"",""P-SPAT-001"",""P-Q-003"",""W-OBJ-003""]","[""L012"",""L000"",""L004""]","[""CHAR-EMMA"",""CHAR-TARO""]","[""LOC-DIRECT-TEACHING""]",,[],Canonical persistent-world event only when chronology_event is non-null; otherwise direct instruction or noncanonical controlled examples.,"[""SCENE"",""SYMBOLIC""]",PB-O,"[""Wording-changed probe"",""Delayed retrieval probe"",""Composition with established material"",""Cross-domain POINT probe""]","[""C010""]",30,"[""adjective+noun and `be + adjective`.""]",adjective+noun and `be + adjective`.
L014,"Action, state, and routine",WORLD_FRONTIER,"[{""world_id"":""W-EVT-001"",""status"":""NEW""}]","{""point_ids"":[""P-DET-002""],""status"":""EST""}",[],"[""action"",""state"",""routine""]","[""LEX-W-EVT-001""]","[""LEX-W-CHR-001"",""LEX-W-OBJ-001"",""LEX-P-DET-002"",""LEX-P-PRON-001"",""LEX-P-SPAT-001"",""LEX-P-ID-001""]","[""P-DET-002"",""P-PRON-001"",""P-SPAT-001"",""P-ID-001""]","[""RF-AFFIRM-IDENTITY"",""RF-NEGATE-IDENTITY""]",[],"[""DO-IDENTIFY""]",[],"{""non_frontier_language_must_be_established"":true,""allowed_new_language"":""LEX-W-EVT-001"",""presentation_practice_feedback_evaluation_closed"":true}","[""P-SPAT-001"",""P-Q-003"",""W-OBJ-003"",""P-DESC-001""]","[""L000"",""L003"",""L004"",""L006"",""L010""]","[""CHAR-EMMA"",""CHAR-TARO""]","[""LOC-DIRECT-TEACHING""]",,[],Canonical persistent-world event only when chronology_event is non-null; otherwise direct instruction or noncanonical controlled examples.,"[""SEQUENCE"",""COMPARISON""]",PB-O,"[""Wording-changed probe"",""Delayed retrieval probe"",""Composition with established material"",""World-concept probe without frontier wording""]","[""C027"",""C028"",""C029"",""C030""]",30,"[""Action, state, and routine. Something happening now differs from a recurring routine or relatively stable state.""]",Definite `the` for identifiable referent.
L015,present progressive be + -ing,POINT_FRONTIER,"[{""world_id"":""W-EVT-001"",""status"":""EST""}]","{""point_ids"":[""P-ASP-001""],""status"":""NEW""}",[],"[""be + -ing""]","[""LEX-P-ASP-001""]","[""LEX-W-EVT-001"",""LEX-P-ID-001""]","[""P-ID-001""]","[""RF-AFFIRM-IDENTITY"",""RF-NEGATE-IDENTITY""]",[],"[""DO-IDENTIFY""]",[],"{""non_frontier_language_must_be_established"":true,""allowed_new_language"":""LEX-P-ASP-001"",""presentation_practice_feedback_evaluation_closed"":true}","[""P-Q-003"",""W-OBJ-003"",""P-DESC-001"",""W-EVT-001""]","[""L014"",""L000""]","[""CHAR-EMMA"",""CHAR-TARO""]","[""LOC-DIRECT-TEACHING""]",,[],Canonical persistent-world event only when chronology_event is non-null; otherwise direct instruction or noncanonical controlled examples.,"[""SCENE"",""SYMBOLIC""]",PB-O,"[""Wording-changed probe"",""Delayed retrieval probe"",""Composition with established material"",""Cross-domain POINT probe""]","[""C030""]",30,"[""present progressive `be + -ing`.""]",present progressive `be + -ing`.
L016,"simple present for habits/general routines, including third-person -s",POINT_FRONTIER,"[{""world_id"":""W-EVT-001"",""status"":""EST""}]","{""point_ids"":[""P-TNS-002""],""status"":""NEW""}",[],"[""-s""]","[""LEX-P-TNS-002""]","[""LEX-W-EVT-001"",""LEX-P-ASP-001""]","[""P-ASP-001""]",[],[],[],[],"{""non_frontier_language_must_be_established"":true,""allowed_new_language"":""LEX-P-TNS-002"",""presentation_practice_feedback_evaluation_closed"":true}","[""W-OBJ-003"",""P-DESC-001"",""W-EVT-001"",""P-ASP-001""]","[""L014"",""L015""]","[""CHAR-EMMA"",""CHAR-TARO""]","[""LOC-DIRECT-TEACHING""]",,[],Canonical persistent-world event only when chronology_event is non-null; otherwise direct instruction or noncanonical controlled examples.,"[""SCENE"",""SYMBOLIC""]",PB-O,"[""Wording-changed probe"",""Delayed retrieval probe"",""Composition with established material"",""Cross-domain POINT probe""]","[""C027"",""C029""]",30,"[""simple present for habits/general routines, including third-person `-s`.""]","simple present for habits/general routines, including third-person `-s`."
L017,general present negation do/does not,POINT_FRONTIER,"[{""world_id"":""W-EVT-001"",""status"":""EST""}]","{""point_ids"":[""P-NEG-001""],""status"":""NEW""}",[],"[""do/does not""]","[""LEX-P-NEG-001""]","[""LEX-W-EVT-001"",""LEX-P-TNS-002""]","[""P-TNS-002""]",[],[],[],[],"{""non_frontier_language_must_be_established"":true,""allowed_new_language"":""LEX-P-NEG-001"",""presentation_practice_feedback_evaluation_closed"":true}","[""P-DESC-001"",""W-EVT-001"",""P-ASP-001"",""P-TNS-002""]","[""L014"",""L016""]","[""CHAR-EMMA"",""CHAR-TARO""]","[""LOC-DIRECT-TEACHING""]",,[],Canonical persistent-world event only when chronology_event is non-null; otherwise direct instruction or noncanonical controlled examples.,"[""SCENE"",""SYMBOLIC""]",PB-O,"[""Wording-changed probe"",""Delayed retrieval probe"",""Composition with established material"",""Cross-domain POINT probe""]","[""C025"",""SYN""]",30,"[""general present negation `do/does not`.""]",general present negation `do/does not`.
L018,productive yes/no questions with be and do/does,POINT_FRONTIER,"[{""world_id"":""W-EVT-001"",""status"":""EST""}]","{""point_ids"":[""P-Q-006""],""status"":""NEW""}",[],"[""be"",""do/does""]","[""LEX-P-Q-006""]","[""LEX-W-EVT-001"",""LEX-P-ID-001"",""LEX-P-TNS-002""]","[""P-ID-001"",""P-TNS-002""]","[""RF-AFFIRM-IDENTITY"",""RF-NEGATE-IDENTITY""]","[""RF-YES-NO""]","[""DO-IDENTIFY""]",[],"{""non_frontier_language_must_be_established"":true,""allowed_new_language"":""LEX-P-Q-006"",""presentation_practice_feedback_evaluation_closed"":true}","[""W-EVT-001"",""P-ASP-001"",""P-TNS-002"",""P-NEG-001""]","[""L014"",""L000"",""L016""]","[""CHAR-EMMA"",""CHAR-TARO""]","[""LOC-DIRECT-TEACHING""]",,[],Canonical persistent-world event only when chronology_event is non-null; otherwise direct instruction or noncanonical controlled examples.,"[""SCENE"",""SYMBOLIC""]",PB-O,"[""Wording-changed probe"",""Delayed retrieval probe"",""Composition with established material"",""Cross-domain POINT probe""]","[""C024"",""C025""]",30,"[""productive yes/no questions with `be` and `do/does`.""]",productive yes/no questions with `be` and `do/does`.
L019,always/usually/often/sometimes/never,POINT_FRONTIER,"[{""world_id"":""W-EVT-001"",""status"":""EST""}]","{""point_ids"":[""P-FREQ-001""],""status"":""NEW""}",[],"[""always/usually/often/sometimes/never""]","[""LEX-P-FREQ-001""]","[""LEX-W-EVT-001"",""LEX-P-TNS-002""]","[""P-TNS-002""]",[],[],[],[],"{""non_frontier_language_must_be_established"":true,""allowed_new_language"":""LEX-P-FREQ-001"",""presentation_practice_feedback_evaluation_closed"":true}","[""P-ASP-001"",""P-TNS-002"",""P-NEG-001"",""P-Q-006""]","[""L014"",""L016""]","[""CHAR-EMMA"",""CHAR-TARO""]","[""LOC-DIRECT-TEACHING""]",,[],Canonical persistent-world event only when chronology_event is non-null; otherwise direct instruction or noncanonical controlled examples.,"[""SCENE"",""SYMBOLIC""]",PB-O,"[""Wording-changed probe"",""Delayed retrieval probe"",""Composition with established material"",""Cross-domain POINT probe""]","[""C028""]",30,"[""`always/usually/often/sometimes/never`.""]",`always/usually/often/sometimes/never`.
L020,Procedure,WORLD_FRONTIER,"[{""world_id"":""W-EVT-002"",""status"":""NEW""}]","{""point_ids"":[""P-ASP-001""],""status"":""EST""}",[],"[""procedure""]","[""LEX-W-EVT-002""]","[""LEX-W-EVT-001"",""LEX-P-ASP-001"",""LEX-P-TNS-002"",""LEX-P-ID-001"",""LEX-P-DET-002""]","[""P-ASP-001"",""P-TNS-002"",""P-ID-001"",""P-DET-002""]","[""RF-AFFIRM-IDENTITY"",""RF-NEGATE-IDENTITY""]",[],"[""DO-IDENTIFY""]",[],"{""non_frontier_language_must_be_established"":true,""allowed_new_language"":""LEX-W-EVT-002"",""presentation_practice_feedback_evaluation_closed"":true}","[""P-TNS-002"",""P-NEG-001"",""P-Q-006"",""P-FREQ-001""]","[""L014"",""L015"",""L016"",""L000"",""L004""]","[""CHAR-EMMA"",""CHAR-TARO""]","[""LOC-DIRECT-TEACHING""]",,[],Canonical persistent-world event only when chronology_event is non-null; otherwise direct instruction or noncanonical controlled examples.,"[""SEQUENCE""]",PB-O,"[""Wording-changed probe"",""Delayed retrieval probe"",""Composition with established material"",""World-concept probe without frontier wording""]","[""C031"",""C032"",""C172""]",30,"[""Procedure. A task can consist of ordered steps where sequence may affect the result.""]",present progressive `be + -ing`.
L021,"reference, object, and action transfer",TRANSFER,"[{""world_id"":""W-OBJ-003"",""status"":""XFER""},{""world_id"":""W-EVT-001"",""status"":""XFER""},{""world_id"":""W-EVT-002"",""status"":""XFER""}]","{""point_ids"":[""P-Q-003"",""P-DESC-001"",""P-ASP-001"",""P-TNS-002"",""P-NEG-001"",""P-Q-006""],""status"":""XFER""}",[],[],[],"[""LEX-P-Q-003"",""LEX-W-OBJ-003"",""LEX-P-DESC-001"",""LEX-W-EVT-001"",""LEX-P-ASP-001"",""LEX-P-TNS-002"",""LEX-P-NEG-001"",""LEX-P-Q-006"",""LEX-P-FREQ-001"",""LEX-W-EVT-002""]","[""P-Q-003"",""P-DESC-001"",""P-ASP-001"",""P-TNS-002"",""P-NEG-001"",""P-Q-006"",""P-FREQ-001""]","[""RF-YES-NO""]",[],[],[],"{""non_frontier_language_must_be_established"":true,""allowed_new_language"":""NONE"",""presentation_practice_feedback_evaluation_closed"":true}","[""P-Q-003"",""W-OBJ-003"",""P-DESC-001"",""W-EVT-001"",""P-ASP-001"",""P-TNS-002"",""P-NEG-001"",""P-Q-006"",""P-FREQ-001"",""W-EVT-002""]","[""L011"",""L012"",""L013"",""L014"",""L015"",""L016"",""L017"",""L018"",""L019"",""L020""]","[""CHAR-EMMA"",""CHAR-TARO"",""CHAR-ERROL""]","[""LOC-NONCANONICAL-DIAGRAM""]",,[],Noncanonical transfer and retrieval task; no new persistent event.,"[""COMPARISON"",""DIALOGUE"",""DIAGRAM""]",DS,"[""Far transfer"",""Delayed retrieval"",""Multi-item composition"",""No frontier leakage""]","[""C015"",""C010"",""C060"",""C061"",""C062"",""C063"",""C064"",""C065"",""C027"",""C028"",""C029"",""C030"",""C025"",""SYN"",""C024"",""C031"",""C032"",""C172""]",30,"[""Recombine already acquired WORLD and POINT material in a new context.""]",No new POINT; established operators are retrieved and composed.
L022,imperative instructions,POINT_FRONTIER,"[{""world_id"":""W-EVT-002"",""status"":""EST""}]","{""point_ids"":[""P-IMP-001""],""status"":""NEW""}",[],"[""imperative"",""instructions""]","[""LEX-P-IMP-001""]","[""LEX-W-EVT-002"",""LEX-P-ASP-001""]","[""P-ASP-001""]",[],[],[],[],"{""non_frontier_language_must_be_established"":true,""allowed_new_language"":""LEX-P-IMP-001"",""presentation_practice_feedback_evaluation_closed"":true}","[""P-NEG-001"",""P-Q-006"",""P-FREQ-001"",""W-EVT-002""]","[""L020"",""L015""]","[""CHAR-EMMA"",""CHAR-TARO""]","[""LOC-DIRECT-TEACHING""]",,[],Canonical persistent-world event only when chronology_event is non-null; otherwise direct instruction or noncanonical controlled examples.,"[""SCENE"",""SYMBOLIC""]",PB-O,"[""Wording-changed probe"",""Delayed retrieval probe"",""Composition with established material"",""Cross-domain POINT probe""]","[""C031""]",30,"[""imperative instructions.""]",imperative instructions.
L023,procedural query/explanation: How,POINT_FRONTIER,"[{""world_id"":""W-EVT-002"",""status"":""EST""}]","{""point_ids"":[""P-SEQ-001""],""status"":""NEW""}",[],"[""How...? First/next/then/finally""]","[""LEX-P-SEQ-001""]","[""LEX-W-EVT-002"",""LEX-P-IMP-001""]","[""P-IMP-001""]",[],"[""RF-SEQUENCE""]",[],"[""DO-SEQUENCE""]","{""non_frontier_language_must_be_established"":true,""allowed_new_language"":""LEX-P-SEQ-001"",""presentation_practice_feedback_evaluation_closed"":true}","[""P-Q-006"",""P-FREQ-001"",""W-EVT-002"",""P-IMP-001""]","[""L020"",""L022""]","[""CHAR-EMMA"",""CHAR-TARO""]","[""LOC-DIRECT-TEACHING""]",,[],Canonical persistent-world event only when chronology_event is non-null; otherwise direct instruction or noncanonical controlled examples.,"[""SCENE"",""SYMBOLIC""]",PB-O,"[""Wording-changed probe"",""Delayed retrieval probe"",""Composition with established material"",""Cross-domain POINT probe""]","[""C032"",""SYN""]",30,"[""procedural query/explanation: `How...? First/next/then/finally`.""]",procedural query/explanation: `How...? First/next/then/finally`.
L024,Ownership/belonging,WORLD_FRONTIER,"[{""world_id"":""W-OBJ-002"",""status"":""NEW""}]","{""point_ids"":[""P-DET-002""],""status"":""EST""}",[],"[""ownership"",""belonging""]","[""LEX-W-OBJ-002""]","[""LEX-W-OBJ-001"",""LEX-P-DET-002"",""LEX-P-PRON-001"",""LEX-P-ID-001"",""LEX-P-TNS-002""]","[""P-DET-002"",""P-PRON-001"",""P-ID-001"",""P-TNS-002""]","[""RF-AFFIRM-IDENTITY"",""RF-NEGATE-IDENTITY""]",[],"[""DO-IDENTIFY""]",[],"{""non_frontier_language_must_be_established"":true,""allowed_new_language"":""LEX-W-OBJ-002"",""presentation_practice_feedback_evaluation_closed"":true}","[""P-FREQ-001"",""W-EVT-002"",""P-IMP-001"",""P-SEQ-001""]","[""L003"",""L004"",""L006"",""L000"",""L016""]","[""CHAR-EMMA"",""CHAR-TARO""]","[""LOC-DIRECT-TEACHING""]",,[],Canonical persistent-world event only when chronology_event is non-null; otherwise direct instruction or noncanonical controlled examples.,"[""SCENE""]",PB-O,"[""Wording-changed probe"",""Delayed retrieval probe"",""Composition with established material"",""World-concept probe without frontier wording""]","[""C007"",""C008"",""C143""]",30,"[""Ownership/belonging. An object can belong to a person or other recognized owner; owner and object are distinct.""]",Definite `the` for identifiable referent.
L025,Possessives my/your/his/her/,POINT_FRONTIER,"[{""world_id"":""W-OBJ-002"",""status"":""EST""}]","{""point_ids"":[""P-POSS-001""],""status"":""NEW""}",[],"[""my/your/his/her/..."",""'s""]","[""LEX-P-POSS-001""]","[""LEX-W-OBJ-002"",""LEX-P-ID-001"",""LEX-P-NUM-001""]","[""P-ID-001"",""P-NUM-001""]","[""RF-AFFIRM-IDENTITY"",""RF-NEGATE-IDENTITY""]",[],"[""DO-IDENTIFY""]",[],"{""non_frontier_language_must_be_established"":true,""allowed_new_language"":""LEX-P-POSS-001"",""presentation_practice_feedback_evaluation_closed"":true}","[""W-EVT-002"",""P-IMP-001"",""P-SEQ-001"",""W-OBJ-002""]","[""L024"",""L000"",""L005""]","[""CHAR-EMMA"",""CHAR-TARO""]","[""LOC-DIRECT-TEACHING""]",,[],Canonical persistent-world event only when chronology_event is non-null; otherwise direct instruction or noncanonical controlled examples.,"[""SCENE"",""SYMBOLIC""]",PB-O,"[""Wording-changed probe"",""Delayed retrieval probe"",""Composition with established material"",""Cross-domain POINT probe""]","[""C008""]",30,"[""Possessives `my/your/his/her/...` and `'s`.""]",Possessives `my/your/his/her/...` and `'s`.
L026,Communication device,WORLD_FRONTIER,"[{""world_id"":""W-TEC-001"",""status"":""NEW""}]","{""point_ids"":[""P-ID-001""],""status"":""EST""}",[],"[""Gran"",""Gran's phone"",""phone"",""device"",""communicates through""]","[""LEX-W-TEC-001""]","[""LEX-W-ONT-001"",""LEX-P-ID-001"",""LEX-P-DET-001"",""LEX-P-DET-002"",""LEX-P-PRON-001""]","[""P-ID-001"",""P-DET-001"",""P-DET-002"",""P-PRON-001""]","[""RF-AFFIRM-IDENTITY"",""RF-NEGATE-IDENTITY""]",[],"[""DO-IDENTIFY""]",[],"{""non_frontier_language_must_be_established"":true,""allowed_new_language"":""LEX-W-TEC-001"",""presentation_practice_feedback_evaluation_closed"":true}","[""P-IMP-001"",""P-SEQ-001"",""W-OBJ-002"",""P-POSS-001""]","[""L001"",""L000"",""L002"",""L004"",""L006""]","[""CHAR-GRAN"",""CHAR-ERROL"",""CHAR-EMMA""]","[""LOC-GRANS-HOUSE""]",INTRODUCE-CHAR-GRAN; INTRODUCE-LOC-GRANS-HOUSE,[],Canonical persistent-world event only when chronology_event is non-null; otherwise direct instruction or noncanonical controlled examples.,"[""SCENE"",""DIAGRAM""]",PB-O,"[""Wording-changed probe"",""Delayed retrieval probe"",""Composition with established material"",""World-concept probe without frontier wording""]","[""C164"",""C165"",""V2"",""SYN""]",30,"[""Communication device. Errol communicates through Gran's phone; the phone is an ordinary device and is not Errol.""]","Identity/self-introduction with copular affirmative/negative: `I am`, `X is/isn't`."
L027,Representation vs referent,WORLD_FRONTIER,"[{""world_id"":""W-REP-001"",""status"":""NEW""}]","{""point_ids"":[""P-ID-001""],""status"":""EST""}",[],"[""symbol"",""icon"",""picture"",""represents"",""is not""]","[""LEX-W-REP-001""]","[""LEX-W-ONT-001"",""LEX-P-ID-001"",""LEX-P-DET-003"",""LEX-P-DET-002"",""LEX-P-PRON-001""]","[""P-ID-001"",""P-DET-003"",""P-DET-002"",""P-PRON-001""]","[""RF-AFFIRM-IDENTITY"",""RF-NEGATE-IDENTITY""]",[],"[""DO-IDENTIFY""]",[],"{""non_frontier_language_must_be_established"":true,""allowed_new_language"":""LEX-W-REP-001"",""presentation_practice_feedback_evaluation_closed"":true}","[""P-SEQ-001"",""W-OBJ-002"",""P-POSS-001"",""W-TEC-001""]","[""L001"",""L000"",""L007"",""L004"",""L006""]","[""CHAR-ERROL"",""CHAR-EMMA"",""CHAR-TARO""]","[""LOC-DIRECT-TEACHING""]",,[],Canonical persistent-world event only when chronology_event is non-null; otherwise direct instruction or noncanonical controlled examples.,"[""COMPARISON"",""SYMBOLIC""]",PB-O,"[""Wording-changed probe"",""Delayed retrieval probe"",""Composition with established material"",""World-concept probe without frontier wording""]","[""C128"",""C166"",""C180"",""C186"",""SYN""]",30,"[""Representation vs referent. An icon or picture may represent Errol without being Errol.""]","Identity/self-introduction with copular affirmative/negative: `I am`, `X is/isn't`."
L028,represents/stands for,POINT_FRONTIER,"[{""world_id"":""W-REP-001"",""status"":""EST""}]","{""point_ids"":[""P-REP-001""],""status"":""NEW""}",[],"[""represents/stands for""]","[""LEX-P-REP-001""]","[""LEX-W-REP-001"",""LEX-P-ID-001"",""LEX-P-DET-002""]","[""P-ID-001"",""P-DET-002""]","[""RF-AFFIRM-IDENTITY"",""RF-NEGATE-IDENTITY""]",[],"[""DO-IDENTIFY""]",[],"{""non_frontier_language_must_be_established"":true,""allowed_new_language"":""LEX-P-REP-001"",""presentation_practice_feedback_evaluation_closed"":true}","[""W-OBJ-002"",""P-POSS-001"",""W-TEC-001"",""W-REP-001""]","[""L027"",""L000"",""L004""]","[""CHAR-ERROL"",""CHAR-EMMA"",""CHAR-TARO""]","[""LOC-DIRECT-TEACHING""]",,[],Canonical persistent-world event only when chronology_event is non-null; otherwise direct instruction or noncanonical controlled examples.,"[""SCENE"",""SYMBOLIC""]",PB-O,"[""Wording-changed probe"",""Delayed retrieval probe"",""Composition with established material"",""Cross-domain POINT probe""]","[""C128"",""C166"",""C186""]",30,"[""`represents/stands for`.""]",`represents/stands for`.
L029,Sender–message–receiver,WORLD_FRONTIER,"[{""world_id"":""W-COM-001"",""status"":""NEW""}]","{""point_ids"":[""P-DET-002""],""status"":""EST""}",[],"[""sender"",""message"",""receiver""]","[""LEX-W-COM-001""]","[""LEX-W-TEC-001"",""LEX-P-DET-002"",""LEX-P-PRON-001"",""LEX-P-ID-001"",""LEX-P-TNS-002""]","[""P-DET-002"",""P-PRON-001"",""P-ID-001"",""P-TNS-002""]","[""RF-AFFIRM-IDENTITY"",""RF-NEGATE-IDENTITY""]",[],"[""DO-IDENTIFY""]",[],"{""non_frontier_language_must_be_established"":true,""allowed_new_language"":""LEX-W-COM-001"",""presentation_practice_feedback_evaluation_closed"":true}","[""P-POSS-001"",""W-TEC-001"",""W-REP-001"",""P-REP-001""]","[""L026"",""L004"",""L006"",""L000"",""L016""]","[""CHAR-ERROL"",""CHAR-EMMA"",""CHAR-TARO""]","[""LOC-DIRECT-TEACHING""]",,[],Canonical persistent-world event only when chronology_event is non-null; otherwise direct instruction or noncanonical controlled examples.,"[""DIAGRAM"",""SEQUENCE""]",PB-O,"[""Wording-changed probe"",""Delayed retrieval probe"",""Composition with established material"",""World-concept probe without frontier wording""]","[""C164"",""C165""]",30,"[""Sender–message–receiver. Communication can involve a sender, transferable message, and receiver.""]",Definite `the` for identifiable referent.
L030,"Transfer roles: send X to Y, receive X from Y",POINT_FRONTIER,"[{""world_id"":""W-COM-001"",""status"":""EST""}]","{""point_ids"":[""P-COM-001""],""status"":""NEW""}",[],"[""send X to Y"",""receive X from Y""]","[""LEX-P-COM-001""]","[""LEX-W-COM-001"",""LEX-P-ID-001""]","[""P-ID-001""]","[""RF-AFFIRM-IDENTITY"",""RF-NEGATE-IDENTITY""]",[],"[""DO-IDENTIFY""]",[],"{""non_frontier_language_must_be_established"":true,""allowed_new_language"":""LEX-P-COM-001"",""presentation_practice_feedback_evaluation_closed"":true}","[""W-TEC-001"",""W-REP-001"",""P-REP-001"",""W-COM-001""]","[""L029"",""L000""]","[""CHAR-ERROL"",""CHAR-EMMA"",""CHAR-TARO""]","[""LOC-DIRECT-TEACHING""]",,[],Canonical persistent-world event only when chronology_event is non-null; otherwise direct instruction or noncanonical controlled examples.,"[""SCENE"",""SYMBOLIC""]",PB-O,"[""Wording-changed probe"",""Delayed retrieval probe"",""Composition with established material"",""Cross-domain POINT probe""]","[""C165""]",30,"[""Transfer roles: `send X to Y`, `receive X from Y`.""]","Transfer roles: `send X to Y`, `receive X from Y`."
L031,Mind transfer vs message transfer,WORLD_FRONTIER,"[{""world_id"":""W-ONT-002"",""status"":""NEW""}]","{""point_ids"":[""P-COM-001""],""status"":""EST""}",[],"[""data transfer"",""Errol travels"",""message travels"",""different events""]","[""LEX-W-ONT-002""]","[""LEX-W-ONT-001"",""LEX-W-COM-001"",""LEX-P-COM-001"",""LEX-P-ID-001"",""LEX-P-DET-002"",""LEX-P-PRON-001""]","[""P-COM-001"",""P-ID-001"",""P-DET-002"",""P-PRON-001""]","[""RF-AFFIRM-IDENTITY"",""RF-NEGATE-IDENTITY""]",[],"[""DO-IDENTIFY""]",[],"{""non_frontier_language_must_be_established"":true,""allowed_new_language"":""LEX-W-ONT-002"",""presentation_practice_feedback_evaluation_closed"":true}","[""W-REP-001"",""P-REP-001"",""W-COM-001"",""P-COM-001""]","[""L001"",""L029"",""L030"",""L000"",""L004"",""L006""]","[""CHAR-ERROL"",""CHAR-EMMA"",""CHAR-TARO""]","[""LOC-DIRECT-TEACHING""]",,[],Canonical persistent-world event only when chronology_event is non-null; otherwise direct instruction or noncanonical controlled examples.,"[""DIAGRAM"",""COMPARISON""]",PB-O,"[""Wording-changed probe"",""Delayed retrieval probe"",""Composition with established material"",""World-concept probe without frontier wording""]","[""C164"",""C165"",""C166"",""C167"",""C168"",""C169"",""C170"",""SYN""]",30,"[""Mind transfer vs message transfer. Errol may travel by data transfer; a message may travel without Errol traveling. These are distinct events.""]","Transfer roles: `send X to Y`, `receive X from Y`."
L032,by as means/channel,POINT_FRONTIER,"[{""world_id"":""W-ONT-002"",""status"":""EST""}]","{""point_ids"":[""P-REL-001""],""status"":""NEW""}",[],"[""by""]","[""LEX-P-REL-001""]","[""LEX-W-ONT-002"",""LEX-P-ID-001""]","[""P-ID-001""]","[""RF-AFFIRM-IDENTITY"",""RF-NEGATE-IDENTITY""]",[],"[""DO-IDENTIFY""]",[],"{""non_frontier_language_must_be_established"":true,""allowed_new_language"":""LEX-P-REL-001"",""presentation_practice_feedback_evaluation_closed"":true}","[""P-REP-001"",""W-COM-001"",""P-COM-001"",""W-ONT-002""]","[""L031"",""L000""]","[""CHAR-ERROL"",""CHAR-EMMA"",""CHAR-TARO""]","[""LOC-DIRECT-TEACHING""]",,[],Canonical persistent-world event only when chronology_event is non-null; otherwise direct instruction or noncanonical controlled examples.,"[""SCENE"",""SYMBOLIC""]",PB-O,"[""Wording-changed probe"",""Delayed retrieval probe"",""Composition with established material"",""Cross-domain POINT probe""]","[""C017"",""C164""]",30,"[""`by` as means/channel.""]",`by` as means/channel.
L033,Communication breakdown,WORLD_FRONTIER,"[{""world_id"":""W-SOC-002"",""status"":""NEW""}]","{""point_ids"":[""P-COM-001""],""status"":""EST""}",[],"[""understand"",""does not understand"",""communication breakdown""]","[""LEX-W-SOC-002""]","[""LEX-W-COM-001"",""LEX-P-COM-001"",""LEX-P-NEG-001"",""LEX-P-ID-001"",""LEX-P-DET-002""]","[""P-COM-001"",""P-NEG-001"",""P-ID-001"",""P-DET-002""]","[""RF-AFFIRM-IDENTITY"",""RF-NEGATE-IDENTITY""]",[],"[""DO-IDENTIFY""]",[],"{""non_frontier_language_must_be_established"":true,""allowed_new_language"":""LEX-W-SOC-002"",""presentation_practice_feedback_evaluation_closed"":true}","[""W-COM-001"",""P-COM-001"",""W-ONT-002"",""P-REL-001""]","[""L029"",""L030"",""L017"",""L000"",""L004""]","[""CHAR-ERROL"",""CHAR-EMMA"",""CHAR-TARO""]","[""LOC-DIRECT-TEACHING""]",,[],Canonical persistent-world event only when chronology_event is non-null; otherwise direct instruction or noncanonical controlled examples.,"[""DIALOGUE""]",PB-O,"[""Wording-changed probe"",""Delayed retrieval probe"",""Composition with established material"",""World-concept probe without frontier wording""]","[""V2"",""SYN""]",30,"[""Communication breakdown. A hearer/reader may fail to understand even when a message was produced; participants can notice the failure.""]","Transfer roles: `send X to Y`, `receive X from Y`."
L034,Repair/clarification: I don't understand; What does X mean?; Can you say that another way?,POINT_FRONTIER,"[{""world_id"":""W-SOC-002"",""status"":""EST""}]","{""point_ids"":[""P-SOC-004""],""status"":""NEW""}",[],"[""I don't understand"",""What does X mean?"",""Can you say that another way?""]","[""LEX-P-SOC-004""]","[""LEX-W-SOC-002"",""LEX-P-Q-001"",""LEX-P-ID-001""]","[""P-Q-001"",""P-ID-001""]","[""RF-WHO-IDENTITY"",""RF-AFFIRM-IDENTITY"",""RF-NEGATE-IDENTITY""]","[""RF-CLARIFICATION""]","[""DO-IDENTIFY""]","[""DO-REPAIR""]","{""non_frontier_language_must_be_established"":true,""allowed_new_language"":""LEX-P-SOC-004"",""presentation_practice_feedback_evaluation_closed"":true}","[""P-COM-001"",""W-ONT-002"",""P-REL-001"",""W-SOC-002""]","[""L033"",""L000""]","[""CHAR-ERROL"",""CHAR-EMMA"",""CHAR-TARO""]","[""LOC-DIRECT-TEACHING""]",,[],Canonical persistent-world event only when chronology_event is non-null; otherwise direct instruction or noncanonical controlled examples.,"[""DIALOGUE"",""COMPARISON""]",PB-O,"[""Wording-changed probe"",""Delayed retrieval probe"",""Composition with established material"",""Cross-domain POINT probe""]","[""V2"",""SYN""]",30,"[""Repair/clarification: `I don't understand`; `What does X mean?`; `Can you say that another way?`""]",Repair/clarification: `I don't understand`; `What does X mean?`; `Can you say that another way?`
L035,Tools and designed functions,WORLD_FRONTIER,"[{""world_id"":""W-TEC-002"",""status"":""NEW""}]","{""point_ids"":[""P-DET-002""],""status"":""EST""}",[],"[""tools"",""designed"",""functions""]","[""LEX-W-TEC-002""]","[""LEX-W-OBJ-001"",""LEX-W-TEC-001"",""LEX-P-DET-002"",""LEX-P-TNS-002"",""LEX-P-ID-001"",""LEX-P-PRON-001""]","[""P-DET-002"",""P-TNS-002"",""P-ID-001"",""P-PRON-001""]","[""RF-AFFIRM-IDENTITY"",""RF-NEGATE-IDENTITY""]",[],"[""DO-IDENTIFY""]",[],"{""non_frontier_language_must_be_established"":true,""allowed_new_language"":""LEX-W-TEC-002"",""presentation_practice_feedback_evaluation_closed"":true}","[""W-ONT-002"",""P-REL-001"",""W-SOC-002"",""P-SOC-004""]","[""L003"",""L026"",""L004"",""L016"",""L000"",""L006""]","[""CHAR-EMMA"",""CHAR-TARO""]","[""LOC-DIRECT-TEACHING"",""LOC-WORKSHOP""]",INTRODUCE-LOC-WORKSHOP,[],Canonical persistent-world event only when chronology_event is non-null; otherwise direct instruction or noncanonical controlled examples.,"[""SCENE"",""COMPARISON""]",PB-O,"[""Wording-changed probe"",""Delayed retrieval probe"",""Composition with established material"",""World-concept probe without frontier wording""]","[""C018"",""C019""]",30,"[""Tools and designed functions. A tool is an object used to perform an action or purpose; the tool is distinct from the user and result.""]",Definite `the` for identifiable referent.
L036,with as instrument,POINT_FRONTIER,"[{""world_id"":""W-TEC-002"",""status"":""EST""}]","{""point_ids"":[""P-INST-001""],""status"":""NEW""}",[],"[""with""]","[""LEX-P-INST-001""]","[""LEX-W-TEC-002"",""LEX-P-DET-002""]","[""P-DET-002""]",[],[],[],[],"{""non_frontier_language_must_be_established"":true,""allowed_new_language"":""LEX-P-INST-001"",""presentation_practice_feedback_evaluation_closed"":true}","[""P-REL-001"",""W-SOC-002"",""P-SOC-004"",""W-TEC-002""]","[""L035"",""L004""]","[""CHAR-EMMA"",""CHAR-TARO""]","[""LOC-DIRECT-TEACHING""]",,[],Canonical persistent-world event only when chronology_event is non-null; otherwise direct instruction or noncanonical controlled examples.,"[""SCENE"",""SYMBOLIC""]",PB-O,"[""Wording-changed probe"",""Delayed retrieval probe"",""Composition with established material"",""Cross-domain POINT probe""]","[""C018""]",30,"[""`with` as instrument.""]",`with` as instrument.
L037,used to + verb / used for + -ing,POINT_FRONTIER,"[{""world_id"":""W-TEC-002"",""status"":""EST""}]","{""point_ids"":[""P-FUNC-001""],""status"":""NEW""}",[],"[""used to + verb"",""used for + -ing""]","[""LEX-P-FUNC-001""]","[""LEX-W-TEC-002"",""LEX-P-INST-001""]","[""P-INST-001""]",[],[],[],[],"{""non_frontier_language_must_be_established"":true,""allowed_new_language"":""LEX-P-FUNC-001"",""presentation_practice_feedback_evaluation_closed"":true}","[""W-SOC-002"",""P-SOC-004"",""W-TEC-002"",""P-INST-001""]","[""L035"",""L036""]","[""CHAR-EMMA"",""CHAR-TARO""]","[""LOC-DIRECT-TEACHING""]",,[],Canonical persistent-world event only when chronology_event is non-null; otherwise direct instruction or noncanonical controlled examples.,"[""SCENE"",""SYMBOLIC""]",PB-O,"[""Wording-changed probe"",""Delayed retrieval probe"",""Composition with established material"",""Cross-domain POINT probe""]","[""C019""]",30,"[""`used to + verb` / `used for + -ing`.""]",`used to + verb` / `used for + -ing`.
L038,Physical transportation,WORLD_FRONTIER,"[{""world_id"":""W-TRN-001"",""status"":""NEW""}]","{""point_ids"":[""P-ASP-001""],""status"":""EST""}",[],"[""physical"",""transportation""]","[""LEX-W-TRN-001""]","[""LEX-W-EVT-001"",""LEX-P-ASP-001"",""LEX-P-REL-001"",""LEX-P-ID-001"",""LEX-P-DET-002""]","[""P-ASP-001"",""P-REL-001"",""P-ID-001"",""P-DET-002""]","[""RF-AFFIRM-IDENTITY"",""RF-NEGATE-IDENTITY""]",[],"[""DO-IDENTIFY""]",[],"{""non_frontier_language_must_be_established"":true,""allowed_new_language"":""LEX-W-TRN-001"",""presentation_practice_feedback_evaluation_closed"":true}","[""P-SOC-004"",""W-TEC-002"",""P-INST-001"",""P-FUNC-001""]","[""L014"",""L015"",""L032"",""L000"",""L004""]","[""CHAR-EMMA"",""CHAR-TARO""]","[""LOC-DIRECT-TEACHING""]",,[],Canonical persistent-world event only when chronology_event is non-null; otherwise direct instruction or noncanonical controlled examples.,"[""SCENE"",""SEQUENCE""]",PB-O,"[""Wording-changed probe"",""Delayed retrieval probe"",""Composition with established material"",""World-concept probe without frontier wording""]","[""C017"",""SYN""]",30,"[""Physical transportation. People can change physical location using different means; Emma may travel by bus and Taro by bicycle.""]",present progressive `be + -ing`.
L039,Routes and paths,WORLD_FRONTIER,"[{""world_id"":""W-GEO-001"",""status"":""NEW""}]","{""point_ids"":[""P-SPAT-001""],""status"":""EST""}",[],"[""route"",""start"",""path"",""destination"",""Oak"",""Pond"",""Meadow Path"",""School""]","[""LEX-W-GEO-001""]","[""LEX-W-TRN-001"",""LEX-P-SPAT-001"",""LEX-P-REL-001"",""LEX-P-ID-001"",""LEX-P-DET-002""]","[""P-SPAT-001"",""P-REL-001"",""P-ID-001"",""P-DET-002""]","[""RF-AFFIRM-IDENTITY"",""RF-NEGATE-IDENTITY""]",[],"[""DO-IDENTIFY""]",[],"{""non_frontier_language_must_be_established"":true,""allowed_new_language"":""LEX-W-GEO-001"",""presentation_practice_feedback_evaluation_closed"":true}","[""W-TEC-002"",""P-INST-001"",""P-FUNC-001"",""W-TRN-001""]","[""L038"",""L010"",""L032"",""L000"",""L004""]","[""CHAR-EMMA"",""CHAR-TARO""]","[""LOC-MEADOW-PATH"",""LOC-POND"",""LOC-OAK"",""LOC-SCHOOL""]",INTRODUCE-LOC-OAK; INTRODUCE-LOC-POND; INTRODUCE-LOC-MEADOW-PATH; INTRODUCE-LOC-SCHOOL,[],Canonical persistent-world event only when chronology_event is non-null; otherwise direct instruction or noncanonical controlled examples.,"[""DIAGRAM"",""SYMBOLIC""]",DS,"[""Wording-changed probe"",""Delayed retrieval probe"",""Composition with established material"",""World-concept probe without frontier wording""]","[""C013"",""C131"",""V2""]",30,"[""Routes and paths. Travel can have a start, path, intermediate places, and destination. In the canonical world, the Meadow Path connects Gran's garden gate to the Pond and continues to the School; the Pond is a short walk from the Oak.""]",`in/on/under/above/beside/next to`.
L040,to/from/into/out of/through,POINT_FRONTIER,"[{""world_id"":""W-GEO-001"",""status"":""EST""}]","{""point_ids"":[""P-PATH-001""],""status"":""NEW""}",[],"[""to/from/into/out of/through""]","[""LEX-P-PATH-001""]","[""LEX-W-GEO-001"",""LEX-P-SPAT-001""]","[""P-SPAT-001""]",[],[],[],[],"{""non_frontier_language_must_be_established"":true,""allowed_new_language"":""LEX-P-PATH-001"",""presentation_practice_feedback_evaluation_closed"":true}","[""P-INST-001"",""P-FUNC-001"",""W-TRN-001"",""W-GEO-001""]","[""L039"",""L010""]","[""CHAR-EMMA"",""CHAR-TARO""]","[""LOC-MEADOW-PATH"",""LOC-POND"",""LOC-OAK"",""LOC-SCHOOL""]",,[],Canonical persistent-world event only when chronology_event is non-null; otherwise direct instruction or noncanonical controlled examples.,"[""SCENE"",""SYMBOLIC""]",PB-O,"[""Wording-changed probe"",""Delayed retrieval probe"",""Composition with established material"",""Cross-domain POINT probe""]","[""C013"",""C131""]",30,"[""`to/from/into/out of/through`.""]",`to/from/into/out of/through`.
L041,which? among an identified set,POINT_FRONTIER,"[{""world_id"":""W-GEO-001"",""status"":""EST""}]","{""point_ids"":[""P-Q-004""],""status"":""NEW""}",[],"[""which?""]","[""LEX-P-Q-004""]","[""LEX-W-GEO-001"",""LEX-P-Q-002"",""LEX-P-DET-003""]","[""P-Q-002"",""P-DET-003""]","[""RF-OR-IDENTITY""]",[],"[""DO-IDENTIFY""]",[],"{""non_frontier_language_must_be_established"":true,""allowed_new_language"":""LEX-P-Q-004"",""presentation_practice_feedback_evaluation_closed"":true}","[""P-FUNC-001"",""W-TRN-001"",""W-GEO-001"",""P-PATH-001""]","[""L039"",""L000"",""L007""]","[""CHAR-EMMA"",""CHAR-TARO""]","[""LOC-MEADOW-PATH"",""LOC-POND"",""LOC-OAK"",""LOC-SCHOOL""]",,[],Canonical persistent-world event only when chronology_event is non-null; otherwise direct instruction or noncanonical controlled examples.,"[""SCENE"",""SYMBOLIC""]",PB-O,"[""Wording-changed probe"",""Delayed retrieval probe"",""Composition with established material"",""Cross-domain POINT probe""]","[""C026"",""SYN""]",30,"[""`which?` among an identified set.""]",`which?` among an identified set.
L042,"Errol, device, symbol, and message transfer",TRANSFER,"[{""world_id"":""W-SOC-002"",""status"":""XFER""},{""world_id"":""W-TEC-002"",""status"":""XFER""},{""world_id"":""W-TRN-001"",""status"":""XFER""},{""world_id"":""W-GEO-001"",""status"":""XFER""}]","{""point_ids"":[""P-REL-001"",""P-SOC-004"",""P-INST-001"",""P-FUNC-001"",""P-PATH-001"",""P-Q-004""],""status"":""XFER""}",[],[],[],"[""LEX-P-REL-001"",""LEX-W-SOC-002"",""LEX-P-SOC-004"",""LEX-W-TEC-002"",""LEX-P-INST-001"",""LEX-P-FUNC-001"",""LEX-W-TRN-001"",""LEX-W-GEO-001"",""LEX-P-PATH-001"",""LEX-P-Q-004""]","[""P-REL-001"",""P-SOC-004"",""P-INST-001"",""P-FUNC-001"",""P-PATH-001"",""P-Q-004""]","[""RF-CLARIFICATION""]",[],"[""DO-REPAIR""]",[],"{""non_frontier_language_must_be_established"":true,""allowed_new_language"":""NONE"",""presentation_practice_feedback_evaluation_closed"":true}","[""P-REL-001"",""W-SOC-002"",""P-SOC-004"",""W-TEC-002"",""P-INST-001"",""P-FUNC-001"",""W-TRN-001"",""W-GEO-001"",""P-PATH-001"",""P-Q-004""]","[""L032"",""L033"",""L034"",""L035"",""L036"",""L037"",""L038"",""L039"",""L040"",""L041""]","[""CHAR-EMMA"",""CHAR-TARO"",""CHAR-ERROL""]","[""LOC-MEADOW-PATH"",""LOC-POND"",""LOC-OAK"",""LOC-SCHOOL""]",,[],Noncanonical transfer and retrieval task; no new persistent event.,"[""COMPARISON"",""DIALOGUE"",""DIAGRAM""]",DS,"[""Far transfer"",""Delayed retrieval"",""Multi-item composition"",""No frontier leakage""]","[""C017"",""C164"",""V2"",""SYN"",""C018"",""C019"",""C013"",""C131"",""C026""]",30,"[""Recombine already acquired WORLD and POINT material in a new context.""]",No new POINT; established operators are retrieved and composed.
L043,Quantity and zero,WORLD_FRONTIER,"[{""world_id"":""W-MATH-001"",""status"":""NEW""}]","{""point_ids"":[""P-NUM-001""],""status"":""EST""}",[],"[""quantity"",""zero""]","[""LEX-W-MATH-001""]","[""LEX-W-OBJ-001"",""LEX-P-NUM-001"",""LEX-P-EXIST-001"",""LEX-P-ID-001"",""LEX-P-DET-002""]","[""P-NUM-001"",""P-EXIST-001"",""P-ID-001"",""P-DET-002""]","[""RF-AFFIRM-IDENTITY"",""RF-NEGATE-IDENTITY""]",[],"[""DO-IDENTIFY""]",[],"{""non_frontier_language_must_be_established"":true,""allowed_new_language"":""LEX-W-MATH-001"",""presentation_practice_feedback_evaluation_closed"":true}","[""W-TRN-001"",""W-GEO-001"",""P-PATH-001"",""P-Q-004""]","[""L003"",""L005"",""L009"",""L000"",""L004""]","[""CHAR-EMMA"",""CHAR-TARO""]","[""LOC-DIRECT-TEACHING""]",,[],Canonical persistent-world event only when chronology_event is non-null; otherwise direct instruction or noncanonical controlled examples.,"[""SYMBOLIC"",""COMPARISON""]",PB-O,"[""Wording-changed probe"",""Delayed retrieval probe"",""Composition with established material"",""World-concept probe without frontier wording""]","[""C053"",""C054""]",30,"[""Quantity and zero. Finite collections can have quantities, including no members. Exact initial numerical ceiling is UNSPECIFIED.""]",Regular plurals `-s/-es`.
L044,how many? and zero responses no/none/not any,POINT_FRONTIER,"[{""world_id"":""W-MATH-001"",""status"":""EST""}]","{""point_ids"":[""P-QNT-001""],""status"":""NEW""}",[],"[""how many?"",""no/none/not any""]","[""LEX-P-QNT-001""]","[""LEX-W-MATH-001"",""LEX-P-NUM-001""]","[""P-NUM-001""]",[],[],[],[],"{""non_frontier_language_must_be_established"":true,""allowed_new_language"":""LEX-P-QNT-001"",""presentation_practice_feedback_evaluation_closed"":true}","[""W-GEO-001"",""P-PATH-001"",""P-Q-004"",""W-MATH-001""]","[""L043"",""L005""]","[""CHAR-EMMA"",""CHAR-TARO""]","[""LOC-DIRECT-TEACHING""]",,[],Canonical persistent-world event only when chronology_event is non-null; otherwise direct instruction or noncanonical controlled examples.,"[""SCENE"",""SYMBOLIC""]",PB-O,"[""Wording-changed probe"",""Delayed retrieval probe"",""Composition with established material"",""Cross-domain POINT probe""]","[""C053"",""C054""]",30,"[""`how many?` and zero responses `no/none/not any`.""]",`how many?` and zero responses `no/none/not any`.
L045,Compare quantities,WORLD_FRONTIER,"[{""world_id"":""W-MATH-002"",""status"":""NEW""}]","{""point_ids"":[""P-QNT-001""],""status"":""EST""}",[],"[""compare"",""quantities""]","[""LEX-W-MATH-002""]","[""LEX-W-MATH-001"",""LEX-P-QNT-001"",""LEX-P-ID-001"",""LEX-P-DET-002"",""LEX-P-PRON-001""]","[""P-QNT-001"",""P-ID-001"",""P-DET-002"",""P-PRON-001""]","[""RF-AFFIRM-IDENTITY"",""RF-NEGATE-IDENTITY""]",[],"[""DO-IDENTIFY""]",[],"{""non_frontier_language_must_be_established"":true,""allowed_new_language"":""LEX-W-MATH-002"",""presentation_practice_feedback_evaluation_closed"":true}","[""P-PATH-001"",""P-Q-004"",""W-MATH-001"",""P-QNT-001""]","[""L043"",""L044"",""L000"",""L004"",""L006""]","[""CHAR-EMMA"",""CHAR-TARO""]","[""LOC-DIRECT-TEACHING""]",,[],Canonical persistent-world event only when chronology_event is non-null; otherwise direct instruction or noncanonical controlled examples.,"[""COMPARISON"",""SYMBOLIC""]",PB-O,"[""Wording-changed probe"",""Delayed retrieval probe"",""Composition with established material"",""World-concept probe without frontier wording""]","[""C055""]",30,"[""Compare quantities. Two collections can contain more, fewer, or equal numbers of members.""]",`how many?` and zero responses `no/none/not any`.
L046,more than/less than/equal to/as many as,POINT_FRONTIER,"[{""world_id"":""W-MATH-002"",""status"":""EST""}]","{""point_ids"":[""P-CMP-001""],""status"":""NEW""}",[],"[""more than/less than/equal to/as many as""]","[""LEX-P-CMP-001""]","[""LEX-W-MATH-002"",""LEX-P-QNT-001""]","[""P-QNT-001""]",[],[],[],"[""DO-COMPARE""]","{""non_frontier_language_must_be_established"":true,""allowed_new_language"":""LEX-P-CMP-001"",""presentation_practice_feedback_evaluation_closed"":true}","[""P-Q-004"",""W-MATH-001"",""P-QNT-001"",""W-MATH-002""]","[""L045"",""L044""]","[""CHAR-EMMA"",""CHAR-TARO""]","[""LOC-DIRECT-TEACHING""]",,[],Canonical persistent-world event only when chronology_event is non-null; otherwise direct instruction or noncanonical controlled examples.,"[""SCENE"",""SYMBOLIC""]",PB-O,"[""Wording-changed probe"",""Delayed retrieval probe"",""Composition with established material"",""Cross-domain POINT probe""]","[""C055""]",30,"[""`more than/less than/equal to/as many as`.""]",`more than/less than/equal to/as many as`.
L047,Known vs unknown person,WORLD_FRONTIER,"[{""world_id"":""W-SOC-001"",""status"":""NEW""}]","{""point_ids"":[""P-PRON-001""],""status"":""EST""}",[],"[""known"",""unknown"",""person""]","[""LEX-W-SOC-001""]","[""LEX-W-CHR-001"",""LEX-P-PRON-001"",""LEX-P-Q-001"",""LEX-P-NEG-001"",""LEX-P-ID-001""]","[""P-PRON-001"",""P-Q-001"",""P-NEG-001"",""P-ID-001""]","[""RF-WHO-IDENTITY"",""RF-AFFIRM-IDENTITY"",""RF-NEGATE-IDENTITY""]",[],"[""DO-IDENTIFY""]",[],"{""non_frontier_language_must_be_established"":true,""allowed_new_language"":""LEX-W-SOC-001"",""presentation_practice_feedback_evaluation_closed"":true}","[""W-MATH-001"",""P-QNT-001"",""W-MATH-002"",""P-CMP-001""]","[""L000"",""L006"",""L017""]","[""CHAR-EMMA"",""CHAR-TARO"",""CHAR-ERROL""]","[""LOC-DIRECT-TEACHING""]",,[],Canonical persistent-world event only when chronology_event is non-null; otherwise direct instruction or noncanonical controlled examples.,"[""DIALOGUE"",""COMPARISON""]",PB-O,"[""Wording-changed probe"",""Delayed retrieval probe"",""Composition with established material"",""World-concept probe without frontier wording""]","[""C001"",""C002"",""SYN""]",30,"[""Known vs unknown person. A person may be known to one participant and unknown to another; introducing someone changes that relation.""]",subject/object pronouns.
L048,"Introduce another person: This is X; X, this is Y",POINT_FRONTIER,[],"{""point_ids"":[""P-SOC-003""],""status"":""NEW""}",[],"[""This is X"",""X"",""this is Y""]","[""LEX-P-SOC-003""]","[""LEX-P-ID-001"",""LEX-P-Q-001""]","[""P-ID-001"",""P-Q-001""]","[""RF-AFFIRM-IDENTITY"",""RF-NEGATE-IDENTITY"",""RF-WHO-IDENTITY""]",[],"[""DO-IDENTIFY""]","[""DO-INTRODUCE""]","{""non_frontier_language_must_be_established"":true,""allowed_new_language"":""LEX-P-SOC-003"",""presentation_practice_feedback_evaluation_closed"":true}","[""P-QNT-001"",""W-MATH-002"",""P-CMP-001"",""W-SOC-001""]","[""L000""]","[""CHAR-EMMA"",""CHAR-TARO"",""CHAR-ERROL""]","[""LOC-DIRECT-TEACHING""]",,[],Canonical persistent-world event only when chronology_event is non-null; otherwise direct instruction or noncanonical controlled examples.,"[""DIALOGUE"",""COMPARISON""]",PB-O,"[""Wording-changed probe"",""Delayed retrieval probe"",""Composition with established material"",""Cross-domain POINT probe""]","[""C002"",""SYN""]",30,"[""Introduce another person: `This is X`; `X, this is Y`.""]","Introduce another person: `This is X`; `X, this is Y`."
L049,Cooperation,WORLD_FRONTIER,"[{""world_id"":""W-SOC-003"",""status"":""NEW""}]","{""point_ids"":[""P-TNS-002""],""status"":""EST""}",[],"[""cooperation""]","[""LEX-W-SOC-003""]","[""LEX-W-CHR-001"",""LEX-P-TNS-002"",""LEX-P-PRON-001"",""LEX-P-ID-001"",""LEX-P-DET-002""]","[""P-TNS-002"",""P-PRON-001"",""P-ID-001"",""P-DET-002""]","[""RF-AFFIRM-IDENTITY"",""RF-NEGATE-IDENTITY""]",[],"[""DO-IDENTIFY""]",[],"{""non_frontier_language_must_be_established"":true,""allowed_new_language"":""LEX-W-SOC-003"",""presentation_practice_feedback_evaluation_closed"":true}","[""W-MATH-002"",""P-CMP-001"",""W-SOC-001"",""P-SOC-003""]","[""L000"",""L016"",""L006"",""L004""]","[""CHAR-EMMA"",""CHAR-TARO"",""CHAR-ERROL""]","[""LOC-DIRECT-TEACHING""]",,[],Canonical persistent-world event only when chronology_event is non-null; otherwise direct instruction or noncanonical controlled examples.,"[""SCENE"",""SEQUENCE""]",PB-O,"[""Wording-changed probe"",""Delayed retrieval probe"",""Composition with established material"",""World-concept probe without frontier wording""]","[""C020"",""SYN""]",30,"[""Cooperation. Multiple agents can share a goal and perform complementary actions or help one another.""]","simple present for habits/general routines, including third-person `-s`."
L050,Polite request Can you,POINT_FRONTIER,"[{""world_id"":""W-SOC-003"",""status"":""EST""}]","{""point_ids"":[""P-SOC-005""],""status"":""NEW""}",[],"[""Can you ... please?""]","[""LEX-P-SOC-005""]","[""LEX-W-SOC-003"",""LEX-P-SOC-002""]","[""P-SOC-002""]","[""RF-MEETING-RECIPROCITY""]","[""RF-POLITE-REQUEST""]",[],"[""DO-REQUEST""]","{""non_frontier_language_must_be_established"":true,""allowed_new_language"":""LEX-P-SOC-005"",""presentation_practice_feedback_evaluation_closed"":true}","[""P-CMP-001"",""W-SOC-001"",""P-SOC-003"",""W-SOC-003""]","[""L049"",""L000""]","[""CHAR-EMMA"",""CHAR-TARO"",""CHAR-ERROL""]","[""LOC-DIRECT-TEACHING""]",,[],Canonical persistent-world event only when chronology_event is non-null; otherwise direct instruction or noncanonical controlled examples.,"[""DIALOGUE"",""COMPARISON""]",PB-O,"[""Wording-changed probe"",""Delayed retrieval probe"",""Composition with established material"",""Cross-domain POINT probe""]","[""C020""]",30,"[""Polite request `Can you ... please?`""]",Polite request `Can you ... please?`
L051,Thanking and response: Thank you,POINT_FRONTIER,"[{""world_id"":""W-SOC-003"",""status"":""EST""}]","{""point_ids"":[""P-SOC-009""],""status"":""NEW""}",[],"[""Thank you."",""Thanks."",""You're welcome.""]","[""LEX-P-SOC-009""]","[""LEX-W-SOC-003"",""LEX-P-SOC-001""]","[""P-SOC-001""]","[""RF-GREETING""]","[""RF-THANKS""]","[""DO-GREET""]",[],"{""non_frontier_language_must_be_established"":true,""allowed_new_language"":""LEX-P-SOC-009"",""presentation_practice_feedback_evaluation_closed"":true}","[""W-SOC-001"",""P-SOC-003"",""W-SOC-003"",""P-SOC-005""]","[""L049"",""L000""]","[""CHAR-EMMA"",""CHAR-TARO"",""CHAR-ERROL""]","[""LOC-DIRECT-TEACHING""]",,[],Canonical persistent-world event only when chronology_event is non-null; otherwise direct instruction or noncanonical controlled examples.,"[""DIALOGUE"",""COMPARISON""]",PB-O,"[""Wording-changed probe"",""Delayed retrieval probe"",""Composition with established material"",""Cross-domain POINT probe""]","[""C021""]",30,"[""Thanking and response: `Thank you.`, `Thanks.`, `You're welcome.`""]","Thanking and response: `Thank you.`, `Thanks.`, `You're welcome.`"
L052,Farewells: Goodbye,POINT_FRONTIER,"[{""world_id"":""W-CHR-001"",""status"":""EST""}]","{""point_ids"":[""P-SOC-010""],""status"":""NEW""}",[],"[""Goodbye."",""See you later.""]","[""LEX-P-SOC-010""]","[""LEX-W-CHR-001"",""LEX-P-SOC-001""]","[""P-SOC-001""]","[""RF-GREETING""]","[""RF-FAREWELL""]","[""DO-GREET""]",[],"{""non_frontier_language_must_be_established"":true,""allowed_new_language"":""LEX-P-SOC-010"",""presentation_practice_feedback_evaluation_closed"":true}","[""P-SOC-003"",""W-SOC-003"",""P-SOC-005"",""P-SOC-009""]","[""L000""]","[""CHAR-EMMA"",""CHAR-TARO"",""CHAR-ERROL""]","[""LOC-DIRECT-TEACHING""]",,[],Canonical persistent-world event only when chronology_event is non-null; otherwise direct instruction or noncanonical controlled examples.,"[""DIALOGUE"",""COMPARISON""]",PB-O,"[""Wording-changed probe"",""Delayed retrieval probe"",""Composition with established material"",""Cross-domain POINT probe""]","[""C001""]",30,"[""Farewells: `Goodbye.`, `See you later.`""]","Farewells: `Goodbye.`, `See you later.`"
L053,Occupations describe roles/work people perform; person and occupation are distinct,WORLD_FRONTIER,"[{""world_id"":""W-SOC-010"",""status"":""NEW""}]","{""point_ids"":[""P-ID-001""],""status"":""EST""}",[],"[""occupations"",""describe"",""roles"",""work"",""people"",""perform"",""person"",""occupation""]","[""LEX-W-SOC-010""]","[""LEX-W-CHR-001"",""LEX-W-TEC-002"",""LEX-P-ID-001"",""LEX-P-DET-002"",""LEX-P-PRON-001""]","[""P-ID-001"",""P-DET-002"",""P-PRON-001""]","[""RF-AFFIRM-IDENTITY"",""RF-NEGATE-IDENTITY""]",[],"[""DO-IDENTIFY""]",[],"{""non_frontier_language_must_be_established"":true,""allowed_new_language"":""LEX-W-SOC-010"",""presentation_practice_feedback_evaluation_closed"":true}","[""W-SOC-003"",""P-SOC-005"",""P-SOC-009"",""P-SOC-010""]","[""L000"",""L035"",""L004"",""L006""]","[""CHAR-EMMA"",""CHAR-TARO"",""CHAR-ERROL""]","[""LOC-DIRECT-TEACHING""]",,[],Canonical persistent-world event only when chronology_event is non-null; otherwise direct instruction or noncanonical controlled examples.,"[""SCENE""]",PB-O,"[""Wording-changed probe"",""Delayed retrieval probe"",""Composition with established material"",""World-concept probe without frontier wording""]","[""C003"",""C145""]",30,"[""Occupations describe roles/work people perform; person and occupation are distinct.""]","Identity/self-introduction with copular affirmative/negative: `I am`, `X is/isn't`."
L054,"Clocks, dates, calendars, and conventional temporal coordinates",WORLD_FRONTIER,"[{""world_id"":""W-TIME-001"",""status"":""NEW""}]","{""point_ids"":[""P-TNS-002""],""status"":""EST""}",[],"[""clocks"",""dates"",""calendars"",""conventional"",""temporal"",""coordinates""]","[""LEX-W-TIME-001""]","[""LEX-W-EVT-001"",""LEX-P-TNS-002"",""LEX-P-ID-001"",""LEX-P-DET-002"",""LEX-P-PRON-001""]","[""P-TNS-002"",""P-ID-001"",""P-DET-002"",""P-PRON-001""]","[""RF-AFFIRM-IDENTITY"",""RF-NEGATE-IDENTITY""]",[],"[""DO-IDENTIFY""]",[],"{""non_frontier_language_must_be_established"":true,""allowed_new_language"":""LEX-W-TIME-001"",""presentation_practice_feedback_evaluation_closed"":true}","[""P-SOC-005"",""P-SOC-009"",""P-SOC-010"",""W-SOC-010""]","[""L014"",""L016"",""L000"",""L004"",""L006""]","[""CHAR-EMMA"",""CHAR-TARO""]","[""LOC-DIRECT-TEACHING""]",,[],Canonical persistent-world event only when chronology_event is non-null; otherwise direct instruction or noncanonical controlled examples.,"[""SYMBOLIC""]",DS,"[""Wording-changed probe"",""Delayed retrieval probe"",""Composition with established material"",""World-concept probe without frontier wording""]","[""C016"",""C069""]",30,"[""Clocks, dates, calendars, and conventional temporal coordinates.""]","simple present for habits/general routines, including third-person `-s`."
L055,when? temporal query,POINT_FRONTIER,"[{""world_id"":""W-TIME-001"",""status"":""EST""}]","{""point_ids"":[""P-Q-005""],""status"":""NEW""}",[],"[""when?""]","[""LEX-P-Q-005""]","[""LEX-W-TIME-001"",""LEX-P-TNS-002""]","[""P-TNS-002""]",[],[],[],[],"{""non_frontier_language_must_be_established"":true,""allowed_new_language"":""LEX-P-Q-005"",""presentation_practice_feedback_evaluation_closed"":true}","[""P-SOC-009"",""P-SOC-010"",""W-SOC-010"",""W-TIME-001""]","[""L054"",""L016""]","[""CHAR-EMMA"",""CHAR-TARO""]","[""LOC-DIRECT-TEACHING""]",,[],Canonical persistent-world event only when chronology_event is non-null; otherwise direct instruction or noncanonical controlled examples.,"[""SCENE"",""SYMBOLIC""]",PB-O,"[""Wording-changed probe"",""Delayed retrieval probe"",""Composition with established material"",""Cross-domain POINT probe""]","[""C016""]",30,"[""`when?` temporal query.""]",`when?` temporal query.
L056,Need vs want,WORLD_FRONTIER,"[{""world_id"":""W-PSY-001"",""status"":""NEW""}]","{""point_ids"":[""P-TNS-002""],""status"":""EST""}",[],"[""need"",""want""]","[""LEX-W-PSY-001""]","[""LEX-W-OBJ-001"",""LEX-W-EVT-001"",""LEX-P-TNS-002"",""LEX-P-NEG-001"",""LEX-P-ID-001"",""LEX-P-DET-002""]","[""P-TNS-002"",""P-NEG-001"",""P-ID-001"",""P-DET-002""]","[""RF-AFFIRM-IDENTITY"",""RF-NEGATE-IDENTITY""]",[],"[""DO-IDENTIFY""]",[],"{""non_frontier_language_must_be_established"":true,""allowed_new_language"":""LEX-W-PSY-001"",""presentation_practice_feedback_evaluation_closed"":true}","[""P-SOC-010"",""W-SOC-010"",""W-TIME-001"",""P-Q-005""]","[""L003"",""L014"",""L016"",""L017"",""L000"",""L004""]","[""CHAR-EMMA"",""CHAR-TARO""]","[""LOC-DIRECT-TEACHING""]",,[],Canonical persistent-world event only when chronology_event is non-null; otherwise direct instruction or noncanonical controlled examples.,"[""COMPARISON"",""DIALOGUE""]",PB-O,"[""Wording-changed probe"",""Delayed retrieval probe"",""Composition with established material"",""World-concept probe without frontier wording""]","[""C034""]",30,"[""Need vs want. Needing something and preferring/wanting it are different relations.""]","simple present for habits/general routines, including third-person `-s`."
L057,like/love/dislike + noun/-ing,POINT_FRONTIER,"[{""world_id"":""W-PSY-001"",""status"":""EST""}]","{""point_ids"":[""P-PREF-001""],""status"":""NEW""}",[],"[""like/love/dislike + noun/-ing""]","[""LEX-P-PREF-001""]","[""LEX-W-PSY-001"",""LEX-P-TNS-002""]","[""P-TNS-002""]",[],[],[],[],"{""non_frontier_language_must_be_established"":true,""allowed_new_language"":""LEX-P-PREF-001"",""presentation_practice_feedback_evaluation_closed"":true}","[""W-SOC-010"",""W-TIME-001"",""P-Q-005"",""W-PSY-001""]","[""L056"",""L016""]","[""CHAR-EMMA"",""CHAR-TARO""]","[""LOC-DIRECT-TEACHING""]",,[],Canonical persistent-world event only when chronology_event is non-null; otherwise direct instruction or noncanonical controlled examples.,"[""SCENE"",""SYMBOLIC""]",PB-O,"[""Wording-changed probe"",""Delayed retrieval probe"",""Composition with established material"",""Cross-domain POINT probe""]","[""C033""]",30,"[""`like/love/dislike + noun/-ing`.""]",`like/love/dislike + noun/-ing`.
L058,need vs want predicates,POINT_FRONTIER,"[{""world_id"":""W-PSY-001"",""status"":""EST""}]","{""point_ids"":[""P-NEED-001""],""status"":""NEW""}",[],"[""need"",""want""]","[""LEX-P-NEED-001""]","[""LEX-W-PSY-001"",""LEX-P-TNS-002""]","[""P-TNS-002""]",[],[],[],[],"{""non_frontier_language_must_be_established"":true,""allowed_new_language"":""LEX-P-NEED-001"",""presentation_practice_feedback_evaluation_closed"":true}","[""W-TIME-001"",""P-Q-005"",""W-PSY-001"",""P-PREF-001""]","[""L056"",""L016""]","[""CHAR-EMMA"",""CHAR-TARO""]","[""LOC-DIRECT-TEACHING""]",,[],Canonical persistent-world event only when chronology_event is non-null; otherwise direct instruction or noncanonical controlled examples.,"[""SCENE"",""SYMBOLIC""]",PB-O,"[""Wording-changed probe"",""Delayed retrieval probe"",""Composition with established material"",""Cross-domain POINT probe""]","[""C034""]",30,"[""`need` vs `want` predicates.""]",`need` vs `want` predicates.
L059,offers/invitations: Would you like,POINT_FRONTIER,"[{""world_id"":""W-SOC-003"",""status"":""EST""}]","{""point_ids"":[""P-SOC-008""],""status"":""NEW""}",[],"[""Would you like...?""]","[""LEX-P-SOC-008""]","[""LEX-W-SOC-003"",""LEX-P-PREF-001"",""LEX-P-SOC-002""]","[""P-PREF-001"",""P-SOC-002""]","[""RF-MEETING-RECIPROCITY""]",[],[],[],"{""non_frontier_language_must_be_established"":true,""allowed_new_language"":""LEX-P-SOC-008"",""presentation_practice_feedback_evaluation_closed"":true}","[""P-Q-005"",""W-PSY-001"",""P-PREF-001"",""P-NEED-001""]","[""L049"",""L057"",""L000""]","[""CHAR-EMMA"",""CHAR-TARO"",""CHAR-ERROL""]","[""LOC-DIRECT-TEACHING""]",,[],Canonical persistent-world event only when chronology_event is non-null; otherwise direct instruction or noncanonical controlled examples.,"[""DIALOGUE"",""COMPARISON""]",PB-O,"[""Wording-changed probe"",""Delayed retrieval probe"",""Composition with established material"",""Cross-domain POINT probe""]","[""C039"",""C040""]",30,"[""offers/invitations: `Would you like...?`; polite accept/decline.""]",offers/invitations: `Would you like...?`; polite accept/decline.
L060,common action particles such as put on/take off,POINT_FRONTIER,"[{""world_id"":""W-OBJ-001"",""status"":""EST""}]","{""point_ids"":[""P-ACT-001""],""status"":""NEW""}",[],"[""put on/take off""]","[""LEX-P-ACT-001""]","[""LEX-W-OBJ-001"",""LEX-P-TNS-002""]","[""P-TNS-002""]",[],[],[],[],"{""non_frontier_language_must_be_established"":true,""allowed_new_language"":""LEX-P-ACT-001"",""presentation_practice_feedback_evaluation_closed"":true}","[""W-PSY-001"",""P-PREF-001"",""P-NEED-001"",""P-SOC-008""]","[""L003"",""L016""]","[""CHAR-EMMA"",""CHAR-TARO""]","[""LOC-DIRECT-TEACHING""]",,[],Canonical persistent-world event only when chronology_event is non-null; otherwise direct instruction or noncanonical controlled examples.,"[""SCENE"",""SYMBOLIC""]",PB-O,"[""Wording-changed probe"",""Delayed retrieval probe"",""Composition with established material"",""Cross-domain POINT probe""]","[""C041""]",30,"[""common action particles such as `put on/take off`.""]",common action particles such as `put on/take off`.
L061,Addition: combining collections changes total quantity,WORLD_FRONTIER,"[{""world_id"":""W-MATH-003"",""status"":""NEW""}]","{""point_ids"":[""P-ID-001""],""status"":""EST""}",[],"[""addition"",""combining"",""collections"",""changes"",""total"",""quantity""]","[""LEX-W-MATH-003""]","[""LEX-W-MATH-001"",""LEX-P-ID-001"",""LEX-P-DET-002"",""LEX-P-PRON-001"",""LEX-P-DESC-001""]","[""P-ID-001"",""P-DET-002"",""P-PRON-001"",""P-DESC-001""]","[""RF-AFFIRM-IDENTITY"",""RF-NEGATE-IDENTITY""]",[],"[""DO-IDENTIFY""]",[],"{""non_frontier_language_must_be_established"":true,""allowed_new_language"":""LEX-W-MATH-003"",""presentation_practice_feedback_evaluation_closed"":true}","[""P-PREF-001"",""P-NEED-001"",""P-SOC-008"",""P-ACT-001""]","[""L043"",""L000"",""L004"",""L006"",""L013""]","[""CHAR-EMMA"",""CHAR-TARO""]","[""LOC-DIRECT-TEACHING""]",,[],Canonical persistent-world event only when chronology_event is non-null; otherwise direct instruction or noncanonical controlled examples.,"[""SYMBOLIC"",""SCENE""]",PB-O,"[""Wording-changed probe"",""Delayed retrieval probe"",""Composition with established material"",""World-concept probe without frontier wording""]","[""C056""]",30,"[""Addition: combining collections changes total quantity.""]","Identity/self-introduction with copular affirmative/negative: `I am`, `X is/isn't`."
L062,Subtraction: removing members changes the remaining quantity,WORLD_FRONTIER,"[{""world_id"":""W-MATH-004"",""status"":""NEW""}]","{""point_ids"":[""P-ID-001""],""status"":""EST""}",[],"[""subtraction"",""removing"",""members"",""changes"",""remaining"",""quantity""]","[""LEX-W-MATH-004""]","[""LEX-W-MATH-001"",""LEX-P-ID-001"",""LEX-P-DET-002"",""LEX-P-PRON-001"",""LEX-P-DESC-001""]","[""P-ID-001"",""P-DET-002"",""P-PRON-001"",""P-DESC-001""]","[""RF-AFFIRM-IDENTITY"",""RF-NEGATE-IDENTITY""]",[],"[""DO-IDENTIFY""]",[],"{""non_frontier_language_must_be_established"":true,""allowed_new_language"":""LEX-W-MATH-004"",""presentation_practice_feedback_evaluation_closed"":true}","[""P-NEED-001"",""P-SOC-008"",""P-ACT-001"",""W-MATH-003""]","[""L043"",""L000"",""L004"",""L006"",""L013""]","[""CHAR-EMMA"",""CHAR-TARO""]","[""LOC-DIRECT-TEACHING""]",,[],Canonical persistent-world event only when chronology_event is non-null; otherwise direct instruction or noncanonical controlled examples.,"[""SYMBOLIC"",""SEQUENCE""]",PB-O,"[""Wording-changed probe"",""Delayed retrieval probe"",""Composition with established material"",""World-concept probe without frontier wording""]","[""C057""]",30,"[""Subtraction: removing members changes the remaining quantity.""]","Identity/self-introduction with copular affirmative/negative: `I am`, `X is/isn't`."
L063,"transport, route, quantity, and social interaction transfer",TRANSFER,"[{""world_id"":""W-SOC-010"",""status"":""XFER""},{""world_id"":""W-TIME-001"",""status"":""XFER""},{""world_id"":""W-PSY-001"",""status"":""XFER""},{""world_id"":""W-MATH-003"",""status"":""XFER""},{""world_id"":""W-MATH-004"",""status"":""XFER""}]","{""point_ids"":[""P-Q-005"",""P-PREF-001"",""P-NEED-001"",""P-SOC-008"",""P-ACT-001""],""status"":""XFER""}",[],[],[],"[""LEX-W-SOC-010"",""LEX-W-TIME-001"",""LEX-P-Q-005"",""LEX-W-PSY-001"",""LEX-P-PREF-001"",""LEX-P-NEED-001"",""LEX-P-SOC-008"",""LEX-P-ACT-001"",""LEX-W-MATH-003"",""LEX-W-MATH-004""]","[""P-Q-005"",""P-PREF-001"",""P-NEED-001"",""P-SOC-008"",""P-ACT-001""]",[],[],[],[],"{""non_frontier_language_must_be_established"":true,""allowed_new_language"":""NONE"",""presentation_practice_feedback_evaluation_closed"":true}","[""W-SOC-010"",""W-TIME-001"",""P-Q-005"",""W-PSY-001"",""P-PREF-001"",""P-NEED-001"",""P-SOC-008"",""P-ACT-001"",""W-MATH-003"",""W-MATH-004""]","[""L053"",""L054"",""L055"",""L056"",""L057"",""L058"",""L059"",""L060"",""L061"",""L062""]","[""CHAR-EMMA"",""CHAR-TARO"",""CHAR-ERROL""]","[""LOC-MEADOW-PATH"",""LOC-POND"",""LOC-OAK"",""LOC-SCHOOL""]",,[],Noncanonical transfer and retrieval task; no new persistent event.,"[""COMPARISON"",""DIALOGUE"",""DIAGRAM""]",DS,"[""Far transfer"",""Delayed retrieval"",""Multi-item composition"",""No frontier leakage""]","[""C003"",""C145"",""C016"",""C069"",""C034"",""C033"",""C039"",""C040"",""C041"",""C056"",""C057""]",30,"[""Recombine already acquired WORLD and POINT material in a new context.""]",No new POINT; established operators are retrieved and composed.
L064,"addition/subtraction language: plus, in all, take away, left",POINT_FRONTIER,"[{""world_id"":""W-MATH-003"",""status"":""EST""},{""world_id"":""W-MATH-004"",""status"":""EST""}]","{""point_ids"":[""P-MATH-001""],""status"":""NEW""}",[],"[""plus"",""in all"",""take away"",""left""]","[""LEX-P-MATH-001""]","[""LEX-W-MATH-003"",""LEX-W-MATH-004"",""LEX-P-QNT-001""]","[""P-QNT-001""]",[],[],[],[],"{""non_frontier_language_must_be_established"":true,""allowed_new_language"":""LEX-P-MATH-001"",""presentation_practice_feedback_evaluation_closed"":true}","[""P-SOC-008"",""P-ACT-001"",""W-MATH-003"",""W-MATH-004""]","[""L061"",""L062"",""L044""]","[""CHAR-EMMA"",""CHAR-TARO""]","[""LOC-DIRECT-TEACHING""]",,[],Canonical persistent-world event only when chronology_event is non-null; otherwise direct instruction or noncanonical controlled examples.,"[""SCENE"",""SYMBOLIC""]",PB-O,"[""Wording-changed probe"",""Delayed retrieval probe"",""Composition with established material"",""Cross-domain POINT probe""]","[""C056"",""C057""]",30,"[""addition/subtraction language: `plus`, `in all`, `take away`, `left`.""]","addition/subtraction language: `plus`, `in all`, `take away`, `left`."
L065,Distribution and equal shares: objects can be allocated across recipients,WORLD_FRONTIER,"[{""world_id"":""W-MATH-005"",""status"":""NEW""}]","{""point_ids"":[""P-ID-001""],""status"":""EST""}",[],"[""distribution"",""equal"",""shares"",""objects"",""allocated"",""across"",""recipients""]","[""LEX-W-MATH-005""]","[""LEX-W-MATH-001"",""LEX-W-MATH-002"",""LEX-P-ID-001"",""LEX-P-DET-002"",""LEX-P-PRON-001"",""LEX-P-TNS-002""]","[""P-ID-001"",""P-DET-002"",""P-PRON-001"",""P-TNS-002""]","[""RF-AFFIRM-IDENTITY"",""RF-NEGATE-IDENTITY""]",[],"[""DO-IDENTIFY""]",[],"{""non_frontier_language_must_be_established"":true,""allowed_new_language"":""LEX-W-MATH-005"",""presentation_practice_feedback_evaluation_closed"":true}","[""P-ACT-001"",""W-MATH-003"",""W-MATH-004"",""P-MATH-001""]","[""L043"",""L045"",""L000"",""L004"",""L006"",""L016""]","[""CHAR-EMMA"",""CHAR-TARO""]","[""LOC-DIRECT-TEACHING""]",,[],Canonical persistent-world event only when chronology_event is non-null; otherwise direct instruction or noncanonical controlled examples.,"[""SCENE"",""SYMBOLIC""]",PB-O,"[""Wording-changed probe"",""Delayed retrieval probe"",""Composition with established material"",""World-concept probe without frontier wording""]","[""C058""]",30,"[""Distribution and equal shares: objects can be allocated across recipients.""]","Identity/self-introduction with copular affirmative/negative: `I am`, `X is/isn't`."
L066,distributives each/every/all,POINT_FRONTIER,"[{""world_id"":""W-MATH-005"",""status"":""EST""}]","{""point_ids"":[""P-QNT-003""],""status"":""NEW""}",[],"[""each/every/all""]","[""LEX-P-QNT-003""]","[""LEX-W-MATH-005"",""LEX-P-QNT-001""]","[""P-QNT-001""]",[],[],[],[],"{""non_frontier_language_must_be_established"":true,""allowed_new_language"":""LEX-P-QNT-003"",""presentation_practice_feedback_evaluation_closed"":true}","[""W-MATH-003"",""W-MATH-004"",""P-MATH-001"",""W-MATH-005""]","[""L065"",""L044""]","[""CHAR-EMMA"",""CHAR-TARO""]","[""LOC-DIRECT-TEACHING""]",,[],Canonical persistent-world event only when chronology_event is non-null; otherwise direct instruction or noncanonical controlled examples.,"[""SCENE"",""SYMBOLIC""]",PB-O,"[""Wording-changed probe"",""Delayed retrieval probe"",""Composition with established material"",""Cross-domain POINT probe""]","[""C058""]",30,"[""distributives `each/every/all`.""]",distributives `each/every/all`.
L067,Ordinal position: quantity and position-in-order are different,WORLD_FRONTIER,"[{""world_id"":""W-MATH-006"",""status"":""NEW""}]","{""point_ids"":[""P-ID-001""],""status"":""EST""}",[],"[""ordinal"",""position"",""quantity"",""position-in-order""]","[""LEX-W-MATH-006""]","[""LEX-W-EVT-002"",""LEX-W-MATH-001"",""LEX-P-ID-001"",""LEX-P-DET-002"",""LEX-P-PRON-001"",""LEX-P-DESC-001""]","[""P-ID-001"",""P-DET-002"",""P-PRON-001"",""P-DESC-001""]","[""RF-AFFIRM-IDENTITY"",""RF-NEGATE-IDENTITY""]",[],"[""DO-IDENTIFY""]",[],"{""non_frontier_language_must_be_established"":true,""allowed_new_language"":""LEX-W-MATH-006"",""presentation_practice_feedback_evaluation_closed"":true}","[""W-MATH-004"",""P-MATH-001"",""W-MATH-005"",""P-QNT-003""]","[""L020"",""L043"",""L000"",""L004"",""L006"",""L013""]","[""CHAR-EMMA"",""CHAR-TARO""]","[""LOC-DIRECT-TEACHING""]",,[],Canonical persistent-world event only when chronology_event is non-null; otherwise direct instruction or noncanonical controlled examples.,"[""SEQUENCE"",""SYMBOLIC""]",PB-O,"[""Wording-changed probe"",""Delayed retrieval probe"",""Composition with established material"",""World-concept probe without frontier wording""]","[""C059""]",30,"[""Ordinal position: quantity and position-in-order are different.""]","Identity/self-introduction with copular affirmative/negative: `I am`, `X is/isn't`."
L068,ordinal forms,POINT_FRONTIER,"[{""world_id"":""W-MATH-006"",""status"":""EST""}]","{""point_ids"":[""P-ORD-001""],""status"":""NEW""}",[],"[""ordinal"",""forms""]","[""LEX-P-ORD-001""]","[""LEX-W-MATH-006"",""LEX-P-QNT-001"",""LEX-P-SEQ-001""]","[""P-QNT-001"",""P-SEQ-001""]","[""RF-SEQUENCE""]",[],"[""DO-SEQUENCE""]",[],"{""non_frontier_language_must_be_established"":true,""allowed_new_language"":""LEX-P-ORD-001"",""presentation_practice_feedback_evaluation_closed"":true}","[""P-MATH-001"",""W-MATH-005"",""P-QNT-003"",""W-MATH-006""]","[""L067"",""L044"",""L023""]","[""CHAR-EMMA"",""CHAR-TARO""]","[""LOC-DIRECT-TEACHING""]",,[],Canonical persistent-world event only when chronology_event is non-null; otherwise direct instruction or noncanonical controlled examples.,"[""SCENE"",""SYMBOLIC""]",PB-O,"[""Wording-changed probe"",""Delayed retrieval probe"",""Composition with established material"",""Cross-domain POINT probe""]","[""C059""]",30,"[""ordinal forms.""]",ordinal forms.
L069,Two-dimensional shapes and attributes,WORLD_FRONTIER,"[{""world_id"":""W-MATH-007"",""status"":""NEW""}]","{""point_ids"":[""P-ID-001""],""status"":""EST""}",[],"[""two-dimensional"",""shapes"",""attributes""]","[""LEX-W-MATH-007""]","[""LEX-W-OBJ-003"",""LEX-P-ID-001"",""LEX-P-DET-002"",""LEX-P-PRON-001"",""LEX-P-DESC-001""]","[""P-ID-001"",""P-DET-002"",""P-PRON-001"",""P-DESC-001""]","[""RF-AFFIRM-IDENTITY"",""RF-NEGATE-IDENTITY""]",[],"[""DO-IDENTIFY""]",[],"{""non_frontier_language_must_be_established"":true,""allowed_new_language"":""LEX-W-MATH-007"",""presentation_practice_feedback_evaluation_closed"":true}","[""W-MATH-005"",""P-QNT-003"",""W-MATH-006"",""P-ORD-001""]","[""L012"",""L000"",""L004"",""L006"",""L013""]","[""CHAR-EMMA"",""CHAR-TARO""]","[""LOC-DIRECT-TEACHING""]",,[],Canonical persistent-world event only when chronology_event is non-null; otherwise direct instruction or noncanonical controlled examples.,"[""COMPARISON"",""SYMBOLIC""]",PB-O,"[""Wording-changed probe"",""Delayed retrieval probe"",""Composition with established material"",""World-concept probe without frontier wording""]","[""C060""]",30,"[""Two-dimensional shapes and attributes.""]","Identity/self-introduction with copular affirmative/negative: `I am`, `X is/isn't`."
L070,"Three-dimensional forms, faces, edges, and other attributes",WORLD_FRONTIER,"[{""world_id"":""W-MATH-008"",""status"":""NEW""}]","{""point_ids"":[""P-ID-001""],""status"":""EST""}",[],"[""three-dimensional"",""forms"",""faces"",""edges"",""other"",""attributes""]","[""LEX-W-MATH-008""]","[""LEX-W-MATH-007"",""LEX-P-ID-001"",""LEX-P-DET-002"",""LEX-P-PRON-001"",""LEX-P-DESC-001""]","[""P-ID-001"",""P-DET-002"",""P-PRON-001"",""P-DESC-001""]","[""RF-AFFIRM-IDENTITY"",""RF-NEGATE-IDENTITY""]",[],"[""DO-IDENTIFY""]",[],"{""non_frontier_language_must_be_established"":true,""allowed_new_language"":""LEX-W-MATH-008"",""presentation_practice_feedback_evaluation_closed"":true}","[""P-QNT-003"",""W-MATH-006"",""P-ORD-001"",""W-MATH-007""]","[""L069"",""L000"",""L004"",""L006"",""L013""]","[""CHAR-EMMA"",""CHAR-TARO""]","[""LOC-DIRECT-TEACHING""]",,[],Canonical persistent-world event only when chronology_event is non-null; otherwise direct instruction or noncanonical controlled examples.,"[""SCENE"",""DIAGRAM""]",PB-O,"[""Wording-changed probe"",""Delayed retrieval probe"",""Composition with established material"",""World-concept probe without frontier wording""]","[""C061""]",30,"[""Three-dimensional forms, faces, edges, and other attributes.""]","Identity/self-introduction with copular affirmative/negative: `I am`, `X is/isn't`."
L071,"shaped like, has N sides/faces",POINT_FRONTIER,"[{""world_id"":""W-MATH-007"",""status"":""EST""},{""world_id"":""W-MATH-008"",""status"":""EST""}]","{""point_ids"":[""P-SHAPE-001""],""status"":""NEW""}",[],"[""shaped like"",""has N sides/faces""]","[""LEX-P-SHAPE-001""]","[""LEX-W-MATH-007"",""LEX-W-MATH-008"",""LEX-P-DESC-001""]","[""P-DESC-001""]",[],[],[],[],"{""non_frontier_language_must_be_established"":true,""allowed_new_language"":""LEX-P-SHAPE-001"",""presentation_practice_feedback_evaluation_closed"":true}","[""W-MATH-006"",""P-ORD-001"",""W-MATH-007"",""W-MATH-008""]","[""L069"",""L070"",""L013""]","[""CHAR-EMMA"",""CHAR-TARO""]","[""LOC-DIRECT-TEACHING""]",,[],Canonical persistent-world event only when chronology_event is non-null; otherwise direct instruction or noncanonical controlled examples.,"[""SCENE"",""SYMBOLIC""]",PB-O,"[""Wording-changed probe"",""Delayed retrieval probe"",""Composition with established material"",""Cross-domain POINT probe""]","[""C060"",""C061""]",30,"[""`shaped like`, `has N sides/faces`.""]","`shaped like`, `has N sides/faces`."
L072,"Measurement compares a property with a unit; length, height, and width are distinct dimensions",WORLD_FRONTIER,"[{""world_id"":""W-MATH-009"",""status"":""NEW""}]","{""point_ids"":[""P-ID-001""],""status"":""EST""}",[],"[""measurement"",""compares"",""property"",""unit"",""length"",""height"",""width"",""dimensions""]","[""LEX-W-MATH-009""]","[""LEX-W-MATH-001"",""LEX-W-MATH-002"",""LEX-W-OBJ-003"",""LEX-P-ID-001"",""LEX-P-DET-002"",""LEX-P-PRON-001"",""LEX-P-DESC-001""]","[""P-ID-001"",""P-DET-002"",""P-PRON-001"",""P-DESC-001""]","[""RF-AFFIRM-IDENTITY"",""RF-NEGATE-IDENTITY""]",[],"[""DO-IDENTIFY""]",[],"{""non_frontier_language_must_be_established"":true,""allowed_new_language"":""LEX-W-MATH-009"",""presentation_practice_feedback_evaluation_closed"":true}","[""P-ORD-001"",""W-MATH-007"",""W-MATH-008"",""P-SHAPE-001""]","[""L043"",""L045"",""L012"",""L000"",""L004"",""L006"",""L013""]","[""CHAR-EMMA"",""CHAR-TARO""]","[""LOC-DIRECT-TEACHING""]",,[],Canonical persistent-world event only when chronology_event is non-null; otherwise direct instruction or noncanonical controlled examples.,"[""DIAGRAM"",""SYMBOLIC""]",DS,"[""Wording-changed probe"",""Delayed retrieval probe"",""Composition with established material"",""World-concept probe without frontier wording""]","[""C062"",""C063"",""C064"",""C065"",""C066"",""C067""]",30,"[""Measurement compares a property with a unit; length, height, and width are distinct dimensions.""]","Identity/self-introduction with copular affirmative/negative: `I am`, `X is/isn't`."
L073,"comparative/superlative family: -er, than, as",POINT_FRONTIER,"[{""world_id"":""W-MATH-009"",""status"":""EST""}]","{""point_ids"":[""P-CMP-002""],""status"":""NEW""}",[],"[""-er"",""than"",""as...as"",""-est""]","[""LEX-P-CMP-002""]","[""LEX-W-MATH-009"",""LEX-P-CMP-001"",""LEX-P-DESC-001""]","[""P-CMP-001"",""P-DESC-001""]",[],[],"[""DO-COMPARE""]","[""DO-COMPARE""]","{""non_frontier_language_must_be_established"":true,""allowed_new_language"":""LEX-P-CMP-002"",""presentation_practice_feedback_evaluation_closed"":true}","[""W-MATH-007"",""W-MATH-008"",""P-SHAPE-001"",""W-MATH-009""]","[""L072"",""L046"",""L013""]","[""CHAR-EMMA"",""CHAR-TARO""]","[""LOC-DIRECT-TEACHING""]",,[],Canonical persistent-world event only when chronology_event is non-null; otherwise direct instruction or noncanonical controlled examples.,"[""SCENE"",""SYMBOLIC""]",PB-O,"[""Wording-changed probe"",""Delayed retrieval probe"",""Composition with established material"",""Cross-domain POINT probe""]","[""C062"",""C063"",""C064"",""C065"",""C085"",""C187""]",30,"[""comparative/superlative family: `-er`, `than`, `as...as`, `-est`; comparative adverbs.""]","comparative/superlative family: `-er`, `than`, `as...as`, `-est`; comparative adverbs."
L074,Mass and capacity are distinct measurable properties,WORLD_FRONTIER,"[{""world_id"":""W-MATH-010"",""status"":""NEW""}]","{""point_ids"":[""P-ID-001""],""status"":""EST""}",[],"[""mass"",""capacity"",""measurable"",""properties""]","[""LEX-W-MATH-010""]","[""LEX-W-MATH-009"",""LEX-P-ID-001"",""LEX-P-DET-002"",""LEX-P-PRON-001"",""LEX-P-DESC-001""]","[""P-ID-001"",""P-DET-002"",""P-PRON-001"",""P-DESC-001""]","[""RF-AFFIRM-IDENTITY"",""RF-NEGATE-IDENTITY""]",[],"[""DO-IDENTIFY""]",[],"{""non_frontier_language_must_be_established"":true,""allowed_new_language"":""LEX-W-MATH-010"",""presentation_practice_feedback_evaluation_closed"":true}","[""W-MATH-008"",""P-SHAPE-001"",""W-MATH-009"",""P-CMP-002""]","[""L072"",""L000"",""L004"",""L006"",""L013""]","[""CHAR-EMMA"",""CHAR-TARO""]","[""LOC-DIRECT-TEACHING""]",,[],Canonical persistent-world event only when chronology_event is non-null; otherwise direct instruction or noncanonical controlled examples.,"[""COMPARISON""]",PB-O,"[""Wording-changed probe"",""Delayed retrieval probe"",""Composition with established material"",""World-concept probe without frontier wording""]","[""C066""]",30,"[""Mass and capacity are distinct measurable properties.""]","Identity/self-introduction with copular affirmative/negative: `I am`, `X is/isn't`."
L075,measurement/price frames: X is N units,POINT_FRONTIER,"[{""world_id"":""W-MATH-009"",""status"":""EST""},{""world_id"":""W-MATH-010"",""status"":""EST""}]","{""point_ids"":[""P-MEAS-001""],""status"":""NEW""}",[],"[""X is N units..."",""degrees"",""cost/how much"",""enough/too""]","[""LEX-P-MEAS-001""]","[""LEX-W-MATH-009"",""LEX-W-MATH-010"",""LEX-P-QNT-001"",""LEX-P-CMP-001""]","[""P-QNT-001"",""P-CMP-001""]",[],[],"[""DO-COMPARE""]",[],"{""non_frontier_language_must_be_established"":true,""allowed_new_language"":""LEX-P-MEAS-001"",""presentation_practice_feedback_evaluation_closed"":true}","[""P-SHAPE-001"",""W-MATH-009"",""P-CMP-002"",""W-MATH-010""]","[""L072"",""L074"",""L044"",""L046""]","[""CHAR-EMMA"",""CHAR-TARO""]","[""LOC-DIRECT-TEACHING""]",,[],Canonical persistent-world event only when chronology_event is non-null; otherwise direct instruction or noncanonical controlled examples.,"[""SCENE"",""SYMBOLIC""]",PB-O,"[""Wording-changed probe"",""Delayed retrieval probe"",""Composition with established material"",""Cross-domain POINT probe""]","[""C066"",""C067"",""C068"",""C074"",""C075"",""C158""]",30,"[""measurement/price frames: `X is N units...`, `degrees`, `cost/how much`, `enough/too`.""]","measurement/price frames: `X is N units...`, `degrees`, `cost/how much`, `enough/too`."
L076,Weather is a state of atmospheric conditions that can be described and measured,WORLD_FRONTIER,"[{""world_id"":""W-EAR-001"",""status"":""NEW""}]","{""point_ids"":[""P-ID-001""],""status"":""EST""}",[],"[""weather"",""state"",""atmospheric"",""conditions"",""described"",""measured""]","[""LEX-W-EAR-001""]","[""LEX-W-MATH-009"",""LEX-P-ID-001"",""LEX-P-DET-002"",""LEX-P-PRON-001"",""LEX-P-TNS-002""]","[""P-ID-001"",""P-DET-002"",""P-PRON-001"",""P-TNS-002""]","[""RF-AFFIRM-IDENTITY"",""RF-NEGATE-IDENTITY""]",[],"[""DO-IDENTIFY""]",[],"{""non_frontier_language_must_be_established"":true,""allowed_new_language"":""LEX-W-EAR-001"",""presentation_practice_feedback_evaluation_closed"":true}","[""W-MATH-009"",""P-CMP-002"",""W-MATH-010"",""P-MEAS-001""]","[""L072"",""L000"",""L004"",""L006"",""L016""]","[""CHAR-EMMA"",""CHAR-TARO""]","[""LOC-NONCANONICAL-DIAGRAM""]",,[],Canonical persistent-world event only when chronology_event is non-null; otherwise direct instruction or noncanonical controlled examples.,"[""SCENE"",""SYMBOLIC""]",PB-O,"[""Wording-changed probe"",""Delayed retrieval probe"",""Composition with established material"",""World-concept probe without frontier wording""]","[""C068"",""C096""]",30,"[""Weather is a state of atmospheric conditions that can be described and measured.""]","Identity/self-introduction with copular affirmative/negative: `I am`, `X is/isn't`."
L077,Before/after and duration order events without collapsing them into one tense,WORLD_FRONTIER,"[{""world_id"":""W-TIME-002"",""status"":""NEW""}]","{""point_ids"":[""P-ID-001""],""status"":""EST""}",[],"[""before"",""after"",""duration"",""order"",""events"",""without"",""collapsing"",""them""]","[""LEX-W-TIME-002""]","[""LEX-W-EVT-001"",""LEX-W-EVT-002"",""LEX-P-ID-001"",""LEX-P-DET-002"",""LEX-P-PRON-001"",""LEX-P-TNS-002""]","[""P-ID-001"",""P-DET-002"",""P-PRON-001"",""P-TNS-002""]","[""RF-AFFIRM-IDENTITY"",""RF-NEGATE-IDENTITY""]",[],"[""DO-IDENTIFY""]",[],"{""non_frontier_language_must_be_established"":true,""allowed_new_language"":""LEX-W-TIME-002"",""presentation_practice_feedback_evaluation_closed"":true}","[""P-CMP-002"",""W-MATH-010"",""P-MEAS-001"",""W-EAR-001""]","[""L014"",""L020"",""L000"",""L004"",""L006"",""L016""]","[""CHAR-EMMA"",""CHAR-TARO""]","[""LOC-DIRECT-TEACHING""]",,[],Canonical persistent-world event only when chronology_event is non-null; otherwise direct instruction or noncanonical controlled examples.,"[""SEQUENCE""]",PB-O,"[""Wording-changed probe"",""Delayed retrieval probe"",""Composition with established material"",""World-concept probe without frontier wording""]","[""C070"",""C072""]",30,"[""Before/after and duration order events without collapsing them into one tense.""]","Identity/self-introduction with copular affirmative/negative: `I am`, `X is/isn't`."
L078,"temporal at/on/in, before/after/during/for",POINT_FRONTIER,"[{""world_id"":""W-TIME-001"",""status"":""EST""},{""world_id"":""W-TIME-002"",""status"":""EST""}]","{""point_ids"":[""P-TIME-001""],""status"":""NEW""}",[],"[""at/on/in"",""before/after/during/for""]","[""LEX-P-TIME-001""]","[""LEX-W-TIME-001"",""LEX-W-TIME-002"",""LEX-P-Q-005""]","[""P-Q-005""]",[],[],[],"[""DO-SEQUENCE""]","{""non_frontier_language_must_be_established"":true,""allowed_new_language"":""LEX-P-TIME-001"",""presentation_practice_feedback_evaluation_closed"":true}","[""W-MATH-010"",""P-MEAS-001"",""W-EAR-001"",""W-TIME-002""]","[""L054"",""L077"",""L055""]","[""CHAR-EMMA"",""CHAR-TARO""]","[""LOC-DIRECT-TEACHING""]",,[],Canonical persistent-world event only when chronology_event is non-null; otherwise direct instruction or noncanonical controlled examples.,"[""SCENE"",""SYMBOLIC""]",PB-O,"[""Wording-changed probe"",""Delayed retrieval probe"",""Composition with established material"",""Cross-domain POINT probe""]","[""C069"",""C070"",""C072"",""C098""]",30,"[""temporal `at/on/in`, `before/after/during/for`.""]","temporal `at/on/in`, `before/after/during/for`."
L079,Promise/commitment,WORLD_FRONTIER,"[{""world_id"":""W-SOC-005"",""status"":""NEW""}]","{""point_ids"":[""P-TNS-002""],""status"":""EST""}",[],"[""promise"",""commitment""]","[""LEX-W-SOC-005""]","[""LEX-W-SOC-003"",""LEX-P-TNS-002"",""LEX-P-TIME-001"",""LEX-P-ID-001"",""LEX-P-DET-002""]","[""P-TNS-002"",""P-TIME-001"",""P-ID-001"",""P-DET-002""]","[""RF-AFFIRM-IDENTITY"",""RF-NEGATE-IDENTITY""]",[],"[""DO-SEQUENCE"",""DO-IDENTIFY""]",[],"{""non_frontier_language_must_be_established"":true,""allowed_new_language"":""LEX-W-SOC-005"",""presentation_practice_feedback_evaluation_closed"":true}","[""P-MEAS-001"",""W-EAR-001"",""W-TIME-002"",""P-TIME-001""]","[""L049"",""L016"",""L078"",""L000"",""L004""]","[""CHAR-EMMA"",""CHAR-TARO"",""CHAR-ERROL""]","[""LOC-DIRECT-TEACHING""]",,[],Canonical persistent-world event only when chronology_event is non-null; otherwise direct instruction or noncanonical controlled examples.,"[""DIALOGUE"",""SEQUENCE""]",PB-O,"[""Wording-changed probe"",""Delayed retrieval probe"",""Composition with established material"",""World-concept probe without frontier wording""]","[""SYN""]",30,"[""Promise/commitment. A promise connects a speaker now with an intended later action.""]","simple present for habits/general routines, including third-person `-s`."
L080,Yesterday/today/tomorrow are deictic time frames; past and future are taught separately rather than as C071's three-way bundle,WORLD_FRONTIER,"[{""world_id"":""W-TIME-003"",""status"":""NEW""}]","{""point_ids"":[""P-ID-001""],""status"":""EST""}",[],"[""yesterday"",""today"",""tomorrow"",""deictic"",""time"",""past"",""future"",""taught""]","[""LEX-W-TIME-003""]","[""LEX-W-TIME-001"",""LEX-W-TIME-002"",""LEX-P-ID-001"",""LEX-P-DET-002"",""LEX-P-PRON-001"",""LEX-P-TNS-002""]","[""P-ID-001"",""P-DET-002"",""P-PRON-001"",""P-TNS-002""]","[""RF-AFFIRM-IDENTITY"",""RF-NEGATE-IDENTITY""]",[],"[""DO-IDENTIFY""]",[],"{""non_frontier_language_must_be_established"":true,""allowed_new_language"":""LEX-W-TIME-003"",""presentation_practice_feedback_evaluation_closed"":true}","[""W-EAR-001"",""W-TIME-002"",""P-TIME-001"",""W-SOC-005""]","[""L054"",""L077"",""L000"",""L004"",""L006"",""L016""]","[""CHAR-EMMA"",""CHAR-TARO""]","[""LOC-DIRECT-TEACHING""]",,[],Canonical persistent-world event only when chronology_event is non-null; otherwise direct instruction or noncanonical controlled examples.,"[""SEQUENCE"",""SYMBOLIC""]",PB-O,"[""Wording-changed probe"",""Delayed retrieval probe"",""Composition with established material"",""World-concept probe without frontier wording""]","[""C071""]",30,"[""Yesterday/today/tomorrow are deictic time frames; past and future are taught separately rather than as C071's three-way bundle.""]","Identity/self-introduction with copular affirmative/negative: `I am`, `X is/isn't`."
L081,will for a later commitment/prediction at introductory level,POINT_FRONTIER,"[{""world_id"":""W-SOC-005"",""status"":""EST""}]","{""point_ids"":[""P-TNS-001""],""status"":""NEW""}",[],"[""will""]","[""LEX-P-TNS-001""]","[""LEX-W-SOC-005"",""LEX-P-ID-001""]","[""P-ID-001""]","[""RF-AFFIRM-IDENTITY"",""RF-NEGATE-IDENTITY""]",[],"[""DO-IDENTIFY""]",[],"{""non_frontier_language_must_be_established"":true,""allowed_new_language"":""LEX-P-TNS-001"",""presentation_practice_feedback_evaluation_closed"":true}","[""W-TIME-002"",""P-TIME-001"",""W-SOC-005"",""W-TIME-003""]","[""L079"",""L000""]","[""CHAR-EMMA"",""CHAR-TARO""]","[""LOC-DIRECT-TEACHING""]",,[],Canonical persistent-world event only when chronology_event is non-null; otherwise direct instruction or noncanonical controlled examples.,"[""SCENE"",""SYMBOLIC""]",PB-O,"[""Wording-changed probe"",""Delayed retrieval probe"",""Composition with established material"",""Cross-domain POINT probe""]","[""C071"",""SYN""]",30,"[""`will` for a later commitment/prediction at introductory level.""]",`will` for a later commitment/prediction at introductory level.
L082,"simple past, introduced separately from future; later narrative past",POINT_FRONTIER,"[{""world_id"":""W-TIME-003"",""status"":""EST""}]","{""point_ids"":[""P-TNS-003""],""status"":""NEW""}",[],"[""past"",""introduced"",""separately"",""future"",""narrative""]","[""LEX-P-TNS-003""]","[""LEX-W-TIME-003"",""LEX-P-TNS-002"",""LEX-P-TIME-001""]","[""P-TNS-002"",""P-TIME-001""]",[],[],"[""DO-SEQUENCE""]",[],"{""non_frontier_language_must_be_established"":true,""allowed_new_language"":""LEX-P-TNS-003"",""presentation_practice_feedback_evaluation_closed"":true}","[""P-TIME-001"",""W-SOC-005"",""W-TIME-003"",""P-TNS-001""]","[""L080"",""L016"",""L078""]","[""CHAR-EMMA"",""CHAR-TARO""]","[""LOC-DIRECT-TEACHING""]",,[],Canonical persistent-world event only when chronology_event is non-null; otherwise direct instruction or noncanonical controlled examples.,"[""SCENE"",""SYMBOLIC""]",PB-O,"[""Wording-changed probe"",""Delayed retrieval probe"",""Composition with established material"",""Cross-domain POINT probe""]","[""C071"",""C182""]",30,"[""simple past, introduced separately from future; later narrative past.""]","simple past, introduced separately from future; later narrative past."
L083,Age and generations relate individuals to elapsed time without defining identity,WORLD_FRONTIER,"[{""world_id"":""W-TIME-004"",""status"":""NEW""}]","{""point_ids"":[""P-ID-001""],""status"":""EST""}",[],"[""age"",""generations"",""relate"",""individuals"",""elapsed"",""time"",""without"",""defining""]","[""LEX-W-TIME-004""]","[""LEX-W-TIME-003"",""LEX-P-ID-001"",""LEX-P-DET-002"",""LEX-P-PRON-001"",""LEX-P-TNS-002""]","[""P-ID-001"",""P-DET-002"",""P-PRON-001"",""P-TNS-002""]","[""RF-AFFIRM-IDENTITY"",""RF-NEGATE-IDENTITY""]",[],"[""DO-IDENTIFY""]",[],"{""non_frontier_language_must_be_established"":true,""allowed_new_language"":""LEX-W-TIME-004"",""presentation_practice_feedback_evaluation_closed"":true}","[""W-SOC-005"",""W-TIME-003"",""P-TNS-001"",""P-TNS-003""]","[""L080"",""L000"",""L004"",""L006"",""L016""]","[""CHAR-EMMA"",""CHAR-TARO""]","[""LOC-DIRECT-TEACHING""]",,[],Canonical persistent-world event only when chronology_event is non-null; otherwise direct instruction or noncanonical controlled examples.,"[""COMPARISON""]",PB-O,"[""Wording-changed probe"",""Delayed retrieval probe"",""Composition with established material"",""World-concept probe without frontier wording""]","[""C073""]",30,"[""Age and generations relate individuals to elapsed time without defining identity.""]","Identity/self-introduction with copular affirmative/negative: `I am`, `X is/isn't`."
L084,age and generational comparison,POINT_FRONTIER,"[{""world_id"":""W-TIME-004"",""status"":""EST""}]","{""point_ids"":[""P-AGE-001""],""status"":""NEW""}",[],"[""age"",""generational"",""comparison""]","[""LEX-P-AGE-001""]","[""LEX-W-TIME-004"",""LEX-P-CMP-002"",""LEX-P-TIME-001""]","[""P-CMP-002"",""P-TIME-001""]",[],[],"[""DO-COMPARE"",""DO-SEQUENCE""]",[],"{""non_frontier_language_must_be_established"":true,""allowed_new_language"":""LEX-P-AGE-001"",""presentation_practice_feedback_evaluation_closed"":true}","[""W-TIME-003"",""P-TNS-001"",""P-TNS-003"",""W-TIME-004""]","[""L083"",""L073"",""L078""]","[""CHAR-EMMA"",""CHAR-TARO""]","[""LOC-DIRECT-TEACHING""]",,[],Canonical persistent-world event only when chronology_event is non-null; otherwise direct instruction or noncanonical controlled examples.,"[""SCENE"",""SYMBOLIC""]",PB-O,"[""Wording-changed probe"",""Delayed retrieval probe"",""Composition with established material"",""Cross-domain POINT probe""]","[""C073""]",30,"[""age and generational comparison.""]",age and generational comparison.
L085,Price and money quantify exchange value in a transaction,WORLD_FRONTIER,"[{""world_id"":""W-ECO-001"",""status"":""NEW""}]","{""point_ids"":[""P-ID-001""],""status"":""EST""}",[],"[""price"",""money"",""quantify"",""exchange"",""value"",""transaction""]","[""LEX-W-ECO-001""]","[""LEX-W-MATH-001"",""LEX-W-OBJ-002"",""LEX-P-ID-001"",""LEX-P-DET-002"",""LEX-P-PRON-001"",""LEX-P-TNS-002""]","[""P-ID-001"",""P-DET-002"",""P-PRON-001"",""P-TNS-002""]","[""RF-AFFIRM-IDENTITY"",""RF-NEGATE-IDENTITY""]",[],"[""DO-IDENTIFY""]",[],"{""non_frontier_language_must_be_established"":true,""allowed_new_language"":""LEX-W-ECO-001"",""presentation_practice_feedback_evaluation_closed"":true}","[""P-TNS-001"",""P-TNS-003"",""W-TIME-004"",""P-AGE-001""]","[""L043"",""L024"",""L000"",""L004"",""L006"",""L016""]","[""CHAR-EMMA"",""CHAR-TARO""]","[""LOC-DIRECT-TEACHING""]",,[],Canonical persistent-world event only when chronology_event is non-null; otherwise direct instruction or noncanonical controlled examples.,"[""SCENE"",""SYMBOLIC""]",PB-O,"[""Wording-changed probe"",""Delayed retrieval probe"",""Composition with established material"",""World-concept probe without frontier wording""]","[""C074""]",30,"[""Price and money quantify exchange value in a transaction.""]","Identity/self-introduction with copular affirmative/negative: `I am`, `X is/isn't`."
L086,"time, measurement, and material transfer",TRANSFER,"[{""world_id"":""W-EAR-001"",""status"":""XFER""},{""world_id"":""W-TIME-002"",""status"":""XFER""},{""world_id"":""W-SOC-005"",""status"":""XFER""},{""world_id"":""W-TIME-003"",""status"":""XFER""},{""world_id"":""W-TIME-004"",""status"":""XFER""},{""world_id"":""W-ECO-001"",""status"":""XFER""}]","{""point_ids"":[""P-TIME-001"",""P-TNS-001"",""P-TNS-003"",""P-AGE-001""],""status"":""XFER""}",[],[],[],"[""LEX-W-EAR-001"",""LEX-W-TIME-002"",""LEX-P-TIME-001"",""LEX-W-SOC-005"",""LEX-W-TIME-003"",""LEX-P-TNS-001"",""LEX-P-TNS-003"",""LEX-W-TIME-004"",""LEX-P-AGE-001"",""LEX-W-ECO-001""]","[""P-TIME-001"",""P-TNS-001"",""P-TNS-003"",""P-AGE-001""]",[],[],"[""DO-SEQUENCE""]",[],"{""non_frontier_language_must_be_established"":true,""allowed_new_language"":""NONE"",""presentation_practice_feedback_evaluation_closed"":true}","[""W-EAR-001"",""W-TIME-002"",""P-TIME-001"",""W-SOC-005"",""W-TIME-003"",""P-TNS-001"",""P-TNS-003"",""W-TIME-004"",""P-AGE-001"",""W-ECO-001""]","[""L076"",""L077"",""L078"",""L079"",""L080"",""L081"",""L082"",""L083"",""L084"",""L085""]","[""CHAR-EMMA"",""CHAR-TARO"",""CHAR-ERROL""]","[""LOC-MEADOW-PATH"",""LOC-POND"",""LOC-OAK"",""LOC-SCHOOL""]",,[],Noncanonical transfer and retrieval task; no new persistent event.,"[""COMPARISON"",""DIALOGUE"",""DIAGRAM""]",DS,"[""Far transfer"",""Delayed retrieval"",""Multi-item composition"",""No frontier leakage""]","[""C068"",""C096"",""C070"",""C072"",""C069"",""C098"",""SYN"",""C071"",""C182"",""C073"",""C074""]",30,"[""Recombine already acquired WORLD and POINT material in a new context.""]",No new POINT; established operators are retrieved and composed.
L087,Sufficiency: available quantity/resources may or may not meet a requirement,WORLD_FRONTIER,"[{""world_id"":""W-ECO-002"",""status"":""NEW""}]","{""point_ids"":[""P-ID-001""],""status"":""EST""}",[],"[""sufficiency"",""available"",""quantity"",""resources"",""meet"",""requirement""]","[""LEX-W-ECO-002""]","[""LEX-W-MATH-002"",""LEX-W-PSY-001"",""LEX-P-ID-001"",""LEX-P-DET-002"",""LEX-P-PRON-001"",""LEX-P-TNS-002""]","[""P-ID-001"",""P-DET-002"",""P-PRON-001"",""P-TNS-002""]","[""RF-AFFIRM-IDENTITY"",""RF-NEGATE-IDENTITY""]",[],"[""DO-IDENTIFY""]",[],"{""non_frontier_language_must_be_established"":true,""allowed_new_language"":""LEX-W-ECO-002"",""presentation_practice_feedback_evaluation_closed"":true}","[""P-TNS-003"",""W-TIME-004"",""P-AGE-001"",""W-ECO-001""]","[""L045"",""L056"",""L000"",""L004"",""L006"",""L016""]","[""CHAR-EMMA"",""CHAR-TARO""]","[""LOC-DIRECT-TEACHING""]",,[],Canonical persistent-world event only when chronology_event is non-null; otherwise direct instruction or noncanonical controlled examples.,"[""COMPARISON""]",PB-O,"[""Wording-changed probe"",""Delayed retrieval probe"",""Composition with established material"",""World-concept probe without frontier wording""]","[""C075"",""C158"",""C159""]",30,"[""Sufficiency: available quantity/resources may or may not meet a requirement.""]","Identity/self-introduction with copular affirmative/negative: `I am`, `X is/isn't`."
L088,Whole and fractional parts such as half and quarter,WORLD_FRONTIER,"[{""world_id"":""W-MATH-011"",""status"":""NEW""}]","{""point_ids"":[""P-ID-001""],""status"":""EST""}",[],"[""whole"",""fractional"",""parts"",""half"",""quarter""]","[""LEX-W-MATH-011""]","[""LEX-W-MATH-001"",""LEX-W-OBJ-001"",""LEX-P-ID-001"",""LEX-P-DET-002"",""LEX-P-PRON-001"",""LEX-P-DESC-001""]","[""P-ID-001"",""P-DET-002"",""P-PRON-001"",""P-DESC-001""]","[""RF-AFFIRM-IDENTITY"",""RF-NEGATE-IDENTITY""]",[],"[""DO-IDENTIFY""]",[],"{""non_frontier_language_must_be_established"":true,""allowed_new_language"":""LEX-W-MATH-011"",""presentation_practice_feedback_evaluation_closed"":true}","[""W-TIME-004"",""P-AGE-001"",""W-ECO-001"",""W-ECO-002""]","[""L043"",""L003"",""L000"",""L004"",""L006"",""L013""]","[""CHAR-EMMA"",""CHAR-TARO""]","[""LOC-DIRECT-TEACHING""]",,[],Canonical persistent-world event only when chronology_event is non-null; otherwise direct instruction or noncanonical controlled examples.,"[""DIAGRAM"",""SYMBOLIC""]",DS,"[""Wording-changed probe"",""Delayed retrieval probe"",""Composition with established material"",""World-concept probe without frontier wording""]","[""C076""]",30,"[""Whole and fractional parts such as half and quarter.""]","Identity/self-introduction with copular affirmative/negative: `I am`, `X is/isn't`."
L089,Repeating patterns have identifiable units and continuation rules,WORLD_FRONTIER,"[{""world_id"":""W-MATH-012"",""status"":""NEW""}]","{""point_ids"":[""P-ID-001""],""status"":""EST""}",[],"[""repeating"",""patterns"",""have"",""identifiable"",""units"",""continuation"",""rules""]","[""LEX-W-MATH-012""]","[""LEX-W-EVT-002"",""LEX-P-ID-001"",""LEX-P-DET-002"",""LEX-P-PRON-001"",""LEX-P-DESC-001""]","[""P-ID-001"",""P-DET-002"",""P-PRON-001"",""P-DESC-001""]","[""RF-AFFIRM-IDENTITY"",""RF-NEGATE-IDENTITY""]",[],"[""DO-IDENTIFY""]",[],"{""non_frontier_language_must_be_established"":true,""allowed_new_language"":""LEX-W-MATH-012"",""presentation_practice_feedback_evaluation_closed"":true}","[""P-AGE-001"",""W-ECO-001"",""W-ECO-002"",""W-MATH-011""]","[""L020"",""L000"",""L004"",""L006"",""L013""]","[""CHAR-EMMA"",""CHAR-TARO""]","[""LOC-DIRECT-TEACHING""]",,[],Canonical persistent-world event only when chronology_event is non-null; otherwise direct instruction or noncanonical controlled examples.,"[""SYMBOLIC"",""COMPARISON""]",PB-O,"[""Wording-changed probe"",""Delayed retrieval probe"",""Composition with established material"",""World-concept probe without frontier wording""]","[""C077""]",30,"[""Repeating patterns have identifiable units and continuation rules.""]","Identity/self-introduction with copular affirmative/negative: `I am`, `X is/isn't`."
L090,repetition every/every other/again,POINT_FRONTIER,"[{""world_id"":""W-MATH-012"",""status"":""EST""}]","{""point_ids"":[""P-PAT-001""],""status"":""NEW""}",[],"[""every/every other/again""]","[""LEX-P-PAT-001""]","[""LEX-W-MATH-012"",""LEX-P-SEQ-001""]","[""P-SEQ-001""]","[""RF-SEQUENCE""]",[],"[""DO-SEQUENCE""]",[],"{""non_frontier_language_must_be_established"":true,""allowed_new_language"":""LEX-P-PAT-001"",""presentation_practice_feedback_evaluation_closed"":true}","[""W-ECO-001"",""W-ECO-002"",""W-MATH-011"",""W-MATH-012""]","[""L089"",""L023""]","[""CHAR-EMMA"",""CHAR-TARO""]","[""LOC-DIRECT-TEACHING""]",,[],Canonical persistent-world event only when chronology_event is non-null; otherwise direct instruction or noncanonical controlled examples.,"[""SCENE"",""SYMBOLIC""]",PB-O,"[""Wording-changed probe"",""Delayed retrieval probe"",""Composition with established material"",""Cross-domain POINT probe""]","[""C077""]",30,"[""repetition `every/every other/again`.""]",repetition `every/every other/again`.
L091,Objects can be composed of materials; material and finished object are distinct,WORLD_FRONTIER,"[{""world_id"":""W-MAT-001"",""status"":""NEW""}]","{""point_ids"":[""P-ID-001""],""status"":""EST""}",[],"[""objects"",""composed"",""materials"",""material"",""finished"",""object""]","[""LEX-W-MAT-001""]","[""LEX-W-OBJ-001"",""LEX-P-ID-001"",""LEX-P-DET-002"",""LEX-P-PRON-001"",""LEX-P-DESC-001""]","[""P-ID-001"",""P-DET-002"",""P-PRON-001"",""P-DESC-001""]","[""RF-AFFIRM-IDENTITY"",""RF-NEGATE-IDENTITY""]",[],"[""DO-IDENTIFY""]",[],"{""non_frontier_language_must_be_established"":true,""allowed_new_language"":""LEX-W-MAT-001"",""presentation_practice_feedback_evaluation_closed"":true}","[""W-ECO-002"",""W-MATH-011"",""W-MATH-012"",""P-PAT-001""]","[""L003"",""L000"",""L004"",""L006"",""L013""]","[""CHAR-EMMA"",""CHAR-TARO""]","[""LOC-DIRECT-TEACHING""]",,[],Canonical persistent-world event only when chronology_event is non-null; otherwise direct instruction or noncanonical controlled examples.,"[""SCENE"",""COMPARISON""]",PB-O,"[""Wording-changed probe"",""Delayed retrieval probe"",""Composition with established material"",""World-concept probe without frontier wording""]","[""C078""]",30,"[""Objects can be composed of materials; material and finished object are distinct.""]","Identity/self-introduction with copular affirmative/negative: `I am`, `X is/isn't`."
L092,count/noncount distinction,POINT_FRONTIER,"[{""world_id"":""W-MAT-001"",""status"":""EST""}]","{""point_ids"":[""P-NOUN-001""],""status"":""NEW""}",[],"[""count"",""noncount"",""distinction""]","[""LEX-P-NOUN-001""]","[""LEX-W-MAT-001"",""LEX-P-NUM-001""]","[""P-NUM-001""]",[],[],[],[],"{""non_frontier_language_must_be_established"":true,""allowed_new_language"":""LEX-P-NOUN-001"",""presentation_practice_feedback_evaluation_closed"":true}","[""W-MATH-011"",""W-MATH-012"",""P-PAT-001"",""W-MAT-001""]","[""L091"",""L005""]","[""CHAR-EMMA"",""CHAR-TARO""]","[""LOC-DIRECT-TEACHING""]",,[],Canonical persistent-world event only when chronology_event is non-null; otherwise direct instruction or noncanonical controlled examples.,"[""SCENE"",""SYMBOLIC""]",PB-O,"[""Wording-changed probe"",""Delayed retrieval probe"",""Composition with established material"",""Cross-domain POINT probe""]","[""C035""]",30,"[""count/noncount distinction.""]",count/noncount distinction.
L093,some/any; many/much/a lot of; partitives,POINT_FRONTIER,"[{""world_id"":""W-MAT-001"",""status"":""EST""}]","{""point_ids"":[""P-QNT-002""],""status"":""NEW""}",[],"[""some/any"",""many/much/a lot of""]","[""LEX-P-QNT-002""]","[""LEX-W-MAT-001"",""LEX-P-NOUN-001""]","[""P-NOUN-001""]",[],[],[],[],"{""non_frontier_language_must_be_established"":true,""allowed_new_language"":""LEX-P-QNT-002"",""presentation_practice_feedback_evaluation_closed"":true}","[""W-MATH-012"",""P-PAT-001"",""W-MAT-001"",""P-NOUN-001""]","[""L091"",""L092""]","[""CHAR-EMMA"",""CHAR-TARO""]","[""LOC-DIRECT-TEACHING""]",,[],Canonical persistent-world event only when chronology_event is non-null; otherwise direct instruction or noncanonical controlled examples.,"[""SCENE"",""SYMBOLIC""]",PB-O,"[""Wording-changed probe"",""Delayed retrieval probe"",""Composition with established material"",""Cross-domain POINT probe""]","[""C036"",""C037"",""C038""]",30,"[""`some/any`; `many/much/a lot of`; partitives.""]",`some/any`; `many/much/a lot of`; partitives.
L094,"Materials differ in observable/measurable properties such as hardness, texture, and flexibility",WORLD_FRONTIER,"[{""world_id"":""W-MAT-002"",""status"":""NEW""}]","{""point_ids"":[""P-ID-001""],""status"":""EST""}",[],"[""materials"",""differ"",""observable"",""measurable"",""properties"",""hardness"",""texture"",""flexibility""]","[""LEX-W-MAT-002""]","[""LEX-W-MAT-001"",""LEX-W-OBJ-003"",""LEX-P-ID-001"",""LEX-P-DET-002"",""LEX-P-PRON-001"",""LEX-P-DESC-001""]","[""P-ID-001"",""P-DET-002"",""P-PRON-001"",""P-DESC-001""]","[""RF-AFFIRM-IDENTITY"",""RF-NEGATE-IDENTITY""]",[],"[""DO-IDENTIFY""]",[],"{""non_frontier_language_must_be_established"":true,""allowed_new_language"":""LEX-W-MAT-002"",""presentation_practice_feedback_evaluation_closed"":true}","[""P-PAT-001"",""W-MAT-001"",""P-NOUN-001"",""P-QNT-002""]","[""L091"",""L012"",""L000"",""L004"",""L006"",""L013""]","[""CHAR-EMMA"",""CHAR-TARO""]","[""LOC-DIRECT-TEACHING""]",,[],Canonical persistent-world event only when chronology_event is non-null; otherwise direct instruction or noncanonical controlled examples.,"[""COMPARISON""]",PB-O,"[""Wording-changed probe"",""Delayed retrieval probe"",""Composition with established material"",""World-concept probe without frontier wording""]","[""C079""]",30,"[""Materials differ in observable/measurable properties such as hardness, texture, and flexibility.""]","Identity/self-introduction with copular affirmative/negative: `I am`, `X is/isn't`."
L095,"Solid, liquid, and gas are distinguishable states of matter at an introductory level",WORLD_FRONTIER,"[{""world_id"":""W-MAT-003"",""status"":""NEW""}]","{""point_ids"":[""P-ID-001""],""status"":""EST""}",[],"[""solid"",""liquid"",""gas"",""distinguishable"",""states"",""matter""]","[""LEX-W-MAT-003""]","[""LEX-W-MAT-001"",""LEX-P-ID-001"",""LEX-P-DET-002"",""LEX-P-PRON-001"",""LEX-P-DESC-001""]","[""P-ID-001"",""P-DET-002"",""P-PRON-001"",""P-DESC-001""]","[""RF-AFFIRM-IDENTITY"",""RF-NEGATE-IDENTITY""]",[],"[""DO-IDENTIFY""]",[],"{""non_frontier_language_must_be_established"":true,""allowed_new_language"":""LEX-W-MAT-003"",""presentation_practice_feedback_evaluation_closed"":true}","[""W-MAT-001"",""P-NOUN-001"",""P-QNT-002"",""W-MAT-002""]","[""L091"",""L000"",""L004"",""L006"",""L013""]","[""CHAR-EMMA"",""CHAR-TARO""]","[""LOC-DIRECT-TEACHING""]",,[],Canonical persistent-world event only when chronology_event is non-null; otherwise direct instruction or noncanonical controlled examples.,"[""COMPARISON"",""DIAGRAM""]",PB-O,"[""Wording-changed probe"",""Delayed retrieval probe"",""Composition with established material"",""World-concept probe without frontier wording""]","[""C080""]",30,"[""Solid, liquid, and gas are distinguishable states of matter at an introductory level.""]","Identity/self-introduction with copular affirmative/negative: `I am`, `X is/isn't`."
L096,"category frames can be, is a kind of, belongs to, one of",POINT_FRONTIER,"[{""world_id"":""W-MAT-003"",""status"":""EST""}]","{""point_ids"":[""P-CLASS-001""],""status"":""NEW""}",[],"[""can be"",""is a kind of"",""belongs to"",""one of""]","[""LEX-P-CLASS-001""]","[""LEX-W-MAT-003"",""LEX-P-ID-001""]","[""P-ID-001""]","[""RF-AFFIRM-IDENTITY"",""RF-NEGATE-IDENTITY""]",[],"[""DO-IDENTIFY""]","[""DO-CLASSIFY""]","{""non_frontier_language_must_be_established"":true,""allowed_new_language"":""LEX-P-CLASS-001"",""presentation_practice_feedback_evaluation_closed"":true}","[""P-NOUN-001"",""P-QNT-002"",""W-MAT-002"",""W-MAT-003""]","[""L095"",""L000""]","[""CHAR-EMMA"",""CHAR-TARO""]","[""LOC-DIRECT-TEACHING""]",,[],Canonical persistent-world event only when chronology_event is non-null; otherwise direct instruction or noncanonical controlled examples.,"[""SCENE"",""SYMBOLIC""]",PB-O,"[""Wording-changed probe"",""Delayed retrieval probe"",""Composition with established material"",""Cross-domain POINT probe""]","[""C080"",""C132"",""C144"",""C198""]",30,"[""category frames `can be`, `is a kind of`, `belongs to`, `one of`.""]","category frames `can be`, `is a kind of`, `belongs to`, `one of`."
L097,Heating/cooling can accompany changes of state or form; process and resulting state are distinct,WORLD_FRONTIER,"[{""world_id"":""W-MAT-004"",""status"":""NEW""}]","{""point_ids"":[""P-ID-001""],""status"":""EST""}",[],"[""heating"",""cooling"",""accompany"",""changes"",""state"",""form"",""process"",""resulting""]","[""LEX-W-MAT-004""]","[""LEX-W-MAT-003"",""LEX-P-ID-001"",""LEX-P-DET-002"",""LEX-P-PRON-001"",""LEX-P-DESC-001""]","[""P-ID-001"",""P-DET-002"",""P-PRON-001"",""P-DESC-001""]","[""RF-AFFIRM-IDENTITY"",""RF-NEGATE-IDENTITY""]",[],"[""DO-IDENTIFY""]",[],"{""non_frontier_language_must_be_established"":true,""allowed_new_language"":""LEX-W-MAT-004"",""presentation_practice_feedback_evaluation_closed"":true}","[""P-QNT-002"",""W-MAT-002"",""W-MAT-003"",""P-CLASS-001""]","[""L095"",""L000"",""L004"",""L006"",""L013""]","[""CHAR-EMMA"",""CHAR-TARO""]","[""LOC-DIRECT-TEACHING""]",,[],Canonical persistent-world event only when chronology_event is non-null; otherwise direct instruction or noncanonical controlled examples.,"[""SEQUENCE"",""DIAGRAM""]",PB-O,"[""Wording-changed probe"",""Delayed retrieval probe"",""Composition with established material"",""World-concept probe without frontier wording""]","[""C081"",""C082""]",30,"[""Heating/cooling can accompany changes of state or form; process and resulting state are distinct.""]","Identity/self-introduction with copular affirmative/negative: `I am`, `X is/isn't`."
L098,become/turn into/begin as; changes over time,POINT_FRONTIER,"[{""world_id"":""W-MAT-004"",""status"":""EST""}]","{""point_ids"":[""P-CHANGE-001""],""status"":""NEW""}",[],"[""become/turn into/begin as"",""changes over time""]","[""LEX-P-CHANGE-001""]","[""LEX-W-MAT-004"",""LEX-P-TNS-002""]","[""P-TNS-002""]",[],[],[],[],"{""non_frontier_language_must_be_established"":true,""allowed_new_language"":""LEX-P-CHANGE-001"",""presentation_practice_feedback_evaluation_closed"":true}","[""W-MAT-002"",""W-MAT-003"",""P-CLASS-001"",""W-MAT-004""]","[""L097"",""L016""]","[""CHAR-EMMA"",""CHAR-TARO""]","[""LOC-DIRECT-TEACHING""]",,[],Canonical persistent-world event only when chronology_event is non-null; otherwise direct instruction or noncanonical controlled examples.,"[""SCENE"",""SYMBOLIC""]",PB-O,"[""Wording-changed probe"",""Delayed retrieval probe"",""Composition with established material"",""Cross-domain POINT probe""]","[""C081"",""C116"",""C138""]",30,"[""`become/turn into/begin as`; `changes over time`.""]",`become/turn into/begin as`; `changes over time`.
L099,"Pushes, pulls, and motion",WORLD_FRONTIER,"[{""world_id"":""W-PHY-001"",""status"":""NEW""}]","{""point_ids"":[""P-ID-001""],""status"":""EST""}",[],"[""pushes"",""pulls"",""motion""]","[""LEX-W-PHY-001""]","[""LEX-W-EVT-001"",""LEX-W-OBJ-001"",""LEX-P-ID-001"",""LEX-P-DET-002"",""LEX-P-PRON-001"",""LEX-P-DESC-001""]","[""P-ID-001"",""P-DET-002"",""P-PRON-001"",""P-DESC-001""]","[""RF-AFFIRM-IDENTITY"",""RF-NEGATE-IDENTITY""]",[],"[""DO-IDENTIFY""]",[],"{""non_frontier_language_must_be_established"":true,""allowed_new_language"":""LEX-W-PHY-001"",""presentation_practice_feedback_evaluation_closed"":true}","[""W-MAT-003"",""P-CLASS-001"",""W-MAT-004"",""P-CHANGE-001""]","[""L014"",""L003"",""L000"",""L004"",""L006"",""L013""]","[""CHAR-EMMA"",""CHAR-TARO""]","[""LOC-DIRECT-TEACHING""]",,[],Canonical persistent-world event only when chronology_event is non-null; otherwise direct instruction or noncanonical controlled examples.,"[""SEQUENCE"",""DIAGRAM""]",PB-O,"[""Wording-changed probe"",""Delayed retrieval probe"",""Composition with established material"",""World-concept probe without frontier wording""]","[""C083"",""C084"",""C085""]",30,"[""Pushes, pulls, and motion. Interactions such as pushes and pulls can start, stop, or change observable motion.""]","Identity/self-introduction with copular affirmative/negative: `I am`, `X is/isn't`."
L100,causative make + object + verb,POINT_FRONTIER,"[{""world_id"":""W-PHY-001"",""status"":""EST""}]","{""point_ids"":[""P-CAU-002""],""status"":""NEW""}",[],"[""make + object + verb""]","[""LEX-P-CAU-002""]","[""LEX-W-PHY-001"",""LEX-P-TNS-002""]","[""P-TNS-002""]",[],[],[],[],"{""non_frontier_language_must_be_established"":true,""allowed_new_language"":""LEX-P-CAU-002"",""presentation_practice_feedback_evaluation_closed"":true}","[""P-CLASS-001"",""W-MAT-004"",""P-CHANGE-001"",""W-PHY-001""]","[""L099"",""L016""]","[""CHAR-EMMA"",""CHAR-TARO""]","[""LOC-DIRECT-TEACHING""]",,[],Canonical persistent-world event only when chronology_event is non-null; otherwise direct instruction or noncanonical controlled examples.,"[""SCENE"",""SYMBOLIC""]",PB-O,"[""Wording-changed probe"",""Delayed retrieval probe"",""Composition with established material"",""Cross-domain POINT probe""]","[""C083""]",30,"[""causative `make + object + verb`.""]",causative `make + object + verb`.
L101,Speed compares rates of motion,WORLD_FRONTIER,"[{""world_id"":""W-PHY-002"",""status"":""NEW""}]","{""point_ids"":[""P-ID-001""],""status"":""EST""}",[],"[""speed"",""compares"",""rates"",""motion""]","[""LEX-W-PHY-002""]","[""LEX-W-PHY-001"",""LEX-W-MATH-002"",""LEX-P-ID-001"",""LEX-P-DET-002"",""LEX-P-PRON-001"",""LEX-P-TNS-002""]","[""P-ID-001"",""P-DET-002"",""P-PRON-001"",""P-TNS-002""]","[""RF-AFFIRM-IDENTITY"",""RF-NEGATE-IDENTITY""]",[],"[""DO-IDENTIFY""]",[],"{""non_frontier_language_must_be_established"":true,""allowed_new_language"":""LEX-W-PHY-002"",""presentation_practice_feedback_evaluation_closed"":true}","[""W-MAT-004"",""P-CHANGE-001"",""W-PHY-001"",""P-CAU-002""]","[""L099"",""L045"",""L000"",""L004"",""L006"",""L016""]","[""CHAR-EMMA"",""CHAR-TARO""]","[""LOC-DIRECT-TEACHING""]",,[],Canonical persistent-world event only when chronology_event is non-null; otherwise direct instruction or noncanonical controlled examples.,"[""SEQUENCE"",""COMPARISON""]",PB-O,"[""Wording-changed probe"",""Delayed retrieval probe"",""Composition with established material"",""World-concept probe without frontier wording""]","[""C085""]",30,"[""Speed compares rates of motion.""]","Identity/self-introduction with copular affirmative/negative: `I am`, `X is/isn't`."
L102,Simple machines alter how forces are applied; decomposed by lever/pulley/inclined-plane examples rather than one vocabulary dump,WORLD_FRONTIER,"[{""world_id"":""W-PHY-003"",""status"":""NEW""}]","{""point_ids"":[""P-ID-001""],""status"":""EST""}",[],"[""machines"",""alter"",""forces"",""applied"",""decomposed"",""lever"",""pulley"",""inclined-plane""]","[""LEX-W-PHY-003""]","[""LEX-W-PHY-001"",""LEX-W-TEC-002"",""LEX-P-ID-001"",""LEX-P-DET-002"",""LEX-P-PRON-001"",""LEX-P-TNS-002""]","[""P-ID-001"",""P-DET-002"",""P-PRON-001"",""P-TNS-002""]","[""RF-AFFIRM-IDENTITY"",""RF-NEGATE-IDENTITY""]",[],"[""DO-IDENTIFY""]",[],"{""non_frontier_language_must_be_established"":true,""allowed_new_language"":""LEX-W-PHY-003"",""presentation_practice_feedback_evaluation_closed"":true}","[""P-CHANGE-001"",""W-PHY-001"",""P-CAU-002"",""W-PHY-002""]","[""L099"",""L035"",""L000"",""L004"",""L006"",""L016""]","[""CHAR-EMMA"",""CHAR-TARO""]","[""LOC-DIRECT-TEACHING""]",,[],Canonical persistent-world event only when chronology_event is non-null; otherwise direct instruction or noncanonical controlled examples.,"[""DIAGRAM"",""SCENE""]",PB-O,"[""Wording-changed probe"",""Delayed retrieval probe"",""Composition with established material"",""World-concept probe without frontier wording""]","[""C086""]",30,"[""Simple machines alter how forces are applied; decomposed by lever/pulley/inclined-plane examples rather than one vocabulary dump.""]","Identity/self-introduction with copular affirmative/negative: `I am`, `X is/isn't`."
L103,structure/function: helps X (to),POINT_FRONTIER,"[{""world_id"":""W-PHY-003"",""status"":""EST""}]","{""point_ids"":[""P-FUNC-002""],""status"":""NEW""}",[],"[""helps X (to)..."",""helps X by -ing"",""allows/enables""]","[""LEX-P-FUNC-002""]","[""LEX-W-PHY-003"",""LEX-P-FUNC-001""]","[""P-FUNC-001""]",[],[],[],[],"{""non_frontier_language_must_be_established"":true,""allowed_new_language"":""LEX-P-FUNC-002"",""presentation_practice_feedback_evaluation_closed"":true}","[""W-PHY-001"",""P-CAU-002"",""W-PHY-002"",""W-PHY-003""]","[""L102"",""L037""]","[""CHAR-EMMA"",""CHAR-TARO""]","[""LOC-DIRECT-TEACHING""]",,[],Canonical persistent-world event only when chronology_event is non-null; otherwise direct instruction or noncanonical controlled examples.,"[""SCENE"",""SYMBOLIC""]",PB-O,"[""Wording-changed probe"",""Delayed retrieval probe"",""Composition with established material"",""Cross-domain POINT probe""]","[""C086"",""C112"",""C126""]",30,"[""structure/function: `helps X (to)...`, `helps X by -ing`, `allows/enables`.""]","structure/function: `helps X (to)...`, `helps X by -ing`, `allows/enables`."
L104,Magnets interact with some materials and not others,WORLD_FRONTIER,"[{""world_id"":""W-PHY-004"",""status"":""NEW""}]","{""point_ids"":[""P-ID-001""],""status"":""EST""}",[],"[""magnets"",""interact"",""some"",""materials"",""others""]","[""LEX-W-PHY-004""]","[""LEX-W-MAT-001"",""LEX-P-ID-001"",""LEX-P-DET-002"",""LEX-P-PRON-001"",""LEX-P-TNS-002""]","[""P-ID-001"",""P-DET-002"",""P-PRON-001"",""P-TNS-002""]","[""RF-AFFIRM-IDENTITY"",""RF-NEGATE-IDENTITY""]",[],"[""DO-IDENTIFY""]",[],"{""non_frontier_language_must_be_established"":true,""allowed_new_language"":""LEX-W-PHY-004"",""presentation_practice_feedback_evaluation_closed"":true}","[""P-CAU-002"",""W-PHY-002"",""W-PHY-003"",""P-FUNC-002""]","[""L091"",""L000"",""L004"",""L006"",""L016""]","[""CHAR-EMMA"",""CHAR-TARO""]","[""LOC-DIRECT-TEACHING""]",,[],Canonical persistent-world event only when chronology_event is non-null; otherwise direct instruction or noncanonical controlled examples.,"[""SCENE"",""COMPARISON""]",PB-O,"[""Wording-changed probe"",""Delayed retrieval probe"",""Composition with established material"",""World-concept probe without frontier wording""]","[""C087""]",30,"[""Magnets interact with some materials and not others.""]","Identity/self-introduction with copular affirmative/negative: `I am`, `X is/isn't`."
L105,contrastive quantification some,POINT_FRONTIER,"[{""world_id"":""W-PHY-004"",""status"":""EST""}]","{""point_ids"":[""P-QNT-004""],""status"":""NEW""}",[],"[""some...others...""]","[""LEX-P-QNT-004""]","[""LEX-W-PHY-004"",""LEX-P-QNT-003""]","[""P-QNT-003""]",[],[],[],[],"{""non_frontier_language_must_be_established"":true,""allowed_new_language"":""LEX-P-QNT-004"",""presentation_practice_feedback_evaluation_closed"":true}","[""W-PHY-002"",""W-PHY-003"",""P-FUNC-002"",""W-PHY-004""]","[""L104"",""L066""]","[""CHAR-EMMA"",""CHAR-TARO""]","[""LOC-DIRECT-TEACHING""]",,[],Canonical persistent-world event only when chronology_event is non-null; otherwise direct instruction or noncanonical controlled examples.,"[""SCENE"",""SYMBOLIC""]",PB-O,"[""Wording-changed probe"",""Delayed retrieval probe"",""Composition with established material"",""Cross-domain POINT probe""]","[""C087"",""C119"",""C190""]",30,"[""contrastive quantification `some...others...`.""]",contrastive quantification `some...others...`.
L106,Sound and vibration are causally related in simple observable systems,WORLD_FRONTIER,"[{""world_id"":""W-PHY-007"",""status"":""NEW""}]","{""point_ids"":[""P-ID-001""],""status"":""EST""}",[],"[""sound"",""vibration"",""causally"",""related"",""observable"",""systems""]","[""LEX-W-PHY-007""]","[""LEX-W-PHY-001"",""LEX-P-ID-001"",""LEX-P-DET-002"",""LEX-P-PRON-001"",""LEX-P-TNS-002""]","[""P-ID-001"",""P-DET-002"",""P-PRON-001"",""P-TNS-002""]","[""RF-AFFIRM-IDENTITY"",""RF-NEGATE-IDENTITY""]",[],"[""DO-IDENTIFY""]",[],"{""non_frontier_language_must_be_established"":true,""allowed_new_language"":""LEX-W-PHY-007"",""presentation_practice_feedback_evaluation_closed"":true}","[""W-PHY-003"",""P-FUNC-002"",""W-PHY-004"",""P-QNT-004""]","[""L099"",""L000"",""L004"",""L006"",""L016""]","[""CHAR-EMMA"",""CHAR-TARO""]","[""LOC-DIRECT-TEACHING""]",,[],Canonical persistent-world event only when chronology_event is non-null; otherwise direct instruction or noncanonical controlled examples.,"[""DIAGRAM"",""SEQUENCE""]",PB-O,"[""Wording-changed probe"",""Delayed retrieval probe"",""Composition with established material"",""World-concept probe without frontier wording""]","[""C090""]",30,"[""Sound and vibration are causally related in simple observable systems.""]","Identity/self-introduction with copular affirmative/negative: `I am`, `X is/isn't`."
L107,A simple circuit contains connected components whose arrangement affects operation,WORLD_FRONTIER,"[{""world_id"":""W-PHY-008"",""status"":""NEW""}]","{""point_ids"":[""P-ID-001""],""status"":""EST""}",[],"[""circuit"",""contains"",""connected"",""components"",""whose"",""arrangement"",""affects"",""operation""]","[""LEX-W-PHY-008""]","[""LEX-W-TEC-002"",""LEX-W-EVT-002"",""LEX-P-ID-001"",""LEX-P-DET-002"",""LEX-P-PRON-001""]","[""P-ID-001"",""P-DET-002"",""P-PRON-001""]","[""RF-AFFIRM-IDENTITY"",""RF-NEGATE-IDENTITY""]",[],"[""DO-IDENTIFY""]",[],"{""non_frontier_language_must_be_established"":true,""allowed_new_language"":""LEX-W-PHY-008"",""presentation_practice_feedback_evaluation_closed"":true}","[""P-FUNC-002"",""W-PHY-004"",""P-QNT-004"",""W-PHY-007""]","[""L035"",""L020"",""L000"",""L004"",""L006""]","[""CHAR-EMMA"",""CHAR-TARO""]","[""LOC-DIRECT-TEACHING""]",,[],Canonical persistent-world event only when chronology_event is non-null; otherwise direct instruction or noncanonical controlled examples.,"[""DIAGRAM""]",DS,"[""Wording-changed probe"",""Delayed retrieval probe"",""Composition with established material"",""World-concept probe without frontier wording""]","[""C091""]",30,"[""A simple circuit contains connected components whose arrangement affects operation.""]","Identity/self-introduction with copular affirmative/negative: `I am`, `X is/isn't`."
L108,Energy sources supply energy to processes/systems at an introductory descriptive level,WORLD_FRONTIER,"[{""world_id"":""W-PHY-009"",""status"":""NEW""}]","{""point_ids"":[""P-ID-001""],""status"":""EST""}",[],"[""energy"",""sources"",""supply"",""processes"",""systems"",""descriptive""]","[""LEX-W-PHY-009""]","[""LEX-W-PHY-008"",""LEX-P-ID-001"",""LEX-P-DET-002"",""LEX-P-PRON-001""]","[""P-ID-001"",""P-DET-002"",""P-PRON-001""]","[""RF-AFFIRM-IDENTITY"",""RF-NEGATE-IDENTITY""]",[],"[""DO-IDENTIFY""]",[],"{""non_frontier_language_must_be_established"":true,""allowed_new_language"":""LEX-W-PHY-009"",""presentation_practice_feedback_evaluation_closed"":true}","[""W-PHY-004"",""P-QNT-004"",""W-PHY-007"",""W-PHY-008""]","[""L107"",""L000"",""L004"",""L006""]","[""CHAR-EMMA"",""CHAR-TARO""]","[""LOC-DIRECT-TEACHING""]",,[],Canonical persistent-world event only when chronology_event is non-null; otherwise direct instruction or noncanonical controlled examples.,"[""DIAGRAM""]",DS,"[""Wording-changed probe"",""Delayed retrieval probe"",""Composition with established material"",""World-concept probe without frontier wording""]","[""C092""]",30,"[""Energy sources supply energy to processes/systems at an introductory descriptive level.""]","Identity/self-introduction with copular affirmative/negative: `I am`, `X is/isn't`."
L109,source relation comes from,POINT_FRONTIER,"[{""world_id"":""W-PHY-009"",""status"":""EST""}]","{""point_ids"":[""P-SOURCE-001""],""status"":""NEW""}",[],"[""comes from""]","[""LEX-P-SOURCE-001""]","[""LEX-W-PHY-009"",""LEX-P-PATH-001""]","[""P-PATH-001""]",[],[],[],[],"{""non_frontier_language_must_be_established"":true,""allowed_new_language"":""LEX-P-SOURCE-001"",""presentation_practice_feedback_evaluation_closed"":true}","[""P-QNT-004"",""W-PHY-007"",""W-PHY-008"",""W-PHY-009""]","[""L108"",""L040""]","[""CHAR-EMMA"",""CHAR-TARO""]","[""LOC-DIRECT-TEACHING""]",,[],Canonical persistent-world event only when chronology_event is non-null; otherwise direct instruction or noncanonical controlled examples.,"[""SCENE"",""SYMBOLIC""]",PB-O,"[""Wording-changed probe"",""Delayed retrieval probe"",""Composition with established material"",""Cross-domain POINT probe""]","[""C092"",""C102""]",30,"[""source relation `comes from`.""]",source relation `comes from`.
L110,physical causation and engineering transfer,TRANSFER,"[{""world_id"":""W-PHY-002"",""status"":""XFER""},{""world_id"":""W-PHY-003"",""status"":""XFER""},{""world_id"":""W-PHY-004"",""status"":""XFER""},{""world_id"":""W-PHY-007"",""status"":""XFER""},{""world_id"":""W-PHY-008"",""status"":""XFER""},{""world_id"":""W-PHY-009"",""status"":""XFER""}]","{""point_ids"":[""P-CAU-002"",""P-FUNC-002"",""P-QNT-004"",""P-SOURCE-001""],""status"":""XFER""}",[],[],[],"[""LEX-P-CAU-002"",""LEX-W-PHY-002"",""LEX-W-PHY-003"",""LEX-P-FUNC-002"",""LEX-W-PHY-004"",""LEX-P-QNT-004"",""LEX-W-PHY-007"",""LEX-W-PHY-008"",""LEX-W-PHY-009"",""LEX-P-SOURCE-001""]","[""P-CAU-002"",""P-FUNC-002"",""P-QNT-004"",""P-SOURCE-001""]",[],[],[],[],"{""non_frontier_language_must_be_established"":true,""allowed_new_language"":""NONE"",""presentation_practice_feedback_evaluation_closed"":true}","[""P-CAU-002"",""W-PHY-002"",""W-PHY-003"",""P-FUNC-002"",""W-PHY-004"",""P-QNT-004"",""W-PHY-007"",""W-PHY-008"",""W-PHY-009"",""P-SOURCE-001""]","[""L100"",""L101"",""L102"",""L103"",""L104"",""L105"",""L106"",""L107"",""L108"",""L109""]","[""CHAR-EMMA"",""CHAR-TARO"",""CHAR-ERROL""]","[""LOC-MEADOW-PATH"",""LOC-POND"",""LOC-OAK"",""LOC-SCHOOL""]",,[],Noncanonical transfer and retrieval task; no new persistent event.,"[""COMPARISON"",""DIALOGUE"",""DIAGRAM""]",DS,"[""Far transfer"",""Delayed retrieval"",""Multi-item composition"",""No frontier leakage""]","[""C083"",""C085"",""C086"",""C112"",""C126"",""C087"",""C119"",""C190"",""C090"",""C091"",""C092"",""C102""]",30,"[""Recombine already acquired WORLD and POINT material in a new context.""]",No new POINT; established operators are retrieved and composed.
L111,Machines/systems consist of interacting parts; part failure can affect system behavior,WORLD_FRONTIER,"[{""world_id"":""W-ENG-001"",""status"":""NEW""}]","{""point_ids"":[""P-ID-001""],""status"":""EST""}",[],"[""machines"",""systems"",""consist"",""interacting"",""parts"",""part"",""failure"",""affect""]","[""LEX-W-ENG-001""]","[""LEX-W-TEC-002"",""LEX-W-OBJ-001"",""LEX-P-ID-001"",""LEX-P-DET-002"",""LEX-P-PRON-001"",""LEX-P-TNS-002""]","[""P-ID-001"",""P-DET-002"",""P-PRON-001"",""P-TNS-002""]","[""RF-AFFIRM-IDENTITY"",""RF-NEGATE-IDENTITY""]",[],"[""DO-IDENTIFY""]",[],"{""non_frontier_language_must_be_established"":true,""allowed_new_language"":""LEX-W-ENG-001"",""presentation_practice_feedback_evaluation_closed"":true}","[""W-PHY-007"",""W-PHY-008"",""W-PHY-009"",""P-SOURCE-001""]","[""L035"",""L003"",""L000"",""L004"",""L006"",""L016""]","[""CHAR-EMMA"",""CHAR-TARO""]","[""LOC-DIRECT-TEACHING"",""LOC-MILL""]",INTRODUCE-LOC-MILL,[],Canonical persistent-world event only when chronology_event is non-null; otherwise direct instruction or noncanonical controlled examples.,"[""DIAGRAM""]",DS,"[""Wording-changed probe"",""Delayed retrieval probe"",""Composition with established material"",""World-concept probe without frontier wording""]","[""C093""]",30,"[""Machines/systems consist of interacting parts; part failure can affect system behavior.""]","Identity/self-introduction with copular affirmative/negative: `I am`, `X is/isn't`."
L112,"Objects/systems can contain parts; part, whole, member, material, and component relations must not be conflated",WORLD_FRONTIER,"[{""world_id"":""W-SYS-001"",""status"":""NEW""}]","{""point_ids"":[""P-ID-001""],""status"":""EST""}",[],"[""objects"",""systems"",""contain"",""parts"",""part"",""whole"",""member"",""material""]","[""LEX-W-SYS-001""]","[""LEX-W-OBJ-001"",""LEX-W-ENG-001"",""LEX-P-ID-001"",""LEX-P-DET-002"",""LEX-P-PRON-001"",""LEX-P-CLASS-001""]","[""P-ID-001"",""P-DET-002"",""P-PRON-001"",""P-CLASS-001""]","[""RF-AFFIRM-IDENTITY"",""RF-NEGATE-IDENTITY""]",[],"[""DO-IDENTIFY"",""DO-CLASSIFY""]",[],"{""non_frontier_language_must_be_established"":true,""allowed_new_language"":""LEX-W-SYS-001"",""presentation_practice_feedback_evaluation_closed"":true}","[""W-PHY-008"",""W-PHY-009"",""P-SOURCE-001"",""W-ENG-001""]","[""L003"",""L111"",""L000"",""L004"",""L006"",""L096""]","[""CHAR-EMMA"",""CHAR-TARO""]","[""LOC-DIRECT-TEACHING""]",,[],Canonical persistent-world event only when chronology_event is non-null; otherwise direct instruction or noncanonical controlled examples.,"[""DIAGRAM""]",DS,"[""Wording-changed probe"",""Delayed retrieval probe"",""Composition with established material"",""World-concept probe without frontier wording""]","[""C042"",""C105"",""C133"",""C199""]",30,"[""Objects/systems can contain parts; part, whole, member, material, and component relations must not be conflated.""]","Identity/self-introduction with copular affirmative/negative: `I am`, `X is/isn't`."
L113,"Weather patterns and seasons concern recurrence over time, not guarantees about individual days",WORLD_FRONTIER,"[{""world_id"":""W-EAR-002"",""status"":""NEW""}]","{""point_ids"":[""P-ID-001""],""status"":""EST""}",[],"[""weather"",""patterns"",""seasons"",""concern"",""recurrence"",""time"",""guarantees"",""about""]","[""LEX-W-EAR-002""]","[""LEX-W-EAR-001"",""LEX-W-TIME-003"",""LEX-P-ID-001"",""LEX-P-DET-002"",""LEX-P-PRON-001"",""LEX-P-TNS-002""]","[""P-ID-001"",""P-DET-002"",""P-PRON-001"",""P-TNS-002""]","[""RF-AFFIRM-IDENTITY"",""RF-NEGATE-IDENTITY""]",[],"[""DO-IDENTIFY""]",[],"{""non_frontier_language_must_be_established"":true,""allowed_new_language"":""LEX-W-EAR-002"",""presentation_practice_feedback_evaluation_closed"":true}","[""W-PHY-009"",""P-SOURCE-001"",""W-ENG-001"",""W-SYS-001""]","[""L076"",""L080"",""L000"",""L004"",""L006"",""L016""]","[""CHAR-EMMA"",""CHAR-TARO""]","[""LOC-NONCANONICAL-DIAGRAM"",""LOC-HILL""]",INTRODUCE-LOC-HILL,[],Canonical persistent-world event only when chronology_event is non-null; otherwise direct instruction or noncanonical controlled examples.,"[""COMPARISON"",""SEQUENCE""]",PB-O,"[""Wording-changed probe"",""Delayed retrieval probe"",""Composition with established material"",""World-concept probe without frontier wording""]","[""C097"",""C098""]",30,"[""Weather patterns and seasons concern recurrence over time, not guarantees about individual days.""]","Identity/self-introduction with copular affirmative/negative: `I am`, `X is/isn't`."
L114,"nonabsolute generalization/hedging: usually, generally, often, tends to",POINT_FRONTIER,"[{""world_id"":""W-EAR-002"",""status"":""EST""}]","{""point_ids"":[""P-GEN-001""],""status"":""NEW""}",[],"[""usually"",""generally"",""often"",""tends to""]","[""LEX-P-GEN-001""]","[""LEX-W-EAR-002"",""LEX-P-FREQ-001""]","[""P-FREQ-001""]",[],[],[],[],"{""non_frontier_language_must_be_established"":true,""allowed_new_language"":""LEX-P-GEN-001"",""presentation_practice_feedback_evaluation_closed"":true}","[""P-SOURCE-001"",""W-ENG-001"",""W-SYS-001"",""W-EAR-002""]","[""L113"",""L019""]","[""CHAR-EMMA"",""CHAR-TARO""]","[""LOC-DIRECT-TEACHING""]",,[],Canonical persistent-world event only when chronology_event is non-null; otherwise direct instruction or noncanonical controlled examples.,"[""SCENE"",""SYMBOLIC""]",PB-O,"[""Wording-changed probe"",""Delayed retrieval probe"",""Composition with established material"",""Cross-domain POINT probe""]","[""C097"",""C188"",""C236""]",30,"[""nonabsolute generalization/hedging: `usually`, `generally`, `often`, `tends to`.""]","nonabsolute generalization/hedging: `usually`, `generally`, `often`, `tends to`."
L115,Water-cycle processes are distinct transformations/movements that can form a cycle,WORLD_FRONTIER,"[{""world_id"":""W-EAR-003"",""status"":""NEW""}]","{""point_ids"":[""P-ID-001""],""status"":""EST""}",[],"[""water-cycle"",""processes"",""transformations"",""movements"",""form"",""cycle""]","[""LEX-W-EAR-003""]","[""LEX-W-MAT-003"",""LEX-W-MAT-004"",""LEX-P-ID-001"",""LEX-P-DET-002"",""LEX-P-PRON-001"",""LEX-P-TNS-002""]","[""P-ID-001"",""P-DET-002"",""P-PRON-001"",""P-TNS-002""]","[""RF-AFFIRM-IDENTITY"",""RF-NEGATE-IDENTITY""]",[],"[""DO-IDENTIFY""]",[],"{""non_frontier_language_must_be_established"":true,""allowed_new_language"":""LEX-W-EAR-003"",""presentation_practice_feedback_evaluation_closed"":true}","[""W-ENG-001"",""W-SYS-001"",""W-EAR-002"",""P-GEN-001""]","[""L095"",""L097"",""L000"",""L004"",""L006"",""L016""]","[""CHAR-EMMA"",""CHAR-TARO""]","[""LOC-NONCANONICAL-DIAGRAM""]",,[],Canonical persistent-world event only when chronology_event is non-null; otherwise direct instruction or noncanonical controlled examples.,"[""DIAGRAM"",""SEQUENCE""]",PB-O,"[""Wording-changed probe"",""Delayed retrieval probe"",""Composition with established material"",""World-concept probe without frontier wording""]","[""C099""]",30,"[""Water-cycle processes are distinct transformations/movements that can form a cycle.""]","Identity/self-introduction with copular affirmative/negative: `I am`, `X is/isn't`."
L116,"passive family, first in visible processes; later active/passive contrast and agent by",POINT_FRONTIER,"[{""world_id"":""W-EAR-003"",""status"":""EST""}]","{""point_ids"":[""P-PASS-001""],""status"":""NEW""}",[],"[""by""]","[""LEX-P-PASS-001""]","[""LEX-W-EAR-003"",""LEX-P-TNS-002"",""LEX-P-REL-001""]","[""P-TNS-002"",""P-REL-001""]",[],[],[],[],"{""non_frontier_language_must_be_established"":true,""allowed_new_language"":""LEX-P-PASS-001"",""presentation_practice_feedback_evaluation_closed"":true}","[""W-SYS-001"",""W-EAR-002"",""P-GEN-001"",""W-EAR-003""]","[""L115"",""L016"",""L032""]","[""CHAR-EMMA"",""CHAR-TARO""]","[""LOC-DIRECT-TEACHING""]",,[],Canonical persistent-world event only when chronology_event is non-null; otherwise direct instruction or noncanonical controlled examples.,"[""SCENE"",""SYMBOLIC""]",PB-O,"[""Wording-changed probe"",""Delayed retrieval probe"",""Composition with established material"",""Cross-domain POINT probe""]","[""C099"",""C114"",""C125"",""C155"",""C220""]",30,"[""passive family, first in visible processes; later active/passive contrast and agent `by`.""]","passive family, first in visible processes; later active/passive contrast and agent `by`."
L117,"Natural resources have sources and uses; waste, reuse, recycling, and conservation are distinct responses",WORLD_FRONTIER,"[{""world_id"":""W-EAR-004"",""status"":""NEW""}]","{""point_ids"":[""P-ID-001""],""status"":""EST""}",[],"[""natural"",""resources"",""have"",""sources"",""uses"",""waste"",""reuse"",""recycling""]","[""LEX-W-EAR-004""]","[""LEX-W-MAT-001"",""LEX-W-TEC-002"",""LEX-P-ID-001"",""LEX-P-DET-002"",""LEX-P-PRON-001"",""LEX-P-TNS-002""]","[""P-ID-001"",""P-DET-002"",""P-PRON-001"",""P-TNS-002""]","[""RF-AFFIRM-IDENTITY"",""RF-NEGATE-IDENTITY""]",[],"[""DO-IDENTIFY""]",[],"{""non_frontier_language_must_be_established"":true,""allowed_new_language"":""LEX-W-EAR-004"",""presentation_practice_feedback_evaluation_closed"":true}","[""W-EAR-002"",""P-GEN-001"",""W-EAR-003"",""P-PASS-001""]","[""L091"",""L035"",""L000"",""L004"",""L006"",""L016""]","[""CHAR-EMMA"",""CHAR-TARO""]","[""LOC-NONCANONICAL-DIAGRAM""]",,[],Canonical persistent-world event only when chronology_event is non-null; otherwise direct instruction or noncanonical controlled examples.,"[""SEQUENCE"",""DIAGRAM""]",PB-O,"[""Wording-changed probe"",""Delayed retrieval probe"",""Composition with established material"",""World-concept probe without frontier wording""]","[""C102"",""C103""]",30,"[""Natural resources have sources and uses; waste, reuse, recycling, and conservation are distinct responses.""]","Identity/self-introduction with copular affirmative/negative: `I am`, `X is/isn't`."
L118,"alternatives/exceptions: instead of, not X but Y, later unless",POINT_FRONTIER,"[{""world_id"":""W-EAR-004"",""status"":""EST""}]","{""point_ids"":[""P-ALT-001""],""status"":""NEW""}",[],"[""instead of"",""not X but Y"",""unless""]","[""LEX-P-ALT-001""]","[""LEX-W-EAR-004"",""LEX-P-Q-002""]","[""P-Q-002""]","[""RF-OR-IDENTITY""]",[],"[""DO-IDENTIFY""]",[],"{""non_frontier_language_must_be_established"":true,""allowed_new_language"":""LEX-P-ALT-001"",""presentation_practice_feedback_evaluation_closed"":true}","[""P-GEN-001"",""W-EAR-003"",""P-PASS-001"",""W-EAR-004""]","[""L117"",""L000""]","[""CHAR-EMMA"",""CHAR-TARO""]","[""LOC-DIRECT-TEACHING""]",,[],Canonical persistent-world event only when chronology_event is non-null; otherwise direct instruction or noncanonical controlled examples.,"[""SCENE"",""SYMBOLIC""]",PB-O,"[""Wording-changed probe"",""Delayed retrieval probe"",""Composition with established material"",""Cross-domain POINT probe""]","[""C103"",""C224"",""C234""]",30,"[""alternatives/exceptions: `instead of`, `not X but Y`, later `unless`.""]","alternatives/exceptions: `instead of`, `not X but Y`, later `unless`."
L119,Living and nonliving entities are distinguished using biological properties rather than motion alone,WORLD_FRONTIER,"[{""world_id"":""W-BIO-001"",""status"":""NEW""}]","{""point_ids"":[""P-ID-001""],""status"":""EST""}",[],"[""living"",""nonliving"",""entities"",""distinguished"",""using"",""biological"",""properties"",""rather""]","[""LEX-W-BIO-001""]","[""LEX-W-ONT-001"",""LEX-W-OBJ-001"",""LEX-P-ID-001"",""LEX-P-DET-002"",""LEX-P-PRON-001"",""LEX-P-TNS-002""]","[""P-ID-001"",""P-DET-002"",""P-PRON-001"",""P-TNS-002""]","[""RF-AFFIRM-IDENTITY"",""RF-NEGATE-IDENTITY""]",[],"[""DO-IDENTIFY""]",[],"{""non_frontier_language_must_be_established"":true,""allowed_new_language"":""LEX-W-BIO-001"",""presentation_practice_feedback_evaluation_closed"":true}","[""W-EAR-003"",""P-PASS-001"",""W-EAR-004"",""P-ALT-001""]","[""L001"",""L003"",""L000"",""L004"",""L006"",""L016""]","[""CHAR-EMMA"",""CHAR-TARO"",""CHAR-BISCUIT""]","[""LOC-DIRECT-TEACHING""]",INTRODUCE-CHAR-BISCUIT,[],Canonical persistent-world event only when chronology_event is non-null; otherwise direct instruction or noncanonical controlled examples.,"[""COMPARISON""]",PB-O,"[""Wording-changed probe"",""Delayed retrieval probe"",""Composition with established material"",""World-concept probe without frontier wording""]","[""C104""]",30,"[""Living and nonliving entities are distinguished using biological properties rather than motion alone.""]","Identity/self-introduction with copular affirmative/negative: `I am`, `X is/isn't`."
L120,A human body has major external parts organized by part–whole relations,WORLD_FRONTIER,"[{""world_id"":""W-BODY-001"",""status"":""NEW""}]","{""point_ids"":[""P-ID-001""],""status"":""EST""}",[],"[""human"",""body"",""has"",""major"",""external"",""parts"",""organized"",""part""]","[""LEX-W-BODY-001""]","[""LEX-W-BIO-001"",""LEX-P-ID-001"",""LEX-P-DET-002"",""LEX-P-PRON-001"",""LEX-P-TNS-002""]","[""P-ID-001"",""P-DET-002"",""P-PRON-001"",""P-TNS-002""]","[""RF-AFFIRM-IDENTITY"",""RF-NEGATE-IDENTITY""]",[],"[""DO-IDENTIFY""]",[],"{""non_frontier_language_must_be_established"":true,""allowed_new_language"":""LEX-W-BODY-001"",""presentation_practice_feedback_evaluation_closed"":true}","[""P-PASS-001"",""W-EAR-004"",""P-ALT-001"",""W-BIO-001""]","[""L119"",""L000"",""L004"",""L006"",""L016""]","[""CHAR-EMMA"",""CHAR-TARO""]","[""LOC-DIRECT-TEACHING""]",,[],Canonical persistent-world event only when chronology_event is non-null; otherwise direct instruction or noncanonical controlled examples.,"[""DIAGRAM""]",DS,"[""Wording-changed probe"",""Delayed retrieval probe"",""Composition with established material"",""World-concept probe without frontier wording""]","[""C042""]",30,"[""A human body has major external parts organized by part–whole relations.""]","Identity/self-introduction with copular affirmative/negative: `I am`, `X is/isn't`."
L121,"part-whole frames has, part of, contains/consists of",POINT_FRONTIER,"[{""world_id"":""W-BODY-001"",""status"":""EST""}]","{""point_ids"":[""P-PART-001""],""status"":""NEW""}",[],"[""has"",""part of"",""contains/consists of""]","[""LEX-P-PART-001""]","[""LEX-W-BODY-001"",""LEX-P-POSS-001""]","[""P-POSS-001""]",[],[],[],[],"{""non_frontier_language_must_be_established"":true,""allowed_new_language"":""LEX-P-PART-001"",""presentation_practice_feedback_evaluation_closed"":true}","[""W-EAR-004"",""P-ALT-001"",""W-BIO-001"",""W-BODY-001""]","[""L120"",""L025""]","[""CHAR-EMMA"",""CHAR-TARO""]","[""LOC-DIRECT-TEACHING""]",,[],Canonical persistent-world event only when chronology_event is non-null; otherwise direct instruction or noncanonical controlled examples.,"[""SCENE"",""SYMBOLIC""]",PB-O,"[""Wording-changed probe"",""Delayed retrieval probe"",""Composition with established material"",""Cross-domain POINT probe""]","[""C042"",""C105"",""C133"",""C199""]",30,"[""part-whole frames `has`, `part of`, `contains/consists of`.""]","part-whole frames `has`, `part of`, `contains/consists of`."
L122,whole/half/quarter/part of,POINT_FRONTIER,"[{""world_id"":""W-MATH-011"",""status"":""EST""}]","{""point_ids"":[""P-FRAC-001""],""status"":""NEW""}",[],"[""whole/half/quarter/part of""]","[""LEX-P-FRAC-001""]","[""LEX-W-MATH-011"",""LEX-P-PART-001"",""LEX-P-QNT-001""]","[""P-PART-001"",""P-QNT-001""]",[],[],[],[],"{""non_frontier_language_must_be_established"":true,""allowed_new_language"":""LEX-P-FRAC-001"",""presentation_practice_feedback_evaluation_closed"":true}","[""P-ALT-001"",""W-BIO-001"",""W-BODY-001"",""P-PART-001""]","[""L088"",""L121"",""L044""]","[""CHAR-EMMA"",""CHAR-TARO""]","[""LOC-DIRECT-TEACHING""]",,[],Canonical persistent-world event only when chronology_event is non-null; otherwise direct instruction or noncanonical controlled examples.,"[""SCENE"",""SYMBOLIC""]",PB-O,"[""Wording-changed probe"",""Delayed retrieval probe"",""Composition with established material"",""Cross-domain POINT probe""]","[""C076""]",30,"[""`whole/half/quarter/part of`.""]",`whole/half/quarter/part of`.
L123,made of vs made from; material-property opposites,POINT_FRONTIER,"[{""world_id"":""W-MAT-001"",""status"":""EST""},{""world_id"":""W-MAT-002"",""status"":""EST""}]","{""point_ids"":[""P-MAT-001""],""status"":""NEW""}",[],"[""made of"",""made from""]","[""LEX-P-MAT-001""]","[""LEX-W-MAT-001"",""LEX-W-MAT-002"",""LEX-P-PART-001"",""LEX-P-DESC-001""]","[""P-PART-001"",""P-DESC-001""]",[],[],[],[],"{""non_frontier_language_must_be_established"":true,""allowed_new_language"":""LEX-P-MAT-001"",""presentation_practice_feedback_evaluation_closed"":true}","[""W-BIO-001"",""W-BODY-001"",""P-PART-001"",""P-FRAC-001""]","[""L091"",""L094"",""L121"",""L013""]","[""CHAR-EMMA"",""CHAR-TARO""]","[""LOC-DIRECT-TEACHING""]",,[],Canonical persistent-world event only when chronology_event is non-null; otherwise direct instruction or noncanonical controlled examples.,"[""SCENE"",""SYMBOLIC""]",PB-O,"[""Wording-changed probe"",""Delayed retrieval probe"",""Composition with established material"",""Cross-domain POINT probe""]","[""C078"",""C079""]",30,"[""`made of` vs `made from`; material-property opposites.""]",`made of` vs `made from`; material-property opposites.
L124,"Plants have differentiated structures: roots, stems, leaves, flowers/seeds where applicable",WORLD_FRONTIER,"[{""world_id"":""W-BIO-002"",""status"":""NEW""}]","{""point_ids"":[""P-ID-001""],""status"":""EST""}",[],"[""plants"",""have"",""differentiated"",""structures"",""roots"",""stems"",""leaves"",""flowers""]","[""LEX-W-BIO-002""]","[""LEX-W-BIO-001"",""LEX-P-ID-001"",""LEX-P-DET-002"",""LEX-P-PRON-001"",""LEX-P-TNS-002""]","[""P-ID-001"",""P-DET-002"",""P-PRON-001"",""P-TNS-002""]","[""RF-AFFIRM-IDENTITY"",""RF-NEGATE-IDENTITY""]",[],"[""DO-IDENTIFY""]",[],"{""non_frontier_language_must_be_established"":true,""allowed_new_language"":""LEX-W-BIO-002"",""presentation_practice_feedback_evaluation_closed"":true}","[""W-BODY-001"",""P-PART-001"",""P-FRAC-001"",""P-MAT-001""]","[""L119"",""L000"",""L004"",""L006"",""L016""]","[""CHAR-EMMA"",""CHAR-TARO"",""CHAR-BISCUIT""]","[""LOC-DIRECT-TEACHING"",""LOC-GRANS-GARDEN""]",INTRODUCE-LOC-GRANS-GARDEN,[],Canonical persistent-world event only when chronology_event is non-null; otherwise direct instruction or noncanonical controlled examples.,"[""DIAGRAM""]",DS,"[""Wording-changed probe"",""Delayed retrieval probe"",""Composition with established material"",""World-concept probe without frontier wording""]","[""C105""]",30,"[""Plants have differentiated structures: roots, stems, leaves, flowers/seeds where applicable.""]","Identity/self-introduction with copular affirmative/negative: `I am`, `X is/isn't`."
L125,Plants require resources and pass through growth stages,WORLD_FRONTIER,"[{""world_id"":""W-BIO-003"",""status"":""NEW""}]","{""point_ids"":[""P-ID-001""],""status"":""EST""}",[],"[""plants"",""require"",""resources"",""pass"",""growth"",""stages""]","[""LEX-W-BIO-003""]","[""LEX-W-BIO-002"",""LEX-W-TIME-002"",""LEX-P-ID-001"",""LEX-P-DET-002"",""LEX-P-PRON-001"",""LEX-P-TNS-002""]","[""P-ID-001"",""P-DET-002"",""P-PRON-001"",""P-TNS-002""]","[""RF-AFFIRM-IDENTITY"",""RF-NEGATE-IDENTITY""]",[],"[""DO-IDENTIFY""]",[],"{""non_frontier_language_must_be_established"":true,""allowed_new_language"":""LEX-W-BIO-003"",""presentation_practice_feedback_evaluation_closed"":true}","[""P-PART-001"",""P-FRAC-001"",""P-MAT-001"",""W-BIO-002""]","[""L124"",""L077"",""L000"",""L004"",""L006"",""L016""]","[""CHAR-EMMA"",""CHAR-TARO"",""CHAR-BISCUIT""]","[""LOC-GRANS-GARDEN""]",,[],Canonical persistent-world event only when chronology_event is non-null; otherwise direct instruction or noncanonical controlled examples.,"[""SEQUENCE"",""DIAGRAM""]",PB-O,"[""Wording-changed probe"",""Delayed retrieval probe"",""Composition with established material"",""World-concept probe without frontier wording""]","[""C106"",""C107""]",30,"[""Plants require resources and pass through growth stages.""]","Identity/self-introduction with copular affirmative/negative: `I am`, `X is/isn't`."
L126,"Pollination and seed dispersal are transfer processes that may involve wind, animals, or other mechanisms",WORLD_FRONTIER,"[{""world_id"":""W-BIO-013"",""status"":""NEW""}]","{""point_ids"":[""P-ID-001""],""status"":""EST""}",[],"[""pollination"",""seed"",""dispersal"",""transfer"",""processes"",""involve"",""wind"",""animals""]","[""LEX-W-BIO-013""]","[""LEX-W-BIO-002"",""LEX-W-BIO-003"",""LEX-P-ID-001"",""LEX-P-DET-002"",""LEX-P-PRON-001"",""LEX-P-TNS-002""]","[""P-ID-001"",""P-DET-002"",""P-PRON-001"",""P-TNS-002""]","[""RF-AFFIRM-IDENTITY"",""RF-NEGATE-IDENTITY""]",[],"[""DO-IDENTIFY""]",[],"{""non_frontier_language_must_be_established"":true,""allowed_new_language"":""LEX-W-BIO-013"",""presentation_practice_feedback_evaluation_closed"":true}","[""P-FRAC-001"",""P-MAT-001"",""W-BIO-002"",""W-BIO-003""]","[""L124"",""L125"",""L000"",""L004"",""L006"",""L016""]","[""CHAR-EMMA"",""CHAR-TARO"",""CHAR-BISCUIT""]","[""LOC-GRANS-GARDEN""]",,[],Canonical persistent-world event only when chronology_event is non-null; otherwise direct instruction or noncanonical controlled examples.,"[""SEQUENCE"",""DIAGRAM""]",PB-O,"[""Wording-changed probe"",""Delayed retrieval probe"",""Composition with established material"",""World-concept probe without frontier wording""]","[""C121""]",30,"[""Pollination and seed dispersal are transfer processes that may involve wind, animals, or other mechanisms.""]","Identity/self-introduction with copular affirmative/negative: `I am`, `X is/isn't`."
L127,work together to; system/component composition language,POINT_FRONTIER,"[{""world_id"":""W-ENG-001"",""status"":""EST""}]","{""point_ids"":[""P-SYS-001""],""status"":""NEW""}",[],"[""work together to""]","[""LEX-P-SYS-001""]","[""LEX-W-ENG-001"",""LEX-P-PART-001"",""LEX-P-FUNC-002""]","[""P-PART-001"",""P-FUNC-002""]",[],[],[],[],"{""non_frontier_language_must_be_established"":true,""allowed_new_language"":""LEX-P-SYS-001"",""presentation_practice_feedback_evaluation_closed"":true}","[""P-MAT-001"",""W-BIO-002"",""W-BIO-003"",""W-BIO-013""]","[""L111"",""L121"",""L103""]","[""CHAR-EMMA"",""CHAR-TARO""]","[""LOC-DIRECT-TEACHING""]",,[],Canonical persistent-world event only when chronology_event is non-null; otherwise direct instruction or noncanonical controlled examples.,"[""SCENE"",""SYMBOLIC""]",PB-O,"[""Wording-changed probe"",""Delayed retrieval probe"",""Composition with established material"",""Cross-domain POINT probe""]","[""C123"",""C140"",""C199""]",30,"[""`work together to`; system/component composition language.""]",`work together to`; system/component composition language.
L128,Maps as representations of places,WORLD_FRONTIER,"[{""world_id"":""W-REP-002"",""status"":""NEW""}]","{""point_ids"":[""P-ID-001""],""status"":""EST""}",[],"[""map"",""place"",""symbol"",""route"",""School"",""Meadow Path""]","[""LEX-W-REP-002""]","[""LEX-W-REP-001"",""LEX-W-GEO-001"",""LEX-P-ID-001"",""LEX-P-DET-002"",""LEX-P-PRON-001"",""LEX-P-DESC-001""]","[""P-ID-001"",""P-DET-002"",""P-PRON-001"",""P-DESC-001""]","[""RF-AFFIRM-IDENTITY"",""RF-NEGATE-IDENTITY""]",[],"[""DO-IDENTIFY""]",[],"{""non_frontier_language_must_be_established"":true,""allowed_new_language"":""LEX-W-REP-002"",""presentation_practice_feedback_evaluation_closed"":true}","[""W-BIO-002"",""W-BIO-003"",""W-BIO-013"",""P-SYS-001""]","[""L027"",""L039"",""L000"",""L004"",""L006"",""L013""]","[""CHAR-EMMA"",""CHAR-TARO""]","[""LOC-MEADOW-PATH"",""LOC-POND"",""LOC-OAK"",""LOC-SCHOOL""]",,[],Canonical persistent-world event only when chronology_event is non-null; otherwise direct instruction or noncanonical controlled examples.,"[""SYMBOLIC"",""DIAGRAM""]",DS,"[""Wording-changed probe"",""Delayed retrieval probe"",""Composition with established material"",""World-concept probe without frontier wording""]","[""C128"",""C129"",""C130"",""C131"",""V2""]",30,"[""Maps as representations of places. A map is not the place itself; marks and symbols can represent locations and routes. The School is at the far end of the Meadow Path, and the supplied world-bible topology is authoritative.""]","Identity/self-introduction with copular affirmative/negative: `I am`, `X is/isn't`."
L129,"Landforms such as mountains, valleys, plains, and coasts are distinguishable geographic structures",WORLD_FRONTIER,"[{""world_id"":""W-GEO-002"",""status"":""NEW""}]","{""point_ids"":[""P-ID-001""],""status"":""EST""}",[],"[""landforms"",""mountains"",""valleys"",""plains"",""coasts"",""distinguishable"",""geographic"",""structures""]","[""LEX-W-GEO-002""]","[""LEX-W-REP-002"",""LEX-P-ID-001"",""LEX-P-DET-002"",""LEX-P-PRON-001"",""LEX-P-DESC-001""]","[""P-ID-001"",""P-DET-002"",""P-PRON-001"",""P-DESC-001""]","[""RF-AFFIRM-IDENTITY"",""RF-NEGATE-IDENTITY""]",[],"[""DO-IDENTIFY""]",[],"{""non_frontier_language_must_be_established"":true,""allowed_new_language"":""LEX-W-GEO-002"",""presentation_practice_feedback_evaluation_closed"":true}","[""W-BIO-003"",""W-BIO-013"",""P-SYS-001"",""W-REP-002""]","[""L128"",""L000"",""L004"",""L006"",""L013""]","[""CHAR-EMMA"",""CHAR-TARO""]","[""LOC-NONCANONICAL-DIAGRAM""]",,[],Canonical persistent-world event only when chronology_event is non-null; otherwise direct instruction or noncanonical controlled examples.,"[""DIAGRAM"",""SCENE""]",PB-O,"[""Wording-changed probe"",""Delayed retrieval probe"",""Composition with established material"",""World-concept probe without frontier wording""]","[""C100""]",30,"[""Landforms such as mountains, valleys, plains, and coasts are distinguishable geographic structures.""]","Identity/self-introduction with copular affirmative/negative: `I am`, `X is/isn't`."
L130,"Rivers, lakes, and oceans differ; flowing water can move from source through a path into a larger body",WORLD_FRONTIER,"[{""world_id"":""W-GEO-003"",""status"":""NEW""}]","{""point_ids"":[""P-ID-001""],""status"":""EST""}",[],"[""rivers"",""lakes"",""oceans"",""differ"",""flowing"",""water"",""move"",""source""]","[""LEX-W-GEO-003""]","[""LEX-W-GEO-001"",""LEX-W-GEO-002"",""LEX-P-ID-001"",""LEX-P-DET-002"",""LEX-P-PRON-001"",""LEX-P-DESC-001""]","[""P-ID-001"",""P-DET-002"",""P-PRON-001"",""P-DESC-001""]","[""RF-AFFIRM-IDENTITY"",""RF-NEGATE-IDENTITY""]",[],"[""DO-IDENTIFY""]",[],"{""non_frontier_language_must_be_established"":true,""allowed_new_language"":""LEX-W-GEO-003"",""presentation_practice_feedback_evaluation_closed"":true}","[""W-BIO-013"",""P-SYS-001"",""W-REP-002"",""W-GEO-002""]","[""L039"",""L129"",""L000"",""L004"",""L006"",""L013""]","[""CHAR-EMMA"",""CHAR-TARO""]","[""LOC-NONCANONICAL-DIAGRAM""]",,[],Canonical persistent-world event only when chronology_event is non-null; otherwise direct instruction or noncanonical controlled examples.,"[""DIAGRAM""]",DS,"[""Wording-changed probe"",""Delayed retrieval probe"",""Composition with established material"",""World-concept probe without frontier wording""]","[""C101""]",30,"[""Rivers, lakes, and oceans differ; flowing water can move from source through a path into a larger body.""]","Identity/self-introduction with copular affirmative/negative: `I am`, `X is/isn't`."
L131,path/transfer flows/carries X from Y through/to Z,POINT_FRONTIER,"[{""world_id"":""W-GEO-003"",""status"":""EST""}]","{""point_ids"":[""P-FLOW-001""],""status"":""NEW""}",[],"[""flows/carries X from Y through/to Z""]","[""LEX-P-FLOW-001""]","[""LEX-W-GEO-003"",""LEX-P-PATH-001"",""LEX-P-COM-001""]","[""P-PATH-001"",""P-COM-001""]",[],[],[],[],"{""non_frontier_language_must_be_established"":true,""allowed_new_language"":""LEX-P-FLOW-001"",""presentation_practice_feedback_evaluation_closed"":true}","[""P-SYS-001"",""W-REP-002"",""W-GEO-002"",""W-GEO-003""]","[""L130"",""L040"",""L030""]","[""CHAR-EMMA"",""CHAR-TARO""]","[""LOC-DIRECT-TEACHING""]",,[],Canonical persistent-world event only when chronology_event is non-null; otherwise direct instruction or noncanonical controlled examples.,"[""SCENE"",""SYMBOLIC""]",PB-O,"[""Wording-changed probe"",""Delayed retrieval probe"",""Composition with established material"",""Cross-domain POINT probe""]","[""C101"",""C124"",""C156""]",30,"[""path/transfer `flows/carries X from Y through/to Z`.""]",path/transfer `flows/carries X from Y through/to Z`.
L132,Habitats are environments in which organisms live; habitat is not synonymous with organism,WORLD_FRONTIER,"[{""world_id"":""W-BIO-006"",""status"":""NEW""}]","{""point_ids"":[""P-ID-001""],""status"":""EST""}",[],"[""habitats"",""environments"",""which"",""organisms"",""live"",""habitat"",""synonymous"",""organism""]","[""LEX-W-BIO-006""]","[""LEX-W-GEO-002"",""LEX-W-GEO-003"",""LEX-W-BIO-001"",""LEX-P-ID-001"",""LEX-P-DET-002"",""LEX-P-PRON-001"",""LEX-P-PART-001""]","[""P-ID-001"",""P-DET-002"",""P-PRON-001"",""P-PART-001""]","[""RF-AFFIRM-IDENTITY"",""RF-NEGATE-IDENTITY""]",[],"[""DO-IDENTIFY""]",[],"{""non_frontier_language_must_be_established"":true,""allowed_new_language"":""LEX-W-BIO-006"",""presentation_practice_feedback_evaluation_closed"":true}","[""W-REP-002"",""W-GEO-002"",""W-GEO-003"",""P-FLOW-001""]","[""L129"",""L130"",""L119"",""L000"",""L004"",""L006"",""L121""]","[""CHAR-EMMA"",""CHAR-TARO"",""CHAR-BISCUIT""]","[""LOC-GRANS-GARDEN""]",,[],Canonical persistent-world event only when chronology_event is non-null; otherwise direct instruction or noncanonical controlled examples.,"[""SCENE"",""DIAGRAM""]",PB-O,"[""Wording-changed probe"",""Delayed retrieval probe"",""Composition with established material"",""World-concept probe without frontier wording""]","[""C111""]",30,"[""Habitats are environments in which organisms live; habitat is not synonymous with organism.""]","Identity/self-introduction with copular affirmative/negative: `I am`, `X is/isn't`."
L133,Cardinal directions support relative geographic orientation,WORLD_FRONTIER,"[{""world_id"":""W-GEO-004"",""status"":""NEW""}]","{""point_ids"":[""P-ID-001""],""status"":""EST""}",[],"[""cardinal"",""directions"",""support"",""relative"",""geographic"",""orientation""]","[""LEX-W-GEO-004""]","[""LEX-W-REP-002"",""LEX-P-ID-001"",""LEX-P-DET-002"",""LEX-P-PRON-001"",""LEX-P-DESC-001""]","[""P-ID-001"",""P-DET-002"",""P-PRON-001"",""P-DESC-001""]","[""RF-AFFIRM-IDENTITY"",""RF-NEGATE-IDENTITY""]",[],"[""DO-IDENTIFY""]",[],"{""non_frontier_language_must_be_established"":true,""allowed_new_language"":""LEX-W-GEO-004"",""presentation_practice_feedback_evaluation_closed"":true}","[""W-GEO-002"",""W-GEO-003"",""P-FLOW-001"",""W-BIO-006""]","[""L128"",""L000"",""L004"",""L006"",""L013""]","[""CHAR-EMMA"",""CHAR-TARO""]","[""LOC-NONCANONICAL-DIAGRAM""]",,[],Canonical persistent-world event only when chronology_event is non-null; otherwise direct instruction or noncanonical controlled examples.,"[""SYMBOLIC""]",DS,"[""Wording-changed probe"",""Delayed retrieval probe"",""Composition with established material"",""World-concept probe without frontier wording""]","[""C129""]",30,"[""Cardinal directions support relative geographic orientation.""]","Identity/self-introduction with copular affirmative/negative: `I am`, `X is/isn't`."
L134,living systems and part-whole transfer,TRANSFER,"[{""world_id"":""W-BIO-002"",""status"":""XFER""},{""world_id"":""W-BIO-003"",""status"":""XFER""},{""world_id"":""W-BIO-013"",""status"":""XFER""},{""world_id"":""W-REP-002"",""status"":""XFER""},{""world_id"":""W-GEO-002"",""status"":""XFER""},{""world_id"":""W-GEO-003"",""status"":""XFER""}]","{""point_ids"":[""P-SYS-001"",""P-FLOW-001""],""status"":""XFER""}",[],[],[],"[""LEX-W-BIO-002"",""LEX-W-BIO-003"",""LEX-W-BIO-013"",""LEX-P-SYS-001"",""LEX-W-REP-002"",""LEX-W-GEO-002"",""LEX-W-GEO-003"",""LEX-P-FLOW-001"",""LEX-W-BIO-006"",""LEX-W-GEO-004""]","[""P-SYS-001"",""P-FLOW-001""]",[],[],[],[],"{""non_frontier_language_must_be_established"":true,""allowed_new_language"":""NONE"",""presentation_practice_feedback_evaluation_closed"":true}","[""W-BIO-002"",""W-BIO-003"",""W-BIO-013"",""P-SYS-001"",""W-REP-002"",""W-GEO-002"",""W-GEO-003"",""P-FLOW-001"",""W-BIO-006"",""W-GEO-004""]","[""L124"",""L125"",""L126"",""L127"",""L128"",""L129"",""L130"",""L131"",""L132"",""L133""]","[""CHAR-EMMA"",""CHAR-TARO"",""CHAR-ERROL""]","[""LOC-MEADOW-PATH"",""LOC-POND"",""LOC-OAK"",""LOC-SCHOOL""]",,[],Noncanonical transfer and retrieval task; no new persistent event.,"[""COMPARISON"",""DIALOGUE"",""DIAGRAM""]",DS,"[""Far transfer"",""Delayed retrieval"",""Multi-item composition"",""No frontier leakage""]","[""C105"",""C106"",""C107"",""C121"",""C123"",""C140"",""C199"",""C128"",""C129"",""C130"",""C131"",""V2"",""C100"",""C101"",""C124"",""C156"",""C111""]",30,"[""Recombine already acquired WORLD and POINT material in a new context.""]",No new POINT; established operators are retrieved and composed.
L135,"geographic/location frames: between, cardinal",POINT_FRONTIER,"[{""world_id"":""W-GEO-002"",""status"":""EST""},{""world_id"":""W-GEO-004"",""status"":""EST""}]","{""point_ids"":[""P-GEO-001""],""status"":""NEW""}",[],"[""between"",""...of"",""located at/in/on"",""near/far""]","[""LEX-P-GEO-001""]","[""LEX-W-GEO-002"",""LEX-W-GEO-004"",""LEX-P-SPAT-001""]","[""P-SPAT-001""]",[],[],[],[],"{""non_frontier_language_must_be_established"":true,""allowed_new_language"":""LEX-P-GEO-001"",""presentation_practice_feedback_evaluation_closed"":true}","[""W-GEO-003"",""P-FLOW-001"",""W-BIO-006"",""W-GEO-004""]","[""L129"",""L133"",""L010""]","[""CHAR-EMMA"",""CHAR-TARO""]","[""LOC-MEADOW-PATH"",""LOC-POND"",""LOC-OAK"",""LOC-SCHOOL""]",,[],Canonical persistent-world event only when chronology_event is non-null; otherwise direct instruction or noncanonical controlled examples.,"[""SCENE"",""SYMBOLIC""]",PB-O,"[""Wording-changed probe"",""Delayed retrieval probe"",""Composition with established material"",""Cross-domain POINT probe""]","[""C100"",""C129"",""C130"",""C134"",""C147""]",30,"[""geographic/location frames: `between`, cardinal `...of`, `located at/in/on`, `near/far`.""]","geographic/location frames: `between`, cardinal `...of`, `located at/in/on`, `near/far`."
L136,Addresses and geographic hierarchies locate entities at multiple scales,WORLD_FRONTIER,"[{""world_id"":""W-GEO-005"",""status"":""NEW""}]","{""point_ids"":[""P-ID-001""],""status"":""EST""}",[],"[""addresses"",""geographic"",""hierarchies"",""locate"",""entities"",""multiple"",""scales""]","[""LEX-W-GEO-005""]","[""LEX-W-GEO-004"",""LEX-P-ID-001"",""LEX-P-DET-002"",""LEX-P-PRON-001"",""LEX-P-DESC-001""]","[""P-ID-001"",""P-DET-002"",""P-PRON-001"",""P-DESC-001""]","[""RF-AFFIRM-IDENTITY"",""RF-NEGATE-IDENTITY""]",[],"[""DO-IDENTIFY""]",[],"{""non_frontier_language_must_be_established"":true,""allowed_new_language"":""LEX-W-GEO-005"",""presentation_practice_feedback_evaluation_closed"":true}","[""P-FLOW-001"",""W-BIO-006"",""W-GEO-004"",""P-GEO-001""]","[""L133"",""L000"",""L004"",""L006"",""L013""]","[""CHAR-EMMA"",""CHAR-TARO""]","[""LOC-NONCANONICAL-DIAGRAM"",""LOC-VILLAGE-LANE"",""LOC-VILLAGE""]",INTRODUCE-LOC-VILLAGE-LANE; INTRODUCE-LOC-VILLAGE,[],Canonical persistent-world event only when chronology_event is non-null; otherwise direct instruction or noncanonical controlled examples.,"[""SYMBOLIC"",""DIAGRAM""]",DS,"[""Wording-changed probe"",""Delayed retrieval probe"",""Composition with established material"",""World-concept probe without frontier wording""]","[""C130"",""C132"",""C133"",""C134""]",30,"[""Addresses and geographic hierarchies locate entities at multiple scales.""]","Identity/self-introduction with copular affirmative/negative: `I am`, `X is/isn't`."
L137,Earth's day/night cycle and the observable daytime/nighttime sky are related but not identical concepts,WORLD_FRONTIER,"[{""world_id"":""W-AST-001"",""status"":""NEW""}]","{""point_ids"":[""P-ID-001""],""status"":""EST""}",[],"[""earth's"",""day"",""night"",""cycle"",""observable"",""daytime"",""nighttime"",""sky""]","[""LEX-W-AST-001""]","[""LEX-W-TIME-003"",""LEX-P-ID-001"",""LEX-P-DET-002"",""LEX-P-PRON-001"",""LEX-P-TNS-002""]","[""P-ID-001"",""P-DET-002"",""P-PRON-001"",""P-TNS-002""]","[""RF-AFFIRM-IDENTITY"",""RF-NEGATE-IDENTITY""]",[],"[""DO-IDENTIFY""]",[],"{""non_frontier_language_must_be_established"":true,""allowed_new_language"":""LEX-W-AST-001"",""presentation_practice_feedback_evaluation_closed"":true}","[""W-BIO-006"",""W-GEO-004"",""P-GEO-001"",""W-GEO-005""]","[""L080"",""L000"",""L004"",""L006"",""L016""]","[""CHAR-EMMA"",""CHAR-TARO""]","[""LOC-NONCANONICAL-DIAGRAM""]",,[],Canonical persistent-world event only when chronology_event is non-null; otherwise direct instruction or noncanonical controlled examples.,"[""DIAGRAM"",""SEQUENCE""]",PB-O,"[""Wording-changed probe"",""Delayed retrieval probe"",""Composition with established material"",""World-concept probe without frontier wording""]","[""C135"",""C136""]",30,"[""Earth's day/night cycle and the observable daytime/nighttime sky are related but not identical concepts.""]","Identity/self-introduction with copular affirmative/negative: `I am`, `X is/isn't`."
L138,The Moon's visible appearance changes in a recurring pattern over time,WORLD_FRONTIER,"[{""world_id"":""W-AST-003"",""status"":""NEW""}]","{""point_ids"":[""P-ID-001""],""status"":""EST""}",[],"[""moon's"",""visible"",""appearance"",""changes"",""recurring"",""pattern"",""time""]","[""LEX-W-AST-003""]","[""LEX-W-AST-001"",""LEX-W-TIME-002"",""LEX-P-ID-001"",""LEX-P-DET-002"",""LEX-P-PRON-001"",""LEX-P-TNS-002""]","[""P-ID-001"",""P-DET-002"",""P-PRON-001"",""P-TNS-002""]","[""RF-AFFIRM-IDENTITY"",""RF-NEGATE-IDENTITY""]",[],"[""DO-IDENTIFY""]",[],"{""non_frontier_language_must_be_established"":true,""allowed_new_language"":""LEX-W-AST-003"",""presentation_practice_feedback_evaluation_closed"":true}","[""W-GEO-004"",""P-GEO-001"",""W-GEO-005"",""W-AST-001""]","[""L137"",""L077"",""L000"",""L004"",""L006"",""L016""]","[""CHAR-EMMA"",""CHAR-TARO""]","[""LOC-NONCANONICAL-DIAGRAM""]",,[],Canonical persistent-world event only when chronology_event is non-null; otherwise direct instruction or noncanonical controlled examples.,"[""SEQUENCE""]",PB-O,"[""Wording-changed probe"",""Delayed retrieval probe"",""Composition with established material"",""World-concept probe without frontier wording""]","[""C138""]",30,"[""The Moon's visible appearance changes in a recurring pattern over time.""]","Identity/self-introduction with copular affirmative/negative: `I am`, `X is/isn't`."
L139,Planets orbit; orbiting is a spatial motion relation,WORLD_FRONTIER,"[{""world_id"":""W-AST-004"",""status"":""NEW""}]","{""point_ids"":[""P-ID-001""],""status"":""EST""}",[],"[""planets"",""orbit"",""orbiting"",""spatial"",""motion""]","[""LEX-W-AST-004""]","[""LEX-W-PHY-001"",""LEX-W-GEO-001"",""LEX-P-ID-001"",""LEX-P-DET-002"",""LEX-P-PRON-001"",""LEX-P-TNS-002""]","[""P-ID-001"",""P-DET-002"",""P-PRON-001"",""P-TNS-002""]","[""RF-AFFIRM-IDENTITY"",""RF-NEGATE-IDENTITY""]",[],"[""DO-IDENTIFY""]",[],"{""non_frontier_language_must_be_established"":true,""allowed_new_language"":""LEX-W-AST-004"",""presentation_practice_feedback_evaluation_closed"":true}","[""P-GEO-001"",""W-GEO-005"",""W-AST-001"",""W-AST-003""]","[""L099"",""L039"",""L000"",""L004"",""L006"",""L016""]","[""CHAR-EMMA"",""CHAR-TARO""]","[""LOC-NONCANONICAL-DIAGRAM""]",,[],Canonical persistent-world event only when chronology_event is non-null; otherwise direct instruction or noncanonical controlled examples.,"[""DIAGRAM""]",DS,"[""Wording-changed probe"",""Delayed retrieval probe"",""Composition with established material"",""World-concept probe without frontier wording""]","[""C139""]",30,"[""Planets orbit; orbiting is a spatial motion relation.""]","Identity/self-introduction with copular affirmative/negative: `I am`, `X is/isn't`."
L140,The solar system contains the Sun and orbiting bodies; member and system are distinct,WORLD_FRONTIER,"[{""world_id"":""W-AST-005"",""status"":""NEW""}]","{""point_ids"":[""P-ID-001""],""status"":""EST""}",[],"[""solar"",""system"",""contains"",""sun"",""orbiting"",""bodies"",""member""]","[""LEX-W-AST-005""]","[""LEX-W-AST-004"",""LEX-P-ID-001"",""LEX-P-DET-002"",""LEX-P-PRON-001"",""LEX-P-TNS-002""]","[""P-ID-001"",""P-DET-002"",""P-PRON-001"",""P-TNS-002""]","[""RF-AFFIRM-IDENTITY"",""RF-NEGATE-IDENTITY""]",[],"[""DO-IDENTIFY""]",[],"{""non_frontier_language_must_be_established"":true,""allowed_new_language"":""LEX-W-AST-005"",""presentation_practice_feedback_evaluation_closed"":true}","[""W-GEO-005"",""W-AST-001"",""W-AST-003"",""W-AST-004""]","[""L139"",""L000"",""L004"",""L006"",""L016""]","[""CHAR-EMMA"",""CHAR-TARO""]","[""LOC-NONCANONICAL-DIAGRAM""]",,[],Canonical persistent-world event only when chronology_event is non-null; otherwise direct instruction or noncanonical controlled examples.,"[""DIAGRAM""]",DS,"[""Wording-changed probe"",""Delayed retrieval probe"",""Composition with established material"",""World-concept probe without frontier wording""]","[""C140""]",30,"[""The solar system contains the Sun and orbiting bodies; member and system are distinct.""]","Identity/self-introduction with copular affirmative/negative: `I am`, `X is/isn't`."
L141,"Households and family relationships are social relations, not assumptions about universal household structure",WORLD_FRONTIER,"[{""world_id"":""W-SOC-008"",""status"":""NEW""}]","{""point_ids"":[""P-ID-001""],""status"":""EST""}",[],"[""households"",""relationships"",""social"",""assumptions"",""about"",""universal"",""household"",""structure""]","[""LEX-W-SOC-008""]","[""LEX-W-CHR-001"",""LEX-P-ID-001"",""LEX-P-DET-002"",""LEX-P-PRON-001""]","[""P-ID-001"",""P-DET-002"",""P-PRON-001""]","[""RF-AFFIRM-IDENTITY"",""RF-NEGATE-IDENTITY""]",[],"[""DO-IDENTIFY""]",[],"{""non_frontier_language_must_be_established"":true,""allowed_new_language"":""LEX-W-SOC-008"",""presentation_practice_feedback_evaluation_closed"":true}","[""W-AST-001"",""W-AST-003"",""W-AST-004"",""W-AST-005""]","[""L000"",""L004"",""L006""]","[""CHAR-EMMA"",""CHAR-TARO"",""CHAR-ERROL""]","[""LOC-DIRECT-TEACHING""]",,[],Canonical persistent-world event only when chronology_event is non-null; otherwise direct instruction or noncanonical controlled examples.,"[""DIAGRAM"",""DIALOGUE""]",PB-O,"[""Wording-changed probe"",""Delayed retrieval probe"",""Composition with established material"",""World-concept probe without frontier wording""]","[""C143""]",30,"[""Households and family relationships are social relations, not assumptions about universal household structure.""]","Identity/self-introduction with copular affirmative/negative: `I am`, `X is/isn't`."
L142,"Clubs, teams, organizations, and other groups have membership relations",WORLD_FRONTIER,"[{""world_id"":""W-SOC-009"",""status"":""NEW""}]","{""point_ids"":[""P-ID-001""],""status"":""EST""}",[],"[""clubs"",""teams"",""organizations"",""other"",""groups"",""have"",""membership""]","[""LEX-W-SOC-009""]","[""LEX-W-SOC-003"",""LEX-P-ID-001"",""LEX-P-DET-002"",""LEX-P-PRON-001""]","[""P-ID-001"",""P-DET-002"",""P-PRON-001""]","[""RF-AFFIRM-IDENTITY"",""RF-NEGATE-IDENTITY""]",[],"[""DO-IDENTIFY""]",[],"{""non_frontier_language_must_be_established"":true,""allowed_new_language"":""LEX-W-SOC-009"",""presentation_practice_feedback_evaluation_closed"":true}","[""W-AST-003"",""W-AST-004"",""W-AST-005"",""W-SOC-008""]","[""L049"",""L000"",""L004"",""L006""]","[""CHAR-EMMA"",""CHAR-TARO"",""CHAR-ERROL""]","[""LOC-DIRECT-TEACHING""]",,[],Canonical persistent-world event only when chronology_event is non-null; otherwise direct instruction or noncanonical controlled examples.,"[""DIAGRAM""]",DS,"[""Wording-changed probe"",""Delayed retrieval probe"",""Composition with established material"",""World-concept probe without frontier wording""]","[""C144""]",30,"[""Clubs, teams, organizations, and other groups have membership relations.""]","Identity/self-introduction with copular affirmative/negative: `I am`, `X is/isn't`."
L143,Public services perform functions for communities,WORLD_FRONTIER,"[{""world_id"":""W-SOC-011"",""status"":""NEW""}]","{""point_ids"":[""P-ID-001""],""status"":""EST""}",[],"[""public"",""services"",""perform"",""functions"",""communities""]","[""LEX-W-SOC-011""]","[""LEX-W-SOC-010"",""LEX-P-ID-001"",""LEX-P-DET-002"",""LEX-P-PRON-001""]","[""P-ID-001"",""P-DET-002"",""P-PRON-001""]","[""RF-AFFIRM-IDENTITY"",""RF-NEGATE-IDENTITY""]",[],"[""DO-IDENTIFY""]",[],"{""non_frontier_language_must_be_established"":true,""allowed_new_language"":""LEX-W-SOC-011"",""presentation_practice_feedback_evaluation_closed"":true}","[""W-AST-004"",""W-AST-005"",""W-SOC-008"",""W-SOC-009""]","[""L053"",""L000"",""L004"",""L006""]","[""CHAR-EMMA"",""CHAR-TARO"",""CHAR-ERROL""]","[""LOC-DIRECT-TEACHING""]",,[],Canonical persistent-world event only when chronology_event is non-null; otherwise direct instruction or noncanonical controlled examples.,"[""SCENE"",""DIAGRAM""]",PB-O,"[""Wording-changed probe"",""Delayed retrieval probe"",""Composition with established material"",""World-concept probe without frontier wording""]","[""C146""]",30,"[""Public services perform functions for communities.""]","Identity/self-introduction with copular affirmative/negative: `I am`, `X is/isn't`."
L144,"Institutions such as schools, libraries, clinics, and banks are organized social places/functions",WORLD_FRONTIER,"[{""world_id"":""W-SOC-012"",""status"":""NEW""}]","{""point_ids"":[""P-ID-001""],""status"":""EST""}",[],"[""institutions"",""schools"",""libraries"",""clinics"",""banks"",""organized"",""social"",""places""]","[""LEX-W-SOC-012""]","[""LEX-W-SOC-011"",""LEX-W-GEO-005"",""LEX-P-ID-001"",""LEX-P-DET-002"",""LEX-P-PRON-001""]","[""P-ID-001"",""P-DET-002"",""P-PRON-001""]","[""RF-AFFIRM-IDENTITY"",""RF-NEGATE-IDENTITY""]",[],"[""DO-IDENTIFY""]",[],"{""non_frontier_language_must_be_established"":true,""allowed_new_language"":""LEX-W-SOC-012"",""presentation_practice_feedback_evaluation_closed"":true}","[""W-AST-005"",""W-SOC-008"",""W-SOC-009"",""W-SOC-011""]","[""L143"",""L136"",""L000"",""L004"",""L006""]","[""CHAR-EMMA"",""CHAR-TARO"",""CHAR-ERROL""]","[""LOC-DIRECT-TEACHING""]",,[],Canonical persistent-world event only when chronology_event is non-null; otherwise direct instruction or noncanonical controlled examples.,"[""SCENE""]",PB-O,"[""Wording-changed probe"",""Delayed retrieval probe"",""Composition with established material"",""World-concept probe without frontier wording""]","[""C147""]",30,"[""Institutions such as schools, libraries, clinics, and banks are organized social places/functions.""]","Identity/self-introduction with copular affirmative/negative: `I am`, `X is/isn't`."
L145,Goods and services distinguish produced/provided things from activities,WORLD_FRONTIER,"[{""world_id"":""W-ECO-003"",""status"":""NEW""}]","{""point_ids"":[""P-ID-001""],""status"":""EST""}",[],"[""goods"",""services"",""distinguish"",""produced"",""provided"",""things"",""activities""]","[""LEX-W-ECO-003""]","[""LEX-W-TEC-002"",""LEX-P-ID-001"",""LEX-P-DET-002"",""LEX-P-PRON-001"",""LEX-P-TNS-002""]","[""P-ID-001"",""P-DET-002"",""P-PRON-001"",""P-TNS-002""]","[""RF-AFFIRM-IDENTITY"",""RF-NEGATE-IDENTITY""]",[],"[""DO-IDENTIFY""]",[],"{""non_frontier_language_must_be_established"":true,""allowed_new_language"":""LEX-W-ECO-003"",""presentation_practice_feedback_evaluation_closed"":true}","[""W-SOC-008"",""W-SOC-009"",""W-SOC-011"",""W-SOC-012""]","[""L035"",""L000"",""L004"",""L006"",""L016""]","[""CHAR-EMMA"",""CHAR-TARO""]","[""LOC-DIRECT-TEACHING""]",,[],Canonical persistent-world event only when chronology_event is non-null; otherwise direct instruction or noncanonical controlled examples.,"[""COMPARISON""]",PB-O,"[""Wording-changed probe"",""Delayed retrieval probe"",""Composition with established material"",""World-concept probe without frontier wording""]","[""C153""]",30,"[""Goods and services distinguish produced/provided things from activities.""]","Identity/self-introduction with copular affirmative/negative: `I am`, `X is/isn't`."
L146,"Jobs connect roles, workplaces, employers/organizations, and activities",WORLD_FRONTIER,"[{""world_id"":""W-ECO-004"",""status"":""NEW""}]","{""point_ids"":[""P-ID-001""],""status"":""EST""}",[],"[""jobs"",""connect"",""roles"",""workplaces"",""employers"",""organizations"",""activities""]","[""LEX-W-ECO-004""]","[""LEX-W-SOC-010"",""LEX-P-ID-001"",""LEX-P-DET-002"",""LEX-P-PRON-001"",""LEX-P-TNS-002""]","[""P-ID-001"",""P-DET-002"",""P-PRON-001"",""P-TNS-002""]","[""RF-AFFIRM-IDENTITY"",""RF-NEGATE-IDENTITY""]",[],"[""DO-IDENTIFY""]",[],"{""non_frontier_language_must_be_established"":true,""allowed_new_language"":""LEX-W-ECO-004"",""presentation_practice_feedback_evaluation_closed"":true}","[""W-SOC-009"",""W-SOC-011"",""W-SOC-012"",""W-ECO-003""]","[""L053"",""L000"",""L004"",""L006"",""L016""]","[""CHAR-EMMA"",""CHAR-TARO""]","[""LOC-DIRECT-TEACHING""]",,[],Canonical persistent-world event only when chronology_event is non-null; otherwise direct instruction or noncanonical controlled examples.,"[""SCENE""]",PB-O,"[""Wording-changed probe"",""Delayed retrieval probe"",""Composition with established material"",""World-concept probe without frontier wording""]","[""C154""]",30,"[""Jobs connect roles, workplaces, employers/organizations, and activities.""]","Identity/self-introduction with copular affirmative/negative: `I am`, `X is/isn't`."
L147,work as/at/for,POINT_FRONTIER,"[{""world_id"":""W-ECO-004"",""status"":""EST""}]","{""point_ids"":[""P-WORK-001""],""status"":""NEW""}",[],"[""work as/at/for""]","[""LEX-P-WORK-001""]","[""LEX-W-ECO-004"",""LEX-P-TNS-002""]","[""P-TNS-002""]",[],[],[],[],"{""non_frontier_language_must_be_established"":true,""allowed_new_language"":""LEX-P-WORK-001"",""presentation_practice_feedback_evaluation_closed"":true}","[""W-SOC-011"",""W-SOC-012"",""W-ECO-003"",""W-ECO-004""]","[""L146"",""L016""]","[""CHAR-EMMA"",""CHAR-TARO""]","[""LOC-DIRECT-TEACHING""]",,[],Canonical persistent-world event only when chronology_event is non-null; otherwise direct instruction or noncanonical controlled examples.,"[""SCENE"",""SYMBOLIC""]",PB-O,"[""Wording-changed probe"",""Delayed retrieval probe"",""Composition with established material"",""Cross-domain POINT probe""]","[""C154""]",30,"[""`work as/at/for`.""]",`work as/at/for`.
L148,"Production can occur through farms, factories, workshops, and service systems",WORLD_FRONTIER,"[{""world_id"":""W-ECO-005"",""status"":""NEW""}]","{""point_ids"":[""P-ID-001""],""status"":""EST""}",[],"[""production"",""occur"",""farms"",""factories"",""workshops"",""service"",""systems""]","[""LEX-W-ECO-005""]","[""LEX-W-ECO-003"",""LEX-W-ECO-004"",""LEX-P-ID-001"",""LEX-P-DET-002"",""LEX-P-PRON-001"",""LEX-P-TNS-002""]","[""P-ID-001"",""P-DET-002"",""P-PRON-001"",""P-TNS-002""]","[""RF-AFFIRM-IDENTITY"",""RF-NEGATE-IDENTITY""]",[],"[""DO-IDENTIFY""]",[],"{""non_frontier_language_must_be_established"":true,""allowed_new_language"":""LEX-W-ECO-005"",""presentation_practice_feedback_evaluation_closed"":true}","[""W-SOC-012"",""W-ECO-003"",""W-ECO-004"",""P-WORK-001""]","[""L145"",""L146"",""L000"",""L004"",""L006"",""L016""]","[""CHAR-EMMA"",""CHAR-TARO""]","[""LOC-DIRECT-TEACHING""]",,[],Canonical persistent-world event only when chronology_event is non-null; otherwise direct instruction or noncanonical controlled examples.,"[""SEQUENCE"",""DIAGRAM""]",PB-O,"[""Wording-changed probe"",""Delayed retrieval probe"",""Composition with established material"",""World-concept probe without frontier wording""]","[""C155""]",30,"[""Production can occur through farms, factories, workshops, and service systems.""]","Identity/self-introduction with copular affirmative/negative: `I am`, `X is/isn't`."
L149,"Supply chains connect stages of production, movement, and provision",WORLD_FRONTIER,"[{""world_id"":""W-ECO-006"",""status"":""NEW""}]","{""point_ids"":[""P-ID-001""],""status"":""EST""}",[],"[""supply"",""chains"",""connect"",""stages"",""production"",""movement"",""provision""]","[""LEX-W-ECO-006""]","[""LEX-W-ECO-005"",""LEX-W-GEO-001"",""LEX-P-ID-001"",""LEX-P-DET-002"",""LEX-P-PRON-001"",""LEX-P-TNS-002""]","[""P-ID-001"",""P-DET-002"",""P-PRON-001"",""P-TNS-002""]","[""RF-AFFIRM-IDENTITY"",""RF-NEGATE-IDENTITY""]",[],"[""DO-IDENTIFY""]",[],"{""non_frontier_language_must_be_established"":true,""allowed_new_language"":""LEX-W-ECO-006"",""presentation_practice_feedback_evaluation_closed"":true}","[""W-ECO-003"",""W-ECO-004"",""P-WORK-001"",""W-ECO-005""]","[""L148"",""L039"",""L000"",""L004"",""L006"",""L016""]","[""CHAR-EMMA"",""CHAR-TARO""]","[""LOC-DIRECT-TEACHING""]",,[],Canonical persistent-world event only when chronology_event is non-null; otherwise direct instruction or noncanonical controlled examples.,"[""DIAGRAM""]",DS,"[""Wording-changed probe"",""Delayed retrieval probe"",""Composition with established material"",""World-concept probe without frontier wording""]","[""C156""]",30,"[""Supply chains connect stages of production, movement, and provision.""]","Identity/self-introduction with copular affirmative/negative: `I am`, `X is/isn't`."
L150,"Buying/selling, saving/spending, scarcity, and trade are distinct exchange/resource relations",WORLD_FRONTIER,"[{""world_id"":""W-ECO-007"",""status"":""NEW""}]","{""point_ids"":[""P-ID-001""],""status"":""EST""}",[],"[""buying"",""selling"",""saving"",""spending"",""scarcity"",""trade"",""exchange"",""resource""]","[""LEX-W-ECO-007""]","[""LEX-W-ECO-001"",""LEX-W-ECO-002"",""LEX-W-ECO-003"",""LEX-P-ID-001"",""LEX-P-DET-002"",""LEX-P-PRON-001"",""LEX-P-TNS-002""]","[""P-ID-001"",""P-DET-002"",""P-PRON-001"",""P-TNS-002""]","[""RF-AFFIRM-IDENTITY"",""RF-NEGATE-IDENTITY""]",[],"[""DO-IDENTIFY""]",[],"{""non_frontier_language_must_be_established"":true,""allowed_new_language"":""LEX-W-ECO-007"",""presentation_practice_feedback_evaluation_closed"":true}","[""W-ECO-004"",""P-WORK-001"",""W-ECO-005"",""W-ECO-006""]","[""L085"",""L087"",""L145"",""L000"",""L004"",""L006"",""L016""]","[""CHAR-EMMA"",""CHAR-TARO""]","[""LOC-DIRECT-TEACHING""]",,[],Canonical persistent-world event only when chronology_event is non-null; otherwise direct instruction or noncanonical controlled examples.,"[""SCENE"",""SYMBOLIC""]",PB-O,"[""Wording-changed probe"",""Delayed retrieval probe"",""Composition with established material"",""World-concept probe without frontier wording""]","[""C157"",""C158"",""C159"",""C160""]",30,"[""Buying/selling, saving/spending, scarcity, and trade are distinct exchange/resource relations.""]","Identity/self-introduction with copular affirmative/negative: `I am`, `X is/isn't`."
L151,buy from/sell to/pay for/exchange X for Y,POINT_FRONTIER,"[{""world_id"":""W-ECO-007"",""status"":""EST""}]","{""point_ids"":[""P-EXCH-001""],""status"":""NEW""}",[],"[""buy from/sell to/pay for/exchange X for Y""]","[""LEX-P-EXCH-001""]","[""LEX-W-ECO-007"",""LEX-P-COM-001""]","[""P-COM-001""]",[],[],[],[],"{""non_frontier_language_must_be_established"":true,""allowed_new_language"":""LEX-P-EXCH-001"",""presentation_practice_feedback_evaluation_closed"":true}","[""P-WORK-001"",""W-ECO-005"",""W-ECO-006"",""W-ECO-007""]","[""L150"",""L030""]","[""CHAR-EMMA"",""CHAR-TARO""]","[""LOC-DIRECT-TEACHING""]",,[],Canonical persistent-world event only when chronology_event is non-null; otherwise direct instruction or noncanonical controlled examples.,"[""SCENE"",""SYMBOLIC""]",PB-O,"[""Wording-changed probe"",""Delayed retrieval probe"",""Composition with established material"",""Cross-domain POINT probe""]","[""C157"",""C160""]",30,"[""`buy from/sell to/pay for/exchange X for Y`.""]",`buy from/sell to/pay for/exchange X for Y`.
L152,Everyday practices and technologies can differ between past and present,WORLD_FRONTIER,"[{""world_id"":""W-HIS-001"",""status"":""NEW""}]","{""point_ids"":[""P-ID-001""],""status"":""EST""}",[],"[""everyday"",""practices"",""technologies"",""differ"",""between"",""past"",""present""]","[""LEX-W-HIS-001""]","[""LEX-W-TIME-003"",""LEX-P-ID-001"",""LEX-P-DET-002"",""LEX-P-PRON-001"",""LEX-P-TNS-002""]","[""P-ID-001"",""P-DET-002"",""P-PRON-001"",""P-TNS-002""]","[""RF-AFFIRM-IDENTITY"",""RF-NEGATE-IDENTITY""]",[],"[""DO-IDENTIFY""]",[],"{""non_frontier_language_must_be_established"":true,""allowed_new_language"":""LEX-W-HIS-001"",""presentation_practice_feedback_evaluation_closed"":true}","[""W-ECO-005"",""W-ECO-006"",""W-ECO-007"",""P-EXCH-001""]","[""L080"",""L000"",""L004"",""L006"",""L016""]","[""CHAR-EMMA"",""CHAR-TARO""]","[""LOC-DIRECT-TEACHING""]",,[],Canonical persistent-world event only when chronology_event is non-null; otherwise direct instruction or noncanonical controlled examples.,"[""COMPARISON""]",PB-O,"[""Wording-changed probe"",""Delayed retrieval probe"",""Composition with established material"",""World-concept probe without frontier wording""]","[""C161"",""C162""]",30,"[""Everyday practices and technologies can differ between past and present.""]","Identity/self-introduction with copular affirmative/negative: `I am`, `X is/isn't`."
L153,past habitual used to,POINT_FRONTIER,"[{""world_id"":""W-HIS-001"",""status"":""EST""}]","{""point_ids"":[""P-HABPAST-001""],""status"":""NEW""}",[],"[""used to""]","[""LEX-P-HABPAST-001""]","[""LEX-W-HIS-001"",""LEX-P-TNS-003"",""LEX-P-TNS-002""]","[""P-TNS-003"",""P-TNS-002""]",[],[],[],[],"{""non_frontier_language_must_be_established"":true,""allowed_new_language"":""LEX-P-HABPAST-001"",""presentation_practice_feedback_evaluation_closed"":true}","[""W-ECO-006"",""W-ECO-007"",""P-EXCH-001"",""W-HIS-001""]","[""L152"",""L082"",""L016""]","[""CHAR-EMMA"",""CHAR-TARO""]","[""LOC-DIRECT-TEACHING""]",,[],Canonical persistent-world event only when chronology_event is non-null; otherwise direct instruction or noncanonical controlled examples.,"[""SCENE"",""SYMBOLIC""]",PB-O,"[""Wording-changed probe"",""Delayed retrieval probe"",""Composition with established material"",""Cross-domain POINT probe""]","[""C161""]",30,"[""past habitual `used to`.""]",past habitual `used to`.
L154,Change can accumulate across generations while some continuities remain,WORLD_FRONTIER,"[{""world_id"":""W-HIS-002"",""status"":""NEW""}]","{""point_ids"":[""P-ID-001""],""status"":""EST""}",[],"[""change"",""accumulate"",""across"",""generations"",""some"",""continuities"",""remain""]","[""LEX-W-HIS-002""]","[""LEX-W-HIS-001"",""LEX-W-TIME-004"",""LEX-P-ID-001"",""LEX-P-DET-002"",""LEX-P-PRON-001"",""LEX-P-TNS-002""]","[""P-ID-001"",""P-DET-002"",""P-PRON-001"",""P-TNS-002""]","[""RF-AFFIRM-IDENTITY"",""RF-NEGATE-IDENTITY""]",[],"[""DO-IDENTIFY""]",[],"{""non_frontier_language_must_be_established"":true,""allowed_new_language"":""LEX-W-HIS-002"",""presentation_practice_feedback_evaluation_closed"":true}","[""W-ECO-007"",""P-EXCH-001"",""W-HIS-001"",""P-HABPAST-001""]","[""L152"",""L083"",""L000"",""L004"",""L006"",""L016""]","[""CHAR-EMMA"",""CHAR-TARO""]","[""LOC-DIRECT-TEACHING""]",,[],Canonical persistent-world event only when chronology_event is non-null; otherwise direct instruction or noncanonical controlled examples.,"[""SEQUENCE""]",PB-O,"[""Wording-changed probe"",""Delayed retrieval probe"",""Composition with established material"",""World-concept probe without frontier wording""]","[""C163""]",30,"[""Change can accumulate across generations while some continuities remain.""]","Identity/self-introduction with copular affirmative/negative: `I am`, `X is/isn't`."
L155,"continuity/change: still, no longer, present perfect has changed",POINT_FRONTIER,"[{""world_id"":""W-HIS-002"",""status"":""EST""}]","{""point_ids"":[""P-CHANGE-002""],""status"":""NEW""}",[],"[""still"",""no longer"",""has changed""]","[""LEX-P-CHANGE-002""]","[""LEX-W-HIS-002"",""LEX-P-TNS-003""]","[""P-TNS-003""]",[],[],[],[],"{""non_frontier_language_must_be_established"":true,""allowed_new_language"":""LEX-P-CHANGE-002"",""presentation_practice_feedback_evaluation_closed"":true}","[""P-EXCH-001"",""W-HIS-001"",""P-HABPAST-001"",""W-HIS-002""]","[""L154"",""L082""]","[""CHAR-EMMA"",""CHAR-TARO""]","[""LOC-DIRECT-TEACHING""]",,[],Canonical persistent-world event only when chronology_event is non-null; otherwise direct instruction or noncanonical controlled examples.,"[""SCENE"",""SYMBOLIC""]",PB-O,"[""Wording-changed probe"",""Delayed retrieval probe"",""Composition with established material"",""Cross-domain POINT probe""]","[""C162"",""C163"",""C212""]",30,"[""continuity/change: `still`, `no longer`, present perfect `has changed`.""]","continuity/change: `still`, `no longer`, present perfect `has changed`."
L156,"Communication media include phone, email, radio, and other channels; channel and message are distinct",WORLD_FRONTIER,"[{""world_id"":""W-COM-002"",""status"":""NEW""}]","{""point_ids"":[""P-ID-001""],""status"":""EST""}",[],"[""communication"",""media"",""include"",""phone"",""email"",""radio"",""other"",""channels""]","[""LEX-W-COM-002""]","[""LEX-W-COM-001"",""LEX-P-ID-001"",""LEX-P-DET-002"",""LEX-P-PRON-001"",""LEX-P-TNS-002""]","[""P-ID-001"",""P-DET-002"",""P-PRON-001"",""P-TNS-002""]","[""RF-AFFIRM-IDENTITY"",""RF-NEGATE-IDENTITY""]",[],"[""DO-IDENTIFY""]",[],"{""non_frontier_language_must_be_established"":true,""allowed_new_language"":""LEX-W-COM-002"",""presentation_practice_feedback_evaluation_closed"":true}","[""W-HIS-001"",""P-HABPAST-001"",""W-HIS-002"",""P-CHANGE-002""]","[""L029"",""L000"",""L004"",""L006"",""L016""]","[""CHAR-EMMA"",""CHAR-TARO""]","[""LOC-DIRECT-TEACHING""]",,[],Canonical persistent-world event only when chronology_event is non-null; otherwise direct instruction or noncanonical controlled examples.,"[""COMPARISON"",""DIAGRAM""]",PB-O,"[""Wording-changed probe"",""Delayed retrieval probe"",""Composition with established material"",""World-concept probe without frontier wording""]","[""C164""]",30,"[""Communication media include phone, email, radio, and other channels; channel and message are distinct.""]","Identity/self-introduction with copular affirmative/negative: `I am`, `X is/isn't`."
L157,"Signs, icons, labels, and symbols use representational conventions",WORLD_FRONTIER,"[{""world_id"":""W-REP-003"",""status"":""NEW""}]","{""point_ids"":[""P-ID-001""],""status"":""EST""}",[],"[""signs"",""icons"",""labels"",""symbols"",""use"",""representational"",""conventions""]","[""LEX-W-REP-003""]","[""LEX-W-REP-001"",""LEX-W-REP-002"",""LEX-P-ID-001"",""LEX-P-DET-002"",""LEX-P-PRON-001"",""LEX-P-REP-001""]","[""P-ID-001"",""P-DET-002"",""P-PRON-001"",""P-REP-001""]","[""RF-AFFIRM-IDENTITY"",""RF-NEGATE-IDENTITY""]",[],"[""DO-IDENTIFY""]",[],"{""non_frontier_language_must_be_established"":true,""allowed_new_language"":""LEX-W-REP-003"",""presentation_practice_feedback_evaluation_closed"":true}","[""P-HABPAST-001"",""W-HIS-002"",""P-CHANGE-002"",""W-COM-002""]","[""L027"",""L128"",""L000"",""L004"",""L006"",""L028""]","[""CHAR-EMMA"",""CHAR-TARO""]","[""LOC-DIRECT-TEACHING""]",,[],Canonical persistent-world event only when chronology_event is non-null; otherwise direct instruction or noncanonical controlled examples.,"[""SYMBOLIC""]",DS,"[""Wording-changed probe"",""Delayed retrieval probe"",""Composition with established material"",""World-concept probe without frontier wording""]","[""C166""]",30,"[""Signs, icons, labels, and symbols use representational conventions.""]","Identity/self-introduction with copular affirmative/negative: `I am`, `X is/isn't`."
L158,"geography, Earth, and astronomy transfer",TRANSFER,"[{""world_id"":""W-ECO-005"",""status"":""XFER""},{""world_id"":""W-ECO-006"",""status"":""XFER""},{""world_id"":""W-ECO-007"",""status"":""XFER""},{""world_id"":""W-HIS-001"",""status"":""XFER""},{""world_id"":""W-HIS-002"",""status"":""XFER""},{""world_id"":""W-COM-002"",""status"":""XFER""}]","{""point_ids"":[""P-EXCH-001"",""P-HABPAST-001"",""P-CHANGE-002""],""status"":""XFER""}",[],[],[],"[""LEX-W-ECO-005"",""LEX-W-ECO-006"",""LEX-W-ECO-007"",""LEX-P-EXCH-001"",""LEX-W-HIS-001"",""LEX-P-HABPAST-001"",""LEX-W-HIS-002"",""LEX-P-CHANGE-002"",""LEX-W-COM-002"",""LEX-W-REP-003""]","[""P-EXCH-001"",""P-HABPAST-001"",""P-CHANGE-002""]",[],[],[],[],"{""non_frontier_language_must_be_established"":true,""allowed_new_language"":""NONE"",""presentation_practice_feedback_evaluation_closed"":true}","[""W-ECO-005"",""W-ECO-006"",""W-ECO-007"",""P-EXCH-001"",""W-HIS-001"",""P-HABPAST-001"",""W-HIS-002"",""P-CHANGE-002"",""W-COM-002"",""W-REP-003""]","[""L148"",""L149"",""L150"",""L151"",""L152"",""L153"",""L154"",""L155"",""L156"",""L157""]","[""CHAR-EMMA"",""CHAR-TARO"",""CHAR-ERROL""]","[""LOC-MEADOW-PATH"",""LOC-POND"",""LOC-OAK"",""LOC-SCHOOL""]",,[],Noncanonical transfer and retrieval task; no new persistent event.,"[""COMPARISON"",""DIALOGUE"",""DIAGRAM""]",DS,"[""Far transfer"",""Delayed retrieval"",""Multi-item composition"",""No frontier leakage""]","[""C155"",""C156"",""C157"",""C158"",""C159"",""C160"",""C161"",""C162"",""C163"",""C212"",""C164"",""C166""]",30,"[""Recombine already acquired WORLD and POINT material in a new context.""]",No new POINT; established operators are retrieved and composed.
L159,Computing systems can receive inputs and produce outputs,WORLD_FRONTIER,"[{""world_id"":""W-COMP-001"",""status"":""NEW""}]","{""point_ids"":[""P-ID-001""],""status"":""EST""}",[],"[""computing"",""systems"",""receive"",""inputs"",""produce"",""outputs""]","[""LEX-W-COMP-001""]","[""LEX-W-TEC-002"",""LEX-P-ID-001"",""LEX-P-DET-002"",""LEX-P-PRON-001"",""LEX-P-TNS-002""]","[""P-ID-001"",""P-DET-002"",""P-PRON-001"",""P-TNS-002""]","[""RF-AFFIRM-IDENTITY"",""RF-NEGATE-IDENTITY""]",[],"[""DO-IDENTIFY""]",[],"{""non_frontier_language_must_be_established"":true,""allowed_new_language"":""LEX-W-COMP-001"",""presentation_practice_feedback_evaluation_closed"":true}","[""W-HIS-002"",""P-CHANGE-002"",""W-COM-002"",""W-REP-003""]","[""L035"",""L000"",""L004"",""L006"",""L016""]","[""CHAR-EMMA"",""CHAR-TARO""]","[""LOC-NONCANONICAL-DIAGRAM""]",,[],Canonical persistent-world event only when chronology_event is non-null; otherwise direct instruction or noncanonical controlled examples.,"[""DIAGRAM""]",DS,"[""Wording-changed probe"",""Delayed retrieval probe"",""Composition with established material"",""World-concept probe without frontier wording""]","[""C168""]",30,"[""Computing systems can receive inputs and produce outputs.""]","Identity/self-introduction with copular affirmative/negative: `I am`, `X is/isn't`."
L160,"Files, records, and data can be stored; storage location and represented information are distinct",WORLD_FRONTIER,"[{""world_id"":""W-COMP-002"",""status"":""NEW""}]","{""point_ids"":[""P-ID-001""],""status"":""EST""}",[],"[""files"",""records"",""data"",""stored"",""storage"",""location"",""represented"",""information""]","[""LEX-W-COMP-002""]","[""LEX-W-REP-001"",""LEX-W-COMP-001"",""LEX-P-ID-001"",""LEX-P-DET-002"",""LEX-P-PRON-001"",""LEX-P-TNS-002""]","[""P-ID-001"",""P-DET-002"",""P-PRON-001"",""P-TNS-002""]","[""RF-AFFIRM-IDENTITY"",""RF-NEGATE-IDENTITY""]",[],"[""DO-IDENTIFY""]",[],"{""non_frontier_language_must_be_established"":true,""allowed_new_language"":""LEX-W-COMP-002"",""presentation_practice_feedback_evaluation_closed"":true}","[""P-CHANGE-002"",""W-COM-002"",""W-REP-003"",""W-COMP-001""]","[""L027"",""L159"",""L000"",""L004"",""L006"",""L016""]","[""CHAR-EMMA"",""CHAR-TARO""]","[""LOC-NONCANONICAL-DIAGRAM"",""LOC-ROOT-CELLAR""]",INTRODUCE-LOC-ROOT-CELLAR,[],Canonical persistent-world event only when chronology_event is non-null; otherwise direct instruction or noncanonical controlled examples.,"[""DIAGRAM"",""SYMBOLIC""]",DS,"[""Wording-changed probe"",""Delayed retrieval probe"",""Composition with established material"",""World-concept probe without frontier wording""]","[""C169""]",30,"[""Files, records, and data can be stored; storage location and represented information are distinct.""]","Identity/self-introduction with copular affirmative/negative: `I am`, `X is/isn't`."
L161,A network contains connected nodes and links over which information may move,WORLD_FRONTIER,"[{""world_id"":""W-COMP-003"",""status"":""NEW""}]","{""point_ids"":[""P-ID-001""],""status"":""EST""}",[],"[""network"",""contains"",""connected"",""nodes"",""links"",""which"",""information"",""move""]","[""LEX-W-COMP-003""]","[""LEX-W-COM-001"",""LEX-W-GEO-001"",""LEX-P-ID-001"",""LEX-P-DET-002"",""LEX-P-PRON-001"",""LEX-P-TNS-002""]","[""P-ID-001"",""P-DET-002"",""P-PRON-001"",""P-TNS-002""]","[""RF-AFFIRM-IDENTITY"",""RF-NEGATE-IDENTITY""]",[],"[""DO-IDENTIFY""]",[],"{""non_frontier_language_must_be_established"":true,""allowed_new_language"":""LEX-W-COMP-003"",""presentation_practice_feedback_evaluation_closed"":true}","[""W-COM-002"",""W-REP-003"",""W-COMP-001"",""W-COMP-002""]","[""L029"",""L039"",""L000"",""L004"",""L006"",""L016""]","[""CHAR-EMMA"",""CHAR-TARO""]","[""LOC-NONCANONICAL-DIAGRAM""]",,[],Canonical persistent-world event only when chronology_event is non-null; otherwise direct instruction or noncanonical controlled examples.,"[""DIAGRAM""]",DS,"[""Wording-changed probe"",""Delayed retrieval probe"",""Composition with established material"",""World-concept probe without frontier wording""]","[""C170""]",30,"[""A network contains connected nodes and links over which information may move.""]","Identity/self-introduction with copular affirmative/negative: `I am`, `X is/isn't`."
L162,"computation/system frames: takes X and produces Y, stored in/on, connected to/through",POINT_FRONTIER,"[{""world_id"":""W-COMP-003"",""status"":""EST""}]","{""point_ids"":[""P-COMP-001""],""status"":""NEW""}",[],"[""takes X and produces Y"",""stored in/on"",""connected to/through""]","[""LEX-P-COMP-001""]","[""LEX-W-COMP-003"",""LEX-P-COM-001"",""LEX-P-SPAT-001""]","[""P-COM-001"",""P-SPAT-001""]",[],[],[],[],"{""non_frontier_language_must_be_established"":true,""allowed_new_language"":""LEX-P-COMP-001"",""presentation_practice_feedback_evaluation_closed"":true}","[""W-REP-003"",""W-COMP-001"",""W-COMP-002"",""W-COMP-003""]","[""L161"",""L030"",""L010""]","[""CHAR-EMMA"",""CHAR-TARO""]","[""LOC-NONCANONICAL-DIAGRAM""]",,[],Canonical persistent-world event only when chronology_event is non-null; otherwise direct instruction or noncanonical controlled examples.,"[""SCENE"",""SYMBOLIC""]",PB-O,"[""Wording-changed probe"",""Delayed retrieval probe"",""Composition with established material"",""Cross-domain POINT probe""]","[""C168"",""C169"",""C170""]",30,"[""computation/system frames: `takes X and produces Y`, `stored in/on`, `connected to/through`.""]","computation/system frames: `takes X and produces Y`, `stored in/on`, `connected to/through`."
L163,"Paths, addresses, routing, local/distant connections, and failures are distinct network concepts",WORLD_FRONTIER,"[{""world_id"":""W-COMP-004"",""status"":""NEW""}]","{""point_ids"":[""P-ID-001""],""status"":""EST""}",[],"[""paths"",""addresses"",""routing"",""local"",""distant"",""connections"",""failures"",""network""]","[""LEX-W-COMP-004""]","[""LEX-W-COMP-003"",""LEX-P-ID-001"",""LEX-P-DET-002"",""LEX-P-PRON-001"",""LEX-P-TNS-002""]","[""P-ID-001"",""P-DET-002"",""P-PRON-001"",""P-TNS-002""]","[""RF-AFFIRM-IDENTITY"",""RF-NEGATE-IDENTITY""]",[],"[""DO-IDENTIFY""]",[],"{""non_frontier_language_must_be_established"":true,""allowed_new_language"":""LEX-W-COMP-004"",""presentation_practice_feedback_evaluation_closed"":true}","[""W-COMP-001"",""W-COMP-002"",""W-COMP-003"",""P-COMP-001""]","[""L161"",""L000"",""L004"",""L006"",""L016""]","[""CHAR-EMMA"",""CHAR-TARO""]","[""LOC-NONCANONICAL-DIAGRAM""]",,[],Canonical persistent-world event only when chronology_event is non-null; otherwise direct instruction or noncanonical controlled examples.,"[""DIAGRAM""]",DS,"[""Wording-changed probe"",""Delayed retrieval probe"",""Composition with established material"",""World-concept probe without frontier wording""]","[""C170"",""SYN""]",30,"[""Paths, addresses, routing, local/distant connections, and failures are distinct network concepts.""]","Identity/self-introduction with copular affirmative/negative: `I am`, `X is/isn't`."
L164,The Internet is a networked system rather than a single device or single location,WORLD_FRONTIER,"[{""world_id"":""W-COMP-005"",""status"":""NEW""}]","{""point_ids"":[""P-ID-001""],""status"":""EST""}",[],"[""internet"",""networked"",""system"",""rather"",""single"",""device"",""location""]","[""LEX-W-COMP-005""]","[""LEX-W-COMP-003"",""LEX-W-COMP-004"",""LEX-P-ID-001"",""LEX-P-DET-002"",""LEX-P-PRON-001"",""LEX-P-TNS-002""]","[""P-ID-001"",""P-DET-002"",""P-PRON-001"",""P-TNS-002""]","[""RF-AFFIRM-IDENTITY"",""RF-NEGATE-IDENTITY""]",[],"[""DO-IDENTIFY""]",[],"{""non_frontier_language_must_be_established"":true,""allowed_new_language"":""LEX-W-COMP-005"",""presentation_practice_feedback_evaluation_closed"":true}","[""W-COMP-002"",""W-COMP-003"",""P-COMP-001"",""W-COMP-004""]","[""L161"",""L163"",""L000"",""L004"",""L006"",""L016""]","[""CHAR-EMMA"",""CHAR-TARO""]","[""LOC-NONCANONICAL-DIAGRAM""]",,[],Canonical persistent-world event only when chronology_event is non-null; otherwise direct instruction or noncanonical controlled examples.,"[""DIAGRAM"",""ABSTRACT""]",DS,"[""Wording-changed probe"",""Delayed retrieval probe"",""Composition with established material"",""World-concept probe without frontier wording""]","[""C170""]",30,"[""The Internet is a networked system rather than a single device or single location.""]","Identity/self-introduction with copular affirmative/negative: `I am`, `X is/isn't`."
L165,An algorithm is an ordered procedure that may include conditional branches,WORLD_FRONTIER,"[{""world_id"":""W-COMP-007"",""status"":""NEW""}]","{""point_ids"":[""P-ID-001""],""status"":""EST""}",[],"[""algorithm"",""ordered"",""procedure"",""include"",""conditional"",""branches""]","[""LEX-W-COMP-007""]","[""LEX-W-EVT-002"",""LEX-P-ID-001"",""LEX-P-DET-002"",""LEX-P-PRON-001"",""LEX-P-TNS-002""]","[""P-ID-001"",""P-DET-002"",""P-PRON-001"",""P-TNS-002""]","[""RF-AFFIRM-IDENTITY"",""RF-NEGATE-IDENTITY""]",[],"[""DO-IDENTIFY""]",[],"{""non_frontier_language_must_be_established"":true,""allowed_new_language"":""LEX-W-COMP-007"",""presentation_practice_feedback_evaluation_closed"":true}","[""W-COMP-003"",""P-COMP-001"",""W-COMP-004"",""W-COMP-005""]","[""L020"",""L000"",""L004"",""L006"",""L016""]","[""CHAR-EMMA"",""CHAR-TARO""]","[""LOC-NONCANONICAL-DIAGRAM""]",,[],Canonical persistent-world event only when chronology_event is non-null; otherwise direct instruction or noncanonical controlled examples.,"[""SYMBOLIC"",""DIAGRAM""]",DS,"[""Wording-changed probe"",""Delayed retrieval probe"",""Composition with established material"",""World-concept probe without frontier wording""]","[""C172""]",30,"[""An algorithm is an ordered procedure that may include conditional branches.""]","Identity/self-introduction with copular affirmative/negative: `I am`, `X is/isn't`."
L166,Programs contain instructions interpreted/executed by computing systems,WORLD_FRONTIER,"[{""world_id"":""W-COMP-008"",""status"":""NEW""}]","{""point_ids"":[""P-ID-001""],""status"":""EST""}",[],"[""programs"",""contain"",""instructions"",""interpreted"",""executed"",""computing"",""systems""]","[""LEX-W-COMP-008""]","[""LEX-W-COMP-001"",""LEX-W-COMP-007"",""LEX-P-ID-001"",""LEX-P-DET-002"",""LEX-P-PRON-001"",""LEX-P-TNS-002""]","[""P-ID-001"",""P-DET-002"",""P-PRON-001"",""P-TNS-002""]","[""RF-AFFIRM-IDENTITY"",""RF-NEGATE-IDENTITY""]",[],"[""DO-IDENTIFY""]",[],"{""non_frontier_language_must_be_established"":true,""allowed_new_language"":""LEX-W-COMP-008"",""presentation_practice_feedback_evaluation_closed"":true}","[""P-COMP-001"",""W-COMP-004"",""W-COMP-005"",""W-COMP-007""]","[""L159"",""L165"",""L000"",""L004"",""L006"",""L016""]","[""CHAR-EMMA"",""CHAR-TARO""]","[""LOC-NONCANONICAL-DIAGRAM""]",,[],Canonical persistent-world event only when chronology_event is non-null; otherwise direct instruction or noncanonical controlled examples.,"[""SYMBOLIC""]",DS,"[""Wording-changed probe"",""Delayed retrieval probe"",""Composition with established material"",""World-concept probe without frontier wording""]","[""C173""]",30,"[""Programs contain instructions interpreted/executed by computing systems.""]","Identity/self-introduction with copular affirmative/negative: `I am`, `X is/isn't`."
L167,"Tables and charts are representations of data, not the measured entities themselves",WORLD_FRONTIER,"[{""world_id"":""W-DATA-001"",""status"":""NEW""}]","{""point_ids"":[""P-ID-001""],""status"":""EST""}",[],"[""tables"",""charts"",""representations"",""data"",""measured"",""entities"",""themselves""]","[""LEX-W-DATA-001""]","[""LEX-W-REP-001"",""LEX-W-MATH-001"",""LEX-P-ID-001"",""LEX-P-DET-002"",""LEX-P-PRON-001"",""LEX-P-REP-001""]","[""P-ID-001"",""P-DET-002"",""P-PRON-001"",""P-REP-001""]","[""RF-AFFIRM-IDENTITY"",""RF-NEGATE-IDENTITY""]",[],"[""DO-IDENTIFY""]",[],"{""non_frontier_language_must_be_established"":true,""allowed_new_language"":""LEX-W-DATA-001"",""presentation_practice_feedback_evaluation_closed"":true}","[""W-COMP-004"",""W-COMP-005"",""W-COMP-007"",""W-COMP-008""]","[""L027"",""L043"",""L000"",""L004"",""L006"",""L028""]","[""CHAR-EMMA"",""CHAR-TARO""]","[""LOC-NONCANONICAL-DIAGRAM""]",,[],Canonical persistent-world event only when chronology_event is non-null; otherwise direct instruction or noncanonical controlled examples.,"[""SYMBOLIC""]",DS,"[""Wording-changed probe"",""Delayed retrieval probe"",""Composition with established material"",""World-concept probe without frontier wording""]","[""C174""]",30,"[""Tables and charts are representations of data, not the measured entities themselves.""]","Identity/self-introduction with copular affirmative/negative: `I am`, `X is/isn't`."
L168,Trends describe changes/relationships across data rather than individual observations,WORLD_FRONTIER,"[{""world_id"":""W-DATA-002"",""status"":""NEW""}]","{""point_ids"":[""P-ID-001""],""status"":""EST""}",[],"[""trends"",""describe"",""changes"",""relationships"",""across"",""data"",""rather"",""individual""]","[""LEX-W-DATA-002""]","[""LEX-W-DATA-001"",""LEX-W-MATH-002"",""LEX-P-ID-001"",""LEX-P-DET-002"",""LEX-P-PRON-001"",""LEX-P-REP-001""]","[""P-ID-001"",""P-DET-002"",""P-PRON-001"",""P-REP-001""]","[""RF-AFFIRM-IDENTITY"",""RF-NEGATE-IDENTITY""]",[],"[""DO-IDENTIFY""]",[],"{""non_frontier_language_must_be_established"":true,""allowed_new_language"":""LEX-W-DATA-002"",""presentation_practice_feedback_evaluation_closed"":true}","[""W-COMP-005"",""W-COMP-007"",""W-COMP-008"",""W-DATA-001""]","[""L167"",""L045"",""L000"",""L004"",""L006"",""L028""]","[""CHAR-EMMA"",""CHAR-TARO""]","[""LOC-NONCANONICAL-DIAGRAM""]",,[],Canonical persistent-world event only when chronology_event is non-null; otherwise direct instruction or noncanonical controlled examples.,"[""SYMBOLIC""]",DS,"[""Wording-changed probe"",""Delayed retrieval probe"",""Composition with established material"",""World-concept probe without frontier wording""]","[""C175""]",30,"[""Trends describe changes/relationships across data rather than individual observations.""]","Identity/self-introduction with copular affirmative/negative: `I am`, `X is/isn't`."
L169,Automation allows a system to perform assigned operations without a person manually doing every step,WORLD_FRONTIER,"[{""world_id"":""W-COMP-010"",""status"":""NEW""}]","{""point_ids"":[""P-ID-001""],""status"":""EST""}",[],"[""automation"",""allows"",""system"",""perform"",""assigned"",""operations"",""without"",""person""]","[""LEX-W-COMP-010""]","[""LEX-W-COMP-007"",""LEX-W-COMP-008"",""LEX-P-ID-001"",""LEX-P-DET-002"",""LEX-P-PRON-001"",""LEX-P-TNS-002""]","[""P-ID-001"",""P-DET-002"",""P-PRON-001"",""P-TNS-002""]","[""RF-AFFIRM-IDENTITY"",""RF-NEGATE-IDENTITY""]",[],"[""DO-IDENTIFY""]",[],"{""non_frontier_language_must_be_established"":true,""allowed_new_language"":""LEX-W-COMP-010"",""presentation_practice_feedback_evaluation_closed"":true}","[""W-COMP-007"",""W-COMP-008"",""W-DATA-001"",""W-DATA-002""]","[""L165"",""L166"",""L000"",""L004"",""L006"",""L016""]","[""CHAR-EMMA"",""CHAR-TARO""]","[""LOC-NONCANONICAL-DIAGRAM""]",,[],Canonical persistent-world event only when chronology_event is non-null; otherwise direct instruction or noncanonical controlled examples.,"[""DIAGRAM""]",DS,"[""Wording-changed probe"",""Delayed retrieval probe"",""Composition with established material"",""World-concept probe without frontier wording""]","[""C178""]",30,"[""Automation allows a system to perform assigned operations without a person manually doing every step.""]","Identity/self-introduction with copular affirmative/negative: `I am`, `X is/isn't`."
L170,can be used to,POINT_FRONTIER,"[{""world_id"":""W-COMP-010"",""status"":""EST""}]","{""point_ids"":[""P-AUTO-001""],""status"":""NEW""}",[],"[""can be used to...""]","[""LEX-P-AUTO-001""]","[""LEX-W-COMP-010"",""LEX-P-FUNC-001"",""LEX-P-PASS-001""]","[""P-FUNC-001"",""P-PASS-001""]",[],[],[],[],"{""non_frontier_language_must_be_established"":true,""allowed_new_language"":""LEX-P-AUTO-001"",""presentation_practice_feedback_evaluation_closed"":true}","[""W-COMP-008"",""W-DATA-001"",""W-DATA-002"",""W-COMP-010""]","[""L169"",""L037"",""L116""]","[""CHAR-EMMA"",""CHAR-TARO""]","[""LOC-DIRECT-TEACHING""]",,[],Canonical persistent-world event only when chronology_event is non-null; otherwise direct instruction or noncanonical controlled examples.,"[""SCENE"",""SYMBOLIC""]",PB-O,"[""Wording-changed probe"",""Delayed retrieval probe"",""Composition with established material"",""Cross-domain POINT probe""]","[""C178""]",30,"[""`can be used to...` for capability/application.""]",`can be used to...` for capability/application.
L171,Training examples/data provide observations from which a learning system can derive useful regularities,WORLD_FRONTIER,"[{""world_id"":""W-ML-001"",""status"":""NEW""}]","{""point_ids"":[""P-ID-001""],""status"":""EST""}",[],"[""training"",""examples"",""data"",""provide"",""observations"",""which"",""learning"",""system""]","[""LEX-W-ML-001""]","[""LEX-W-DATA-001"",""LEX-W-COMP-001"",""LEX-P-ID-001"",""LEX-P-DET-002"",""LEX-P-PRON-001""]","[""P-ID-001"",""P-DET-002"",""P-PRON-001""]","[""RF-AFFIRM-IDENTITY"",""RF-NEGATE-IDENTITY""]",[],"[""DO-IDENTIFY""]",[],"{""non_frontier_language_must_be_established"":true,""allowed_new_language"":""LEX-W-ML-001"",""presentation_practice_feedback_evaluation_closed"":true}","[""W-DATA-001"",""W-DATA-002"",""W-COMP-010"",""P-AUTO-001""]","[""L167"",""L159"",""L000"",""L004"",""L006""]","[""CHAR-EMMA"",""CHAR-TARO""]","[""LOC-NONCANONICAL-DIAGRAM""]",,[],Canonical persistent-world event only when chronology_event is non-null; otherwise direct instruction or noncanonical controlled examples.,"[""DIAGRAM"",""SYMBOLIC""]",DS,"[""Wording-changed probe"",""Delayed retrieval probe"",""Composition with established material"",""World-concept probe without frontier wording""]","[""C179""]",30,"[""Training examples/data provide observations from which a learning system can derive useful regularities.""]","Identity/self-introduction with copular affirmative/negative: `I am`, `X is/isn't`."
L172,"Stories have characters, settings, events, and ordered sequences",WORLD_FRONTIER,"[{""world_id"":""W-LIT-001"",""status"":""NEW""}]","{""point_ids"":[""P-ID-001""],""status"":""EST""}",[],"[""stories"",""have"",""characters"",""settings"",""events"",""ordered"",""sequences""]","[""LEX-W-LIT-001""]","[""LEX-W-CHR-001"",""LEX-W-EVT-002"",""LEX-P-ID-001"",""LEX-P-DET-002"",""LEX-P-PRON-001""]","[""P-ID-001"",""P-DET-002"",""P-PRON-001""]","[""RF-AFFIRM-IDENTITY"",""RF-NEGATE-IDENTITY""]",[],"[""DO-IDENTIFY""]",[],"{""non_frontier_language_must_be_established"":true,""allowed_new_language"":""LEX-W-LIT-001"",""presentation_practice_feedback_evaluation_closed"":true}","[""W-DATA-002"",""W-COMP-010"",""P-AUTO-001"",""W-ML-001""]","[""L000"",""L020"",""L004"",""L006""]","[""CHAR-EMMA"",""CHAR-TARO""]","[""LOC-DIRECT-TEACHING""]",,[],Canonical persistent-world event only when chronology_event is non-null; otherwise direct instruction or noncanonical controlled examples.,"[""SEQUENCE"",""SYMBOLIC""]",PB-O,"[""Wording-changed probe"",""Delayed retrieval probe"",""Composition with established material"",""World-concept probe without frontier wording""]","[""C181"",""C182""]",30,"[""Stories have characters, settings, events, and ordered sequences.""]","Identity/self-introduction with copular affirmative/negative: `I am`, `X is/isn't`."
L173,"story questions/terms: character, setting, event; narrative sequence",POINT_FRONTIER,"[{""world_id"":""W-LIT-001"",""status"":""EST""}]","{""point_ids"":[""P-LIT-001""],""status"":""NEW""}",[],"[""story"",""questions"",""terms"",""character"",""setting"",""event"",""narrative"",""sequence""]","[""LEX-P-LIT-001""]","[""LEX-W-LIT-001"",""LEX-P-Q-001"",""LEX-P-Q-003"",""LEX-P-SEQ-001""]","[""P-Q-001"",""P-Q-003"",""P-SEQ-001""]","[""RF-WHO-IDENTITY"",""RF-SEQUENCE""]",[],"[""DO-IDENTIFY"",""DO-SEQUENCE""]",[],"{""non_frontier_language_must_be_established"":true,""allowed_new_language"":""LEX-P-LIT-001"",""presentation_practice_feedback_evaluation_closed"":true}","[""W-COMP-010"",""P-AUTO-001"",""W-ML-001"",""W-LIT-001""]","[""L172"",""L000"",""L011"",""L023""]","[""CHAR-EMMA"",""CHAR-TARO""]","[""LOC-DIRECT-TEACHING""]",,[],Canonical persistent-world event only when chronology_event is non-null; otherwise direct instruction or noncanonical controlled examples.,"[""SCENE"",""SYMBOLIC""]",PB-O,"[""Wording-changed probe"",""Delayed retrieval probe"",""Composition with established material"",""Cross-domain POINT probe""]","[""C181"",""C182""]",30,"[""story questions/terms: character, setting, event; narrative sequence.""]","story questions/terms: character, setting, event; narrative sequence."
L174,Narrated dialogue and reported speech represent conversational events,WORLD_FRONTIER,"[{""world_id"":""W-LIT-002"",""status"":""NEW""}]","{""point_ids"":[""P-ID-001""],""status"":""EST""}",[],"[""narrated"",""dialogue"",""reported"",""speech"",""represent"",""conversational"",""events""]","[""LEX-W-LIT-002""]","[""LEX-W-COM-001"",""LEX-W-LIT-001"",""LEX-P-ID-001"",""LEX-P-DET-002"",""LEX-P-PRON-001""]","[""P-ID-001"",""P-DET-002"",""P-PRON-001""]","[""RF-AFFIRM-IDENTITY"",""RF-NEGATE-IDENTITY""]",[],"[""DO-IDENTIFY""]",[],"{""non_frontier_language_must_be_established"":true,""allowed_new_language"":""LEX-W-LIT-002"",""presentation_practice_feedback_evaluation_closed"":true}","[""P-AUTO-001"",""W-ML-001"",""W-LIT-001"",""P-LIT-001""]","[""L029"",""L172"",""L000"",""L004"",""L006""]","[""CHAR-EMMA"",""CHAR-TARO""]","[""LOC-DIRECT-TEACHING""]",,[],Canonical persistent-world event only when chronology_event is non-null; otherwise direct instruction or noncanonical controlled examples.,"[""DIALOGUE"",""SYMBOLIC""]",PB-O,"[""Wording-changed probe"",""Delayed retrieval probe"",""Composition with established material"",""World-concept probe without frontier wording""]","[""C183""]",30,"[""Narrated dialogue and reported speech represent conversational events.""]","Identity/self-introduction with copular affirmative/negative: `I am`, `X is/isn't`."
L175,Music/sound can be described using relative perceptual properties,WORLD_FRONTIER,"[{""world_id"":""W-ART-002"",""status"":""NEW""}]","{""point_ids"":[""P-ID-001""],""status"":""EST""}",[],"[""music"",""sound"",""described"",""using"",""relative"",""perceptual"",""properties""]","[""LEX-W-ART-002""]","[""LEX-W-PHY-007"",""LEX-P-ID-001"",""LEX-P-DET-002"",""LEX-P-PRON-001""]","[""P-ID-001"",""P-DET-002"",""P-PRON-001""]","[""RF-AFFIRM-IDENTITY"",""RF-NEGATE-IDENTITY""]",[],"[""DO-IDENTIFY""]",[],"{""non_frontier_language_must_be_established"":true,""allowed_new_language"":""LEX-W-ART-002"",""presentation_practice_feedback_evaluation_closed"":true}","[""W-ML-001"",""W-LIT-001"",""P-LIT-001"",""W-LIT-002""]","[""L106"",""L000"",""L004"",""L006""]","[""CHAR-EMMA"",""CHAR-TARO""]","[""LOC-DIRECT-TEACHING""]",,[],Canonical persistent-world event only when chronology_event is non-null; otherwise direct instruction or noncanonical controlled examples.,"[""COMPARISON""]",PB-O,"[""Wording-changed probe"",""Delayed retrieval probe"",""Composition with established material"",""World-concept probe without frontier wording""]","[""C187""]",30,"[""Music/sound can be described using relative perceptual properties.""]","Identity/self-introduction with copular affirmative/negative: `I am`, `X is/isn't`."
L176,Customs and traditions vary across groups and are not universal human rules,WORLD_FRONTIER,"[{""world_id"":""W-CUL-001"",""status"":""NEW""}]","{""point_ids"":[""P-ID-001""],""status"":""EST""}",[],"[""customs"",""traditions"",""vary"",""across"",""groups"",""universal"",""human"",""rules""]","[""LEX-W-CUL-001""]","[""LEX-W-SOC-009"",""LEX-P-ID-001"",""LEX-P-DET-002"",""LEX-P-PRON-001""]","[""P-ID-001"",""P-DET-002"",""P-PRON-001""]","[""RF-AFFIRM-IDENTITY"",""RF-NEGATE-IDENTITY""]",[],"[""DO-IDENTIFY""]",[],"{""non_frontier_language_must_be_established"":true,""allowed_new_language"":""LEX-W-CUL-001"",""presentation_practice_feedback_evaluation_closed"":true}","[""W-LIT-001"",""P-LIT-001"",""W-LIT-002"",""W-ART-002""]","[""L142"",""L000"",""L004"",""L006""]","[""CHAR-EMMA"",""CHAR-TARO""]","[""LOC-DIRECT-TEACHING""]",,[],Canonical persistent-world event only when chronology_event is non-null; otherwise direct instruction or noncanonical controlled examples.,"[""COMPARISON"",""DIALOGUE""]",PB-O,"[""Wording-changed probe"",""Delayed retrieval probe"",""Composition with established material"",""World-concept probe without frontier wording""]","[""C188""]",30,"[""Customs and traditions vary across groups and are not universal human rules.""]","Identity/self-introduction with copular affirmative/negative: `I am`, `X is/isn't`."
L177,Languages and writing systems are conventional symbolic systems and can differ,WORLD_FRONTIER,"[{""world_id"":""W-CUL-002"",""status"":""NEW""}]","{""point_ids"":[""P-ID-001""],""status"":""EST""}",[],"[""languages"",""writing"",""systems"",""conventional"",""symbolic"",""differ""]","[""LEX-W-CUL-002""]","[""LEX-W-REP-003"",""LEX-P-ID-001"",""LEX-P-DET-002"",""LEX-P-PRON-001""]","[""P-ID-001"",""P-DET-002"",""P-PRON-001""]","[""RF-AFFIRM-IDENTITY"",""RF-NEGATE-IDENTITY""]",[],"[""DO-IDENTIFY""]",[],"{""non_frontier_language_must_be_established"":true,""allowed_new_language"":""LEX-W-CUL-002"",""presentation_practice_feedback_evaluation_closed"":true}","[""P-LIT-001"",""W-LIT-002"",""W-ART-002"",""W-CUL-001""]","[""L157"",""L000"",""L004"",""L006""]","[""CHAR-EMMA"",""CHAR-TARO""]","[""LOC-DIRECT-TEACHING""]",,[],Canonical persistent-world event only when chronology_event is non-null; otherwise direct instruction or noncanonical controlled examples.,"[""SYMBOLIC""]",DS,"[""Wording-changed probe"",""Delayed retrieval probe"",""Composition with established material"",""World-concept probe without frontier wording""]","[""C189""]",30,"[""Languages and writing systems are conventional symbolic systems and can differ.""]","Identity/self-introduction with copular affirmative/negative: `I am`, `X is/isn't`."
L178,Celebrations/ceremonies have culturally situated purposes and forms,WORLD_FRONTIER,"[{""world_id"":""W-CUL-004"",""status"":""NEW""}]","{""point_ids"":[""P-ID-001""],""status"":""EST""}",[],"[""celebrations"",""ceremonies"",""have"",""culturally"",""situated"",""purposes"",""forms""]","[""LEX-W-CUL-004""]","[""LEX-W-CUL-001"",""LEX-P-ID-001"",""LEX-P-DET-002"",""LEX-P-PRON-001""]","[""P-ID-001"",""P-DET-002"",""P-PRON-001""]","[""RF-AFFIRM-IDENTITY"",""RF-NEGATE-IDENTITY""]",[],"[""DO-IDENTIFY""]",[],"{""non_frontier_language_must_be_established"":true,""allowed_new_language"":""LEX-W-CUL-004"",""presentation_practice_feedback_evaluation_closed"":true}","[""W-LIT-002"",""W-ART-002"",""W-CUL-001"",""W-CUL-002""]","[""L176"",""L000"",""L004"",""L006""]","[""CHAR-EMMA"",""CHAR-TARO""]","[""LOC-DIRECT-TEACHING""]",,[],Canonical persistent-world event only when chronology_event is non-null; otherwise direct instruction or noncanonical controlled examples.,"[""SCENE"",""DIALOGUE""]",PB-O,"[""Wording-changed probe"",""Delayed retrieval probe"",""Composition with established material"",""World-concept probe without frontier wording""]","[""C191""]",30,"[""Celebrations/ceremonies have culturally situated purposes and forms.""]","Identity/self-introduction with copular affirmative/negative: `I am`, `X is/isn't`."
L179,congratulation/wishes,POINT_FRONTIER,"[{""world_id"":""W-CUL-004"",""status"":""EST""}]","{""point_ids"":[""P-SOC-007""],""status"":""NEW""}",[],"[""congratulation"",""wishes""]","[""LEX-P-SOC-007""]","[""LEX-W-CUL-004"",""LEX-P-SOC-001""]","[""P-SOC-001""]","[""RF-GREETING""]",[],"[""DO-GREET""]",[],"{""non_frontier_language_must_be_established"":true,""allowed_new_language"":""LEX-P-SOC-007"",""presentation_practice_feedback_evaluation_closed"":true}","[""W-ART-002"",""W-CUL-001"",""W-CUL-002"",""W-CUL-004""]","[""L178"",""L000""]","[""CHAR-EMMA"",""CHAR-TARO"",""CHAR-ERROL""]","[""LOC-DIRECT-TEACHING""]",,[],Canonical persistent-world event only when chronology_event is non-null; otherwise direct instruction or noncanonical controlled examples.,"[""DIALOGUE"",""COMPARISON""]",PB-O,"[""Wording-changed probe"",""Delayed retrieval probe"",""Composition with established material"",""Cross-domain POINT probe""]","[""C023"",""C191""]",30,"[""congratulation/wishes.""]",congratulation/wishes.
L180,Knowledge and ignorance,WORLD_FRONTIER,"[{""world_id"":""W-EPI-001"",""status"":""NEW""}]","{""point_ids"":[""P-TNS-002""],""status"":""EST""}",[],"[""knowledge"",""ignorance""]","[""LEX-W-EPI-001""]","[""LEX-W-CHR-001"",""LEX-P-TNS-002"",""LEX-P-NEG-001"",""LEX-P-Q-006"",""LEX-P-ID-001""]","[""P-TNS-002"",""P-NEG-001"",""P-Q-006"",""P-ID-001""]","[""RF-YES-NO"",""RF-AFFIRM-IDENTITY"",""RF-NEGATE-IDENTITY""]",[],"[""DO-IDENTIFY""]",[],"{""non_frontier_language_must_be_established"":true,""allowed_new_language"":""LEX-W-EPI-001"",""presentation_practice_feedback_evaluation_closed"":true}","[""W-CUL-001"",""W-CUL-002"",""W-CUL-004"",""P-SOC-007""]","[""L000"",""L016"",""L017"",""L018""]","[""CHAR-EMMA"",""CHAR-TARO"",""CHAR-ERROL""]","[""LOC-DIRECT-TEACHING""]",,[],Canonical persistent-world event only when chronology_event is non-null; otherwise direct instruction or noncanonical controlled examples.,"[""DIALOGUE"",""COMPARISON""]",PB-O,"[""Wording-changed probe"",""Delayed retrieval probe"",""Composition with established material"",""World-concept probe without frontier wording""]","[""C193"",""V2"",""SYN""]",30,"[""Knowledge and ignorance. An agent may know something, not know it, or ask another agent who may know.""]","simple present for habits/general routines, including third-person `-s`."
L181,Emotions/internal states and externally observable behavior are related but not identical,WORLD_FRONTIER,"[{""world_id"":""W-BODY-003"",""status"":""NEW""}]","{""point_ids"":[""P-ID-001""],""status"":""EST""}",[],"[""emotions"",""internal"",""states"",""externally"",""observable"",""behavior"",""related"",""but""]","[""LEX-W-BODY-003""]","[""LEX-W-EPI-001"",""LEX-P-ID-001"",""LEX-P-DET-002"",""LEX-P-PRON-001"",""LEX-P-TNS-002""]","[""P-ID-001"",""P-DET-002"",""P-PRON-001"",""P-TNS-002""]","[""RF-AFFIRM-IDENTITY"",""RF-NEGATE-IDENTITY""]",[],"[""DO-IDENTIFY""]",[],"{""non_frontier_language_must_be_established"":true,""allowed_new_language"":""LEX-W-BODY-003"",""presentation_practice_feedback_evaluation_closed"":true}","[""W-CUL-002"",""W-CUL-004"",""P-SOC-007"",""W-EPI-001""]","[""L180"",""L000"",""L004"",""L006"",""L016""]","[""CHAR-EMMA"",""CHAR-TARO""]","[""LOC-GRANS-GARDEN""]",,[],Canonical persistent-world event only when chronology_event is non-null; otherwise direct instruction or noncanonical controlled examples.,"[""DIALOGUE"",""COMPARISON""]",PB-O,"[""Wording-changed probe"",""Delayed retrieval probe"",""Composition with established material"",""World-concept probe without frontier wording""]","[""C044""]",30,"[""Emotions/internal states and externally observable behavior are related but not identical.""]","Identity/self-introduction with copular affirmative/negative: `I am`, `X is/isn't`."
L182,"society, economics, and history transfer",TRANSFER,"[{""world_id"":""W-LIT-001"",""status"":""XFER""},{""world_id"":""W-LIT-002"",""status"":""XFER""},{""world_id"":""W-ART-002"",""status"":""XFER""},{""world_id"":""W-CUL-001"",""status"":""XFER""},{""world_id"":""W-CUL-002"",""status"":""XFER""},{""world_id"":""W-CUL-004"",""status"":""XFER""}]","{""point_ids"":[""P-LIT-001"",""P-SOC-007""],""status"":""XFER""}",[],[],[],"[""LEX-W-LIT-001"",""LEX-P-LIT-001"",""LEX-W-LIT-002"",""LEX-W-ART-002"",""LEX-W-CUL-001"",""LEX-W-CUL-002"",""LEX-W-CUL-004"",""LEX-P-SOC-007"",""LEX-W-EPI-001"",""LEX-W-BODY-003""]","[""P-LIT-001"",""P-SOC-007""]",[],[],[],[],"{""non_frontier_language_must_be_established"":true,""allowed_new_language"":""NONE"",""presentation_practice_feedback_evaluation_closed"":true}","[""W-LIT-001"",""P-LIT-001"",""W-LIT-002"",""W-ART-002"",""W-CUL-001"",""W-CUL-002"",""W-CUL-004"",""P-SOC-007"",""W-EPI-001"",""W-BODY-003""]","[""L172"",""L173"",""L174"",""L175"",""L176"",""L177"",""L178"",""L179"",""L180"",""L181""]","[""CHAR-EMMA"",""CHAR-TARO"",""CHAR-ERROL""]","[""LOC-MEADOW-PATH"",""LOC-POND"",""LOC-OAK"",""LOC-SCHOOL""]",,[],Noncanonical transfer and retrieval task; no new persistent event.,"[""COMPARISON"",""DIALOGUE"",""DIAGRAM""]",DS,"[""Far transfer"",""Delayed retrieval"",""Multi-item composition"",""No frontier leakage""]","[""C181"",""C182"",""C183"",""C187"",""C188"",""C189"",""C191"",""C023"",""C193"",""V2"",""SYN"",""C044""]",30,"[""Recombine already acquired WORLD and POINT material in a new context.""]",No new POINT; established operators are retrieved and composed.
L183,Agents can act toward goals for reasons/motives,WORLD_FRONTIER,"[{""world_id"":""W-PSY-002"",""status"":""NEW""}]","{""point_ids"":[""P-ID-001""],""status"":""EST""}",[],"[""agents"",""act"",""toward"",""goals"",""reasons"",""motives""]","[""LEX-W-PSY-002""]","[""LEX-W-PSY-001"",""LEX-W-EPI-001"",""LEX-P-ID-001"",""LEX-P-DET-002"",""LEX-P-PRON-001"",""LEX-P-TNS-002""]","[""P-ID-001"",""P-DET-002"",""P-PRON-001"",""P-TNS-002""]","[""RF-AFFIRM-IDENTITY"",""RF-NEGATE-IDENTITY""]",[],"[""DO-IDENTIFY""]",[],"{""non_frontier_language_must_be_established"":true,""allowed_new_language"":""LEX-W-PSY-002"",""presentation_practice_feedback_evaluation_closed"":true}","[""W-CUL-004"",""P-SOC-007"",""W-EPI-001"",""W-BODY-003""]","[""L056"",""L180"",""L000"",""L004"",""L006"",""L016""]","[""CHAR-EMMA"",""CHAR-TARO""]","[""LOC-DIRECT-TEACHING""]",,[],Canonical persistent-world event only when chronology_event is non-null; otherwise direct instruction or noncanonical controlled examples.,"[""SEQUENCE"",""DIALOGUE""]",PB-O,"[""Wording-changed probe"",""Delayed retrieval probe"",""Composition with established material"",""World-concept probe without frontier wording""]","[""C185""]",30,"[""Agents can act toward goals for reasons/motives.""]","Identity/self-introduction with copular affirmative/negative: `I am`, `X is/isn't`."
L184,know/don't know; knowledge questions,POINT_FRONTIER,"[{""world_id"":""W-EPI-001"",""status"":""EST""}]","{""point_ids"":[""P-EPI-001""],""status"":""NEW""}",[],"[""know/don't know""]","[""LEX-P-EPI-001""]","[""LEX-W-EPI-001"",""LEX-P-ID-001""]","[""P-ID-001""]","[""RF-AFFIRM-IDENTITY"",""RF-NEGATE-IDENTITY""]","[""RF-KNOW-UNKNOWN""]","[""DO-IDENTIFY""]",[],"{""non_frontier_language_must_be_established"":true,""allowed_new_language"":""LEX-P-EPI-001"",""presentation_practice_feedback_evaluation_closed"":true}","[""P-SOC-007"",""W-EPI-001"",""W-BODY-003"",""W-PSY-002""]","[""L180"",""L000""]","[""CHAR-EMMA"",""CHAR-TARO"",""CHAR-ERROL""]","[""LOC-DIRECT-TEACHING""]",,[],Canonical persistent-world event only when chronology_event is non-null; otherwise direct instruction or noncanonical controlled examples.,"[""DIALOGUE"",""COMPARISON""]",PB-O,"[""Wording-changed probe"",""Delayed retrieval probe"",""Composition with established material"",""Cross-domain POINT probe""]","[""C193"",""SYN""]",30,"[""`know/don't know`; knowledge questions.""]",`know/don't know`; knowledge questions.
L185,Disagreement and conflict,WORLD_FRONTIER,"[{""world_id"":""W-SOC-004"",""status"":""NEW""}]","{""point_ids"":[""P-EPI-001""],""status"":""EST""}",[],"[""disagreement"",""conflict""]","[""LEX-W-SOC-004""]","[""LEX-W-EPI-001"",""LEX-P-EPI-001"",""LEX-P-ID-001"",""LEX-P-DET-002"",""LEX-P-PRON-001""]","[""P-EPI-001"",""P-ID-001"",""P-DET-002"",""P-PRON-001""]","[""RF-KNOW-UNKNOWN"",""RF-AFFIRM-IDENTITY"",""RF-NEGATE-IDENTITY""]",[],"[""DO-IDENTIFY""]",[],"{""non_frontier_language_must_be_established"":true,""allowed_new_language"":""LEX-W-SOC-004"",""presentation_practice_feedback_evaluation_closed"":true}","[""W-EPI-001"",""W-BODY-003"",""W-PSY-002"",""P-EPI-001""]","[""L180"",""L184"",""L000"",""L004"",""L006""]","[""CHAR-EMMA"",""CHAR-TARO"",""CHAR-ERROL""]","[""LOC-DIRECT-TEACHING""]",,[],Canonical persistent-world event only when chronology_event is non-null; otherwise direct instruction or noncanonical controlled examples.,"[""DIALOGUE"",""COMPARISON""]",PB-O,"[""Wording-changed probe"",""Delayed retrieval probe"",""Composition with established material"",""World-concept probe without frontier wording""]","[""V2"",""SYN""]",30,"[""Disagreement and conflict. Agents can disagree about facts, preferences, or plans without being different identities or necessarily being enemies.""]",`know/don't know`; knowledge questions.
L186,"apology/attention: sorry, excuse me",POINT_FRONTIER,"[{""world_id"":""W-SOC-004"",""status"":""EST""}]","{""point_ids"":[""P-SOC-006""],""status"":""NEW""}",[],"[""sorry"",""excuse me""]","[""LEX-P-SOC-006""]","[""LEX-W-SOC-004"",""LEX-P-SOC-001""]","[""P-SOC-001""]","[""RF-GREETING""]",[],"[""DO-GREET""]",[],"{""non_frontier_language_must_be_established"":true,""allowed_new_language"":""LEX-P-SOC-006"",""presentation_practice_feedback_evaluation_closed"":true}","[""W-BODY-003"",""W-PSY-002"",""P-EPI-001"",""W-SOC-004""]","[""L185"",""L000""]","[""CHAR-EMMA"",""CHAR-TARO"",""CHAR-ERROL""]","[""LOC-DIRECT-TEACHING""]",,[],Canonical persistent-world event only when chronology_event is non-null; otherwise direct instruction or noncanonical controlled examples.,"[""DIALOGUE"",""COMPARISON""]",PB-O,"[""Wording-changed probe"",""Delayed retrieval probe"",""Composition with established material"",""Cross-domain POINT probe""]","[""C022""]",30,"[""apology/attention: `sorry`, `excuse me`.""]","apology/attention: `sorry`, `excuse me`."
L187,Agreement/disagreement and simple contrast with but,POINT_FRONTIER,"[{""world_id"":""W-SOC-004"",""status"":""EST""}]","{""point_ids"":[""P-DISC-001""],""status"":""NEW""}",[],"[""but""]","[""LEX-P-DISC-001""]","[""LEX-W-SOC-004"",""LEX-P-ID-001""]","[""P-ID-001""]","[""RF-AFFIRM-IDENTITY"",""RF-NEGATE-IDENTITY""]","[""RF-AGREE-DISAGREE""]","[""DO-IDENTIFY""]","[""DO-AGREE-DISAGREE""]","{""non_frontier_language_must_be_established"":true,""allowed_new_language"":""LEX-P-DISC-001"",""presentation_practice_feedback_evaluation_closed"":true}","[""W-PSY-002"",""P-EPI-001"",""W-SOC-004"",""P-SOC-006""]","[""L185"",""L000""]","[""CHAR-EMMA"",""CHAR-TARO"",""CHAR-ERROL""]","[""LOC-DIRECT-TEACHING""]",,[],Canonical persistent-world event only when chronology_event is non-null; otherwise direct instruction or noncanonical controlled examples.,"[""DIALOGUE"",""COMPARISON""]",PB-O,"[""Wording-changed probe"",""Delayed retrieval probe"",""Composition with established material"",""Cross-domain POINT probe""]","[""C052"",""SYN""]",30,"[""Agreement/disagreement and simple contrast with `but`.""]",Agreement/disagreement and simple contrast with `but`.
L188,Fairness,WORLD_FRONTIER,"[{""world_id"":""W-SOC-007"",""status"":""NEW""}]","{""point_ids"":[""P-CMP-001""],""status"":""EST""}",[],"[""fairness""]","[""LEX-W-SOC-007""]","[""LEX-W-SOC-003"",""LEX-W-SOC-004"",""LEX-P-CMP-001"",""LEX-P-QNT-003"",""LEX-P-ID-001"",""LEX-P-DET-002""]","[""P-CMP-001"",""P-QNT-003"",""P-ID-001"",""P-DET-002""]","[""RF-AFFIRM-IDENTITY"",""RF-NEGATE-IDENTITY""]",[],"[""DO-COMPARE"",""DO-IDENTIFY""]",[],"{""non_frontier_language_must_be_established"":true,""allowed_new_language"":""LEX-W-SOC-007"",""presentation_practice_feedback_evaluation_closed"":true}","[""P-EPI-001"",""W-SOC-004"",""P-SOC-006"",""P-DISC-001""]","[""L049"",""L185"",""L046"",""L066"",""L000"",""L004""]","[""CHAR-EMMA"",""CHAR-TARO"",""CHAR-ERROL""]","[""LOC-DIRECT-TEACHING""]",,[],Canonical persistent-world event only when chronology_event is non-null; otherwise direct instruction or noncanonical controlled examples.,"[""COMPARISON"",""DIALOGUE""]",PB-O,"[""Wording-changed probe"",""Delayed retrieval probe"",""Composition with established material"",""World-concept probe without frontier wording""]","[""V2"",""SYN""]",30,"[""Fairness. Fairness concerns how rules, turns, resources, or reasons apply to participants; it is not reducible in every case to identical outcomes.""]",`more than/less than/equal to/as many as`.
L189,"Rules, laws, advice, permission, prohibition, rights, and responsibilities are distinct normative relations",WORLD_FRONTIER,"[{""world_id"":""W-CIV-001"",""status"":""NEW""}]","{""point_ids"":[""P-ID-001""],""status"":""EST""}",[],"[""rules"",""laws"",""advice"",""permission"",""prohibition"",""rights"",""responsibilities"",""normative""]","[""LEX-W-CIV-001""]","[""LEX-W-SOC-007"",""LEX-P-ID-001"",""LEX-P-DET-002"",""LEX-P-PRON-001"",""LEX-P-TNS-002""]","[""P-ID-001"",""P-DET-002"",""P-PRON-001"",""P-TNS-002""]","[""RF-AFFIRM-IDENTITY"",""RF-NEGATE-IDENTITY""]",[],"[""DO-IDENTIFY""]",[],"{""non_frontier_language_must_be_established"":true,""allowed_new_language"":""LEX-W-CIV-001"",""presentation_practice_feedback_evaluation_closed"":true}","[""W-SOC-004"",""P-SOC-006"",""P-DISC-001"",""W-SOC-007""]","[""L188"",""L000"",""L004"",""L006"",""L016""]","[""CHAR-EMMA"",""CHAR-TARO""]","[""LOC-DIRECT-TEACHING""]",,[],Canonical persistent-world event only when chronology_event is non-null; otherwise direct instruction or noncanonical controlled examples.,"[""COMPARISON"",""ABSTRACT""]",PB-O,"[""Wording-changed probe"",""Delayed retrieval probe"",""Composition with established material"",""World-concept probe without frontier wording""]","[""C047"",""C048"",""C049"",""C148"",""C152""]",30,"[""Rules, laws, advice, permission, prohibition, rights, and responsibilities are distinct normative relations.""]","Identity/self-introduction with copular affirmative/negative: `I am`, `X is/isn't`."
L190,"must/mustn't, have to, prohibitions",POINT_FRONTIER,"[{""world_id"":""W-CIV-001"",""status"":""EST""}]","{""point_ids"":[""P-MOD-003""],""status"":""NEW""}",[],"[""must/mustn't"",""have to""]","[""LEX-P-MOD-003""]","[""LEX-W-CIV-001"",""LEX-P-TNS-002""]","[""P-TNS-002""]",[],[],[],[],"{""non_frontier_language_must_be_established"":true,""allowed_new_language"":""LEX-P-MOD-003"",""presentation_practice_feedback_evaluation_closed"":true}","[""P-SOC-006"",""P-DISC-001"",""W-SOC-007"",""W-CIV-001""]","[""L189"",""L016""]","[""CHAR-EMMA"",""CHAR-TARO""]","[""LOC-GRANS-GARDEN""]",,[],Canonical persistent-world event only when chronology_event is non-null; otherwise direct instruction or noncanonical controlled examples.,"[""SCENE"",""SYMBOLIC""]",PB-O,"[""Wording-changed probe"",""Delayed retrieval probe"",""Composition with established material"",""Cross-domain POINT probe""]","[""C047"",""C049"",""C094"",""C148""]",30,"[""`must/mustn't`, `have to`, prohibitions.""]","`must/mustn't`, `have to`, prohibitions."
L191,Reason exchange: Why? — because,POINT_FRONTIER,"[{""world_id"":""W-SOC-007"",""status"":""EST""}]","{""point_ids"":[""P-CAU-001""],""status"":""NEW""}",[],"[""Why? — because ...""]","[""LEX-P-CAU-001""]","[""LEX-W-SOC-007"",""LEX-P-Q-001""]","[""P-Q-001""]","[""RF-WHO-IDENTITY""]","[""RF-REASON""]","[""DO-IDENTIFY""]","[""DO-EXPLAIN-REASON""]","{""non_frontier_language_must_be_established"":true,""allowed_new_language"":""LEX-P-CAU-001"",""presentation_practice_feedback_evaluation_closed"":true}","[""P-DISC-001"",""W-SOC-007"",""W-CIV-001"",""P-MOD-003""]","[""L188"",""L000""]","[""CHAR-EMMA"",""CHAR-TARO""]","[""LOC-DIRECT-TEACHING""]",,[],Canonical persistent-world event only when chronology_event is non-null; otherwise direct instruction or noncanonical controlled examples.,"[""SCENE"",""SYMBOLIC""]",PB-O,"[""Wording-changed probe"",""Delayed retrieval probe"",""Composition with established material"",""Cross-domain POINT probe""]","[""C050"",""SYN""]",30,"[""Reason exchange: `Why? — because ...`""]",Reason exchange: `Why? — because ...`
L192,result/consequence with so; later leads to/results in,POINT_FRONTIER,"[{""world_id"":""W-ECO-002"",""status"":""EST""}]","{""point_ids"":[""P-CAU-003""],""status"":""NEW""}",[],"[""so"",""leads to/results in""]","[""LEX-P-CAU-003""]","[""LEX-W-ECO-002"",""LEX-P-CAU-001""]","[""P-CAU-001""]","[""RF-REASON""]",[],"[""DO-EXPLAIN-REASON""]","[""DO-EXPLAIN-REASON""]","{""non_frontier_language_must_be_established"":true,""allowed_new_language"":""LEX-P-CAU-003"",""presentation_practice_feedback_evaluation_closed"":true}","[""W-SOC-007"",""W-CIV-001"",""P-MOD-003"",""P-CAU-001""]","[""L087"",""L191""]","[""CHAR-EMMA"",""CHAR-TARO""]","[""LOC-DIRECT-TEACHING""]",,[],Canonical persistent-world event only when chronology_event is non-null; otherwise direct instruction or noncanonical controlled examples.,"[""SCENE"",""SYMBOLIC""]",PB-O,"[""Wording-changed probe"",""Delayed retrieval probe"",""Composition with established material"",""Cross-domain POINT probe""]","[""C051"",""C159"",""C232""]",30,"[""result/consequence with `so`; later `leads to/results in`.""]",result/consequence with `so`; later `leads to/results in`.
L193,general/real when and if,POINT_FRONTIER,"[{""world_id"":""W-PHY-008"",""status"":""EST""}]","{""point_ids"":[""P-COND-001""],""status"":""NEW""}",[],"[""when"",""if...then""]","[""LEX-P-COND-001""]","[""LEX-W-PHY-008"",""LEX-P-CAU-001"",""LEX-P-TNS-002""]","[""P-CAU-001"",""P-TNS-002""]","[""RF-REASON""]",[],"[""DO-EXPLAIN-REASON""]",[],"{""non_frontier_language_must_be_established"":true,""allowed_new_language"":""LEX-P-COND-001"",""presentation_practice_feedback_evaluation_closed"":true}","[""W-CIV-001"",""P-MOD-003"",""P-CAU-001"",""P-CAU-003""]","[""L107"",""L191"",""L016""]","[""CHAR-EMMA"",""CHAR-TARO""]","[""LOC-DIRECT-TEACHING""]",,[],Canonical persistent-world event only when chronology_event is non-null; otherwise direct instruction or noncanonical controlled examples.,"[""SCENE"",""SYMBOLIC""]",PB-O,"[""Wording-changed probe"",""Delayed retrieval probe"",""Composition with established material"",""Cross-domain POINT probe""]","[""C082"",""C091"",""C095""]",30,"[""general/real `when` and `if...then`.""]",general/real `when` and `if...then`.
L194,"explicit causal verbs cause, make, lead to, result in; noun cause with because of/due to",POINT_FRONTIER,"[{""world_id"":""W-PHY-007"",""status"":""EST""}]","{""point_ids"":[""P-CAU-004""],""status"":""NEW""}",[],"[""cause"",""make"",""lead to"",""result in"",""because of/due to""]","[""LEX-P-CAU-004""]","[""LEX-W-PHY-007"",""LEX-P-CAU-001"",""LEX-P-CAU-002"",""LEX-P-CAU-003""]","[""P-CAU-001"",""P-CAU-002"",""P-CAU-003""]","[""RF-REASON""]",[],"[""DO-EXPLAIN-REASON""]","[""DO-EXPLAIN-REASON""]","{""non_frontier_language_must_be_established"":true,""allowed_new_language"":""LEX-P-CAU-004"",""presentation_practice_feedback_evaluation_closed"":true}","[""P-MOD-003"",""P-CAU-001"",""P-CAU-003"",""P-COND-001""]","[""L106"",""L191"",""L100"",""L192""]","[""CHAR-EMMA"",""CHAR-TARO""]","[""LOC-DIRECT-TEACHING""]",,[],Canonical persistent-world event only when chronology_event is non-null; otherwise direct instruction or noncanonical controlled examples.,"[""SCENE"",""SYMBOLIC""]",PB-O,"[""Wording-changed probe"",""Delayed retrieval probe"",""Composition with established material"",""Cross-domain POINT probe""]","[""C090"",""C231"",""C232""]",30,"[""explicit causal verbs `cause`, `make`, `lead to`, `result in`; noun cause with `because of/due to`.""]","explicit causal verbs `cause`, `make`, `lead to`, `result in`; noun cause with `because of/due to`."
L195,appears/seems for appearance vs stronger assertion,POINT_FRONTIER,"[{""world_id"":""W-AST-001"",""status"":""EST""}]","{""point_ids"":[""P-APPEAR-001""],""status"":""NEW""}",[],"[""appears/seems""]","[""LEX-P-APPEAR-001""]","[""LEX-W-AST-001"",""LEX-P-EPI-001""]","[""P-EPI-001""]","[""RF-KNOW-UNKNOWN""]",[],[],[],"{""non_frontier_language_must_be_established"":true,""allowed_new_language"":""LEX-P-APPEAR-001"",""presentation_practice_feedback_evaluation_closed"":true}","[""P-CAU-001"",""P-CAU-003"",""P-COND-001"",""P-CAU-004""]","[""L137"",""L184""]","[""CHAR-EMMA"",""CHAR-TARO""]","[""LOC-DIRECT-TEACHING""]",,[],Canonical persistent-world event only when chronology_event is non-null; otherwise direct instruction or noncanonical controlled examples.,"[""SCENE"",""SYMBOLIC""]",PB-O,"[""Wording-changed probe"",""Delayed retrieval probe"",""Composition with established material"",""Cross-domain POINT probe""]","[""C136""]",30,"[""`appears/seems` for appearance vs stronger assertion.""]",`appears/seems` for appearance vs stronger assertion.
L196,Governments/leaders perform responsibilities and collective functions; details vary by polity,WORLD_FRONTIER,"[{""world_id"":""W-CIV-002"",""status"":""NEW""}]","{""point_ids"":[""P-ID-001""],""status"":""EST""}",[],"[""governments"",""leaders"",""perform"",""responsibilities"",""collective"",""functions"",""details"",""vary""]","[""LEX-W-CIV-002""]","[""LEX-W-CIV-001"",""LEX-P-ID-001"",""LEX-P-DET-002"",""LEX-P-PRON-001"",""LEX-P-TNS-002""]","[""P-ID-001"",""P-DET-002"",""P-PRON-001"",""P-TNS-002""]","[""RF-AFFIRM-IDENTITY"",""RF-NEGATE-IDENTITY""]",[],"[""DO-IDENTIFY""]",[],"{""non_frontier_language_must_be_established"":true,""allowed_new_language"":""LEX-W-CIV-002"",""presentation_practice_feedback_evaluation_closed"":true}","[""P-CAU-003"",""P-COND-001"",""P-CAU-004"",""P-APPEAR-001""]","[""L189"",""L000"",""L004"",""L006"",""L016""]","[""CHAR-EMMA"",""CHAR-TARO""]","[""LOC-DIRECT-TEACHING""]",,[],Canonical persistent-world event only when chronology_event is non-null; otherwise direct instruction or noncanonical controlled examples.,"[""DIAGRAM"",""ABSTRACT""]",DS,"[""Wording-changed probe"",""Delayed retrieval probe"",""Composition with established material"",""World-concept probe without frontier wording""]","[""C149""]",30,"[""Governments/leaders perform responsibilities and collective functions; details vary by polity.""]","Identity/self-introduction with copular affirmative/negative: `I am`, `X is/isn't`."
L197,Groups can make collective choices using procedures such as voting,WORLD_FRONTIER,"[{""world_id"":""W-CIV-003"",""status"":""NEW""}]","{""point_ids"":[""P-ID-001""],""status"":""EST""}",[],"[""groups"",""make"",""collective"",""choices"",""using"",""procedures"",""voting""]","[""LEX-W-CIV-003""]","[""LEX-W-SOC-003"",""LEX-W-SOC-004"",""LEX-P-ID-001"",""LEX-P-DET-002"",""LEX-P-PRON-001"",""LEX-P-TNS-002""]","[""P-ID-001"",""P-DET-002"",""P-PRON-001"",""P-TNS-002""]","[""RF-AFFIRM-IDENTITY"",""RF-NEGATE-IDENTITY""]",[],"[""DO-IDENTIFY""]",[],"{""non_frontier_language_must_be_established"":true,""allowed_new_language"":""LEX-W-CIV-003"",""presentation_practice_feedback_evaluation_closed"":true}","[""P-COND-001"",""P-CAU-004"",""P-APPEAR-001"",""W-CIV-002""]","[""L049"",""L185"",""L000"",""L004"",""L006"",""L016""]","[""CHAR-EMMA"",""CHAR-TARO""]","[""LOC-DIRECT-TEACHING""]",,[],Canonical persistent-world event only when chronology_event is non-null; otherwise direct instruction or noncanonical controlled examples.,"[""DIALOGUE"",""SYMBOLIC""]",PB-O,"[""Wording-changed probe"",""Delayed retrieval probe"",""Composition with established material"",""World-concept probe without frontier wording""]","[""C150"",""C151""]",30,"[""Groups can make collective choices using procedures such as voting.""]","Identity/self-introduction with copular affirmative/negative: `I am`, `X is/isn't`."
L198,correlative choices either,POINT_FRONTIER,"[{""world_id"":""W-CIV-003"",""status"":""EST""}]","{""point_ids"":[""P-CHOICE-001""],""status"":""NEW""}",[],"[""either...or"",""neither...nor""]","[""LEX-P-CHOICE-001""]","[""LEX-W-CIV-003"",""LEX-P-Q-002""]","[""P-Q-002""]","[""RF-OR-IDENTITY""]",[],"[""DO-IDENTIFY""]",[],"{""non_frontier_language_must_be_established"":true,""allowed_new_language"":""LEX-P-CHOICE-001"",""presentation_practice_feedback_evaluation_closed"":true}","[""P-CAU-004"",""P-APPEAR-001"",""W-CIV-002"",""W-CIV-003""]","[""L197"",""L000""]","[""CHAR-EMMA"",""CHAR-TARO""]","[""LOC-DIRECT-TEACHING""]",,[],Canonical persistent-world event only when chronology_event is non-null; otherwise direct instruction or noncanonical controlled examples.,"[""SCENE"",""SYMBOLIC""]",PB-O,"[""Wording-changed probe"",""Delayed retrieval probe"",""Composition with established material"",""Cross-domain POINT probe""]","[""C150"",""C214"",""C215""]",30,"[""correlative choices `either...or`, `neither...nor`.""]","correlative choices `either...or`, `neither...nor`."
L199,Source vs content,WORLD_FRONTIER,"[{""world_id"":""W-EPI-003"",""status"":""NEW""}]","{""point_ids"":[""P-EPI-001""],""status"":""EST""}",[],"[""source"",""content""]","[""LEX-W-EPI-003""]","[""LEX-W-COM-001"",""LEX-W-EPI-001"",""LEX-P-EPI-001"",""LEX-P-COM-001"",""LEX-P-PRON-001"",""LEX-P-ID-001""]","[""P-EPI-001"",""P-COM-001"",""P-PRON-001"",""P-ID-001""]","[""RF-KNOW-UNKNOWN"",""RF-AFFIRM-IDENTITY"",""RF-NEGATE-IDENTITY""]",[],"[""DO-IDENTIFY""]",[],"{""non_frontier_language_must_be_established"":true,""allowed_new_language"":""LEX-W-EPI-003"",""presentation_practice_feedback_evaluation_closed"":true}","[""P-APPEAR-001"",""W-CIV-002"",""W-CIV-003"",""P-CHOICE-001""]","[""L029"",""L180"",""L184"",""L030"",""L006"",""L000""]","[""CHAR-EMMA"",""CHAR-TARO"",""CHAR-ERROL""]","[""LOC-DIRECT-TEACHING""]",,[],Canonical persistent-world event only when chronology_event is non-null; otherwise direct instruction or noncanonical controlled examples.,"[""DIALOGUE"",""DIAGRAM""]",PB-O,"[""Wording-changed probe"",""Delayed retrieval probe"",""Composition with established material"",""World-concept probe without frontier wording""]","[""C167"",""C183"",""C238"",""SYN""]",30,"[""Source vs content. Who supplied a statement and what the statement says are different pieces of information.""]",`know/don't know`; knowledge questions.
L200,"Books, reports, news, and references are information sources with provenance",WORLD_FRONTIER,"[{""world_id"":""W-EPI-005"",""status"":""NEW""}]","{""point_ids"":[""P-COM-001""],""status"":""EST""}",[],"[""books"",""reports"",""news"",""references"",""information"",""sources"",""provenance""]","[""LEX-W-EPI-005""]","[""LEX-W-EPI-003"",""LEX-P-COM-001"",""LEX-P-REP-001"",""LEX-P-TNS-002"",""LEX-P-ID-001""]","[""P-COM-001"",""P-REP-001"",""P-TNS-002"",""P-ID-001""]","[""RF-AFFIRM-IDENTITY"",""RF-NEGATE-IDENTITY""]",[],"[""DO-IDENTIFY""]",[],"{""non_frontier_language_must_be_established"":true,""allowed_new_language"":""LEX-W-EPI-005"",""presentation_practice_feedback_evaluation_closed"":true}","[""W-CIV-002"",""W-CIV-003"",""P-CHOICE-001"",""W-EPI-003""]","[""L199"",""L030"",""L028"",""L016"",""L000""]","[""CHAR-EMMA"",""CHAR-TARO"",""CHAR-ERROL""]","[""LOC-DIRECT-TEACHING""]",,[],Canonical persistent-world event only when chronology_event is non-null; otherwise direct instruction or noncanonical controlled examples.,"[""SYMBOLIC""]",DS,"[""Wording-changed probe"",""Delayed retrieval probe"",""Composition with established material"",""World-concept probe without frontier wording""]","[""C167""]",30,"[""Books, reports, news, and references are information sources with provenance.""]","Transfer roles: `send X to Y`, `receive X from Y`."
L201,Copying data and moving data are different operations; sameness of information need not imply sameness of physical instance,WORLD_FRONTIER,"[{""world_id"":""W-ONT-003"",""status"":""NEW""}]","{""point_ids"":[""P-COMP-001""],""status"":""EST""}",[],"[""copying"",""data"",""moving"",""operations"",""sameness"",""information"",""need""]","[""LEX-W-ONT-003""]","[""LEX-W-ONT-002"",""LEX-W-COMP-002"",""LEX-P-COMP-001"",""LEX-P-DISC-001"",""LEX-P-ID-001"",""LEX-P-DET-002""]","[""P-COMP-001"",""P-DISC-001"",""P-ID-001"",""P-DET-002""]","[""RF-AGREE-DISAGREE"",""RF-AFFIRM-IDENTITY"",""RF-NEGATE-IDENTITY""]",[],"[""DO-AGREE-DISAGREE"",""DO-IDENTIFY""]",[],"{""non_frontier_language_must_be_established"":true,""allowed_new_language"":""LEX-W-ONT-003"",""presentation_practice_feedback_evaluation_closed"":true}","[""W-CIV-003"",""P-CHOICE-001"",""W-EPI-003"",""W-EPI-005""]","[""L031"",""L160"",""L162"",""L187"",""L000"",""L004""]","[""CHAR-EMMA"",""CHAR-TARO""]","[""LOC-DIRECT-TEACHING""]",,[],Canonical persistent-world event only when chronology_event is non-null; otherwise direct instruction or noncanonical controlled examples.,"[""DIAGRAM"",""COMPARISON""]",PB-O,"[""Wording-changed probe"",""Delayed retrieval probe"",""Composition with established material"",""World-concept probe without frontier wording""]","[""SYN""]",30,"[""Copying data and moving data are different operations; sameness of information need not imply sameness of physical instance.""]","computation/system frames: `takes X and produces Y`, `stored in/on`, `connected to/through`."
L202,Looking for information and successfully finding it are different events,WORLD_FRONTIER,"[{""world_id"":""W-COMP-006"",""status"":""NEW""}]","{""point_ids"":[""P-ID-001""],""status"":""EST""}",[],"[""looking"",""information"",""successfully"",""finding"",""it"",""events""]","[""LEX-W-COMP-006""]","[""LEX-W-EPI-005"",""LEX-P-ID-001"",""LEX-P-DET-002"",""LEX-P-PRON-001"",""LEX-P-TNS-002""]","[""P-ID-001"",""P-DET-002"",""P-PRON-001"",""P-TNS-002""]","[""RF-AFFIRM-IDENTITY"",""RF-NEGATE-IDENTITY""]",[],"[""DO-IDENTIFY""]",[],"{""non_frontier_language_must_be_established"":true,""allowed_new_language"":""LEX-W-COMP-006"",""presentation_practice_feedback_evaluation_closed"":true}","[""P-CHOICE-001"",""W-EPI-003"",""W-EPI-005"",""W-ONT-003""]","[""L200"",""L000"",""L004"",""L006"",""L016""]","[""CHAR-EMMA"",""CHAR-TARO""]","[""LOC-NONCANONICAL-DIAGRAM""]",,[],Canonical persistent-world event only when chronology_event is non-null; otherwise direct instruction or noncanonical controlled examples.,"[""SYMBOLIC""]",DS,"[""Wording-changed probe"",""Delayed retrieval probe"",""Composition with established material"",""World-concept probe without frontier wording""]","[""C171""]",30,"[""Looking for information and successfully finding it are different events.""]","Identity/self-introduction with copular affirmative/negative: `I am`, `X is/isn't`."
L203,look for vs find,POINT_FRONTIER,"[{""world_id"":""W-COMP-006"",""status"":""EST""}]","{""point_ids"":[""P-SEARCH-001""],""status"":""NEW""}",[],"[""look for"",""find""]","[""LEX-P-SEARCH-001""]","[""LEX-W-COMP-006"",""LEX-P-COMP-001""]","[""P-COMP-001""]",[],[],[],[],"{""non_frontier_language_must_be_established"":true,""allowed_new_language"":""LEX-P-SEARCH-001"",""presentation_practice_feedback_evaluation_closed"":true}","[""W-EPI-003"",""W-EPI-005"",""W-ONT-003"",""W-COMP-006""]","[""L202"",""L162""]","[""CHAR-EMMA"",""CHAR-TARO""]","[""LOC-DIRECT-TEACHING""]",,[],Canonical persistent-world event only when chronology_event is non-null; otherwise direct instruction or noncanonical controlled examples.,"[""SCENE"",""SYMBOLIC""]",PB-O,"[""Wording-changed probe"",""Delayed retrieval probe"",""Composition with established material"",""Cross-domain POINT probe""]","[""C171""]",30,"[""`look for` vs `find`.""]",`look for` vs `find`.
L204,branching if,POINT_FRONTIER,"[{""world_id"":""W-COMP-007"",""status"":""EST""}]","{""point_ids"":[""P-COND-002""],""status"":""NEW""}",[],"[""if...else/otherwise"",""if X doesn't..."",""try...""]","[""LEX-P-COND-002""]","[""LEX-W-COMP-007"",""LEX-P-COND-001"",""LEX-P-NEG-001""]","[""P-COND-001"",""P-NEG-001""]",[],[],[],[],"{""non_frontier_language_must_be_established"":true,""allowed_new_language"":""LEX-P-COND-002"",""presentation_practice_feedback_evaluation_closed"":true}","[""W-EPI-005"",""W-ONT-003"",""W-COMP-006"",""P-SEARCH-001""]","[""L165"",""L193"",""L017""]","[""CHAR-EMMA"",""CHAR-TARO""]","[""LOC-NONCANONICAL-DIAGRAM""]",,[],Canonical persistent-world event only when chronology_event is non-null; otherwise direct instruction or noncanonical controlled examples.,"[""SCENE"",""SYMBOLIC""]",PB-O,"[""Wording-changed probe"",""Delayed retrieval probe"",""Composition with established material"",""Cross-domain POINT probe""]","[""C172"",""C177""]",30,"[""branching `if...else/otherwise`; troubleshooting `if X doesn't..., try...`.""]","branching `if...else/otherwise`; troubleshooting `if X doesn't..., try...`."
L205,Authentication/access/privacy concern who is allowed to access information or systems,WORLD_FRONTIER,"[{""world_id"":""W-SEC-001"",""status"":""NEW""}]","{""point_ids"":[""P-ID-001""],""status"":""EST""}",[],"[""authentication"",""access"",""privacy"",""concern"",""allowed"",""information"",""systems""]","[""LEX-W-SEC-001""]","[""LEX-W-COMP-002"",""LEX-W-COMP-003"",""LEX-W-CIV-001"",""LEX-P-ID-001"",""LEX-P-DET-002"",""LEX-P-PRON-001"",""LEX-P-TNS-002""]","[""P-ID-001"",""P-DET-002"",""P-PRON-001"",""P-TNS-002""]","[""RF-AFFIRM-IDENTITY"",""RF-NEGATE-IDENTITY""]",[],"[""DO-IDENTIFY""]",[],"{""non_frontier_language_must_be_established"":true,""allowed_new_language"":""LEX-W-SEC-001"",""presentation_practice_feedback_evaluation_closed"":true}","[""W-ONT-003"",""W-COMP-006"",""P-SEARCH-001"",""P-COND-002""]","[""L160"",""L161"",""L189"",""L000"",""L004"",""L006"",""L016""]","[""CHAR-EMMA"",""CHAR-TARO""]","[""LOC-NONCANONICAL-DIAGRAM""]",,[],Canonical persistent-world event only when chronology_event is non-null; otherwise direct instruction or noncanonical controlled examples.,"[""SYMBOLIC"",""ABSTRACT""]",DS,"[""Wording-changed probe"",""Delayed retrieval probe"",""Composition with established material"",""World-concept probe without frontier wording""]","[""C176""]",30,"[""Authentication/access/privacy concern who is allowed to access information or systems.""]","Identity/self-introduction with copular affirmative/negative: `I am`, `X is/isn't`."
L206,"computing, data, and network transfer",TRANSFER,"[{""world_id"":""W-CIV-002"",""status"":""XFER""},{""world_id"":""W-CIV-003"",""status"":""XFER""},{""world_id"":""W-EPI-003"",""status"":""XFER""},{""world_id"":""W-EPI-005"",""status"":""XFER""},{""world_id"":""W-ONT-003"",""status"":""XFER""},{""world_id"":""W-COMP-006"",""status"":""XFER""}]","{""point_ids"":[""P-CHOICE-001"",""P-SEARCH-001"",""P-COND-002""],""status"":""XFER""}",[],[],[],"[""LEX-W-CIV-002"",""LEX-W-CIV-003"",""LEX-P-CHOICE-001"",""LEX-W-EPI-003"",""LEX-W-EPI-005"",""LEX-W-ONT-003"",""LEX-W-COMP-006"",""LEX-P-SEARCH-001"",""LEX-P-COND-002"",""LEX-W-SEC-001""]","[""P-CHOICE-001"",""P-SEARCH-001"",""P-COND-002""]",[],[],[],[],"{""non_frontier_language_must_be_established"":true,""allowed_new_language"":""NONE"",""presentation_practice_feedback_evaluation_closed"":true}","[""W-CIV-002"",""W-CIV-003"",""P-CHOICE-001"",""W-EPI-003"",""W-EPI-005"",""W-ONT-003"",""W-COMP-006"",""P-SEARCH-001"",""P-COND-002"",""W-SEC-001""]","[""L196"",""L197"",""L198"",""L199"",""L200"",""L201"",""L202"",""L203"",""L204"",""L205""]","[""CHAR-EMMA"",""CHAR-TARO"",""CHAR-ERROL""]","[""LOC-MEADOW-PATH"",""LOC-POND"",""LOC-OAK"",""LOC-SCHOOL""]",,[],Noncanonical transfer and retrieval task; no new persistent event.,"[""COMPARISON"",""DIALOGUE"",""DIAGRAM""]",DS,"[""Far transfer"",""Delayed retrieval"",""Multi-item composition"",""No frontier leakage""]","[""C149"",""C150"",""C151"",""C214"",""C215"",""C167"",""C183"",""C238"",""SYN"",""C171"",""C172"",""C177"",""C176""]",30,"[""Recombine already acquired WORLD and POINT material in a new context.""]",No new POINT; established operators are retrieved and composed.
L207,prevent/keep X from -ing,POINT_FRONTIER,"[{""world_id"":""W-SEC-001"",""status"":""EST""}]","{""point_ids"":[""P-PREVENT-001""],""status"":""NEW""}",[],"[""prevent/keep X from -ing""]","[""LEX-P-PREVENT-001""]","[""LEX-W-SEC-001"",""LEX-P-CAU-004""]","[""P-CAU-004""]",[],[],"[""DO-EXPLAIN-REASON""]",[],"{""non_frontier_language_must_be_established"":true,""allowed_new_language"":""LEX-P-PREVENT-001"",""presentation_practice_feedback_evaluation_closed"":true}","[""W-COMP-006"",""P-SEARCH-001"",""P-COND-002"",""W-SEC-001""]","[""L205"",""L194""]","[""CHAR-EMMA"",""CHAR-TARO""]","[""LOC-DIRECT-TEACHING""]",,[],Canonical persistent-world event only when chronology_event is non-null; otherwise direct instruction or noncanonical controlled examples.,"[""SCENE"",""SYMBOLIC""]",PB-O,"[""Wording-changed probe"",""Delayed retrieval probe"",""Composition with established material"",""Cross-domain POINT probe""]","[""C176""]",30,"[""`prevent/keep X from -ing`.""]",`prevent/keep X from -ing`.
L208,Interface or device replacement need not by itself define identity or continuity; metaphysical conclusions remain explicitly out of scope,WORLD_FRONTIER,"[{""world_id"":""W-ONT-004"",""status"":""NEW""}]","{""point_ids"":[""P-COMP-001""],""status"":""EST""}",[],"[""interface"",""device"",""replacement"",""need"",""itself"",""define"",""identity"",""continuity""]","[""LEX-W-ONT-004""]","[""LEX-W-ONT-001"",""LEX-W-ONT-002"",""LEX-W-ONT-003"",""LEX-W-REP-001"",""LEX-P-COMP-001"",""LEX-P-EPI-001"",""LEX-P-DISC-001"",""LEX-P-ID-001""]","[""P-COMP-001"",""P-EPI-001"",""P-DISC-001"",""P-ID-001""]","[""RF-KNOW-UNKNOWN"",""RF-AGREE-DISAGREE"",""RF-AFFIRM-IDENTITY"",""RF-NEGATE-IDENTITY""]",[],"[""DO-AGREE-DISAGREE"",""DO-IDENTIFY""]",[],"{""non_frontier_language_must_be_established"":true,""allowed_new_language"":""LEX-W-ONT-004"",""presentation_practice_feedback_evaluation_closed"":true}","[""P-SEARCH-001"",""P-COND-002"",""W-SEC-001"",""P-PREVENT-001""]","[""L001"",""L031"",""L201"",""L027"",""L162"",""L184"",""L187"",""L000""]","[""CHAR-EMMA"",""CHAR-TARO""]","[""LOC-DIRECT-TEACHING""]",,[],Canonical persistent-world event only when chronology_event is non-null; otherwise direct instruction or noncanonical controlled examples.,"[""ABSTRACT"",""DIAGRAM""]",DS,"[""Wording-changed probe"",""Delayed retrieval probe"",""Composition with established material"",""World-concept probe without frontier wording""]","[""V2"",""SYN""]",30,"[""Interface or device replacement need not by itself define identity or continuity; metaphysical conclusions remain explicitly out of scope.""]","computation/system frames: `takes X and produces Y`, `stored in/on`, `connected to/through`."
L209,Source-report frames with say/tell,POINT_FRONTIER,"[{""world_id"":""W-EPI-003"",""status"":""EST""}]","{""point_ids"":[""P-COM-002""],""status"":""NEW""}",[],"[""say/tell""]","[""LEX-P-COM-002""]","[""LEX-W-EPI-003"",""LEX-P-COM-001"",""LEX-P-ID-001""]","[""P-COM-001"",""P-ID-001""]","[""RF-AFFIRM-IDENTITY"",""RF-NEGATE-IDENTITY""]",[],"[""DO-IDENTIFY""]","[""DO-ATTRIBUTE-SOURCE""]","{""non_frontier_language_must_be_established"":true,""allowed_new_language"":""LEX-P-COM-002"",""presentation_practice_feedback_evaluation_closed"":true}","[""P-COND-002"",""W-SEC-001"",""P-PREVENT-001"",""W-ONT-004""]","[""L199"",""L030"",""L000""]","[""CHAR-EMMA"",""CHAR-TARO""]","[""LOC-DIRECT-TEACHING""]",,[],Canonical persistent-world event only when chronology_event is non-null; otherwise direct instruction or noncanonical controlled examples.,"[""SCENE"",""SYMBOLIC""]",PB-O,"[""Wording-changed probe"",""Delayed retrieval probe"",""Composition with established material"",""Cross-domain POINT probe""]","[""C183""]",30,"[""Source-report frames with `say/tell`.""]",Source-report frames with `say/tell`.
L210,tell/instruct X to + verb,POINT_FRONTIER,"[{""world_id"":""W-COMP-008"",""status"":""EST""}]","{""point_ids"":[""P-INSTR-001""],""status"":""NEW""}",[],"[""tell/instruct X to + verb""]","[""LEX-P-INSTR-001""]","[""LEX-W-COMP-008"",""LEX-P-IMP-001"",""LEX-P-COM-002""]","[""P-IMP-001"",""P-COM-002""]",[],[],"[""DO-ATTRIBUTE-SOURCE""]",[],"{""non_frontier_language_must_be_established"":true,""allowed_new_language"":""LEX-P-INSTR-001"",""presentation_practice_feedback_evaluation_closed"":true}","[""W-SEC-001"",""P-PREVENT-001"",""W-ONT-004"",""P-COM-002""]","[""L166"",""L022"",""L209""]","[""CHAR-EMMA"",""CHAR-TARO""]","[""LOC-DIRECT-TEACHING""]",,[],Canonical persistent-world event only when chronology_event is non-null; otherwise direct instruction or noncanonical controlled examples.,"[""SCENE"",""SYMBOLIC""]",PB-O,"[""Wording-changed probe"",""Delayed retrieval probe"",""Composition with established material"",""Cross-domain POINT probe""]","[""C173""]",30,"[""`tell/instruct X to + verb`.""]",`tell/instruct X to + verb`.
L211,direct speech vs reported say/tell,POINT_FRONTIER,"[{""world_id"":""W-LIT-002"",""status"":""EST""}]","{""point_ids"":[""P-REPORT-001""],""status"":""NEW""}",[],"[""say/tell""]","[""LEX-P-REPORT-001""]","[""LEX-W-LIT-002"",""LEX-P-COM-002"",""LEX-P-TNS-003""]","[""P-COM-002"",""P-TNS-003""]",[],[],"[""DO-ATTRIBUTE-SOURCE""]",[],"{""non_frontier_language_must_be_established"":true,""allowed_new_language"":""LEX-P-REPORT-001"",""presentation_practice_feedback_evaluation_closed"":true}","[""P-PREVENT-001"",""W-ONT-004"",""P-COM-002"",""P-INSTR-001""]","[""L174"",""L209"",""L082""]","[""CHAR-EMMA"",""CHAR-TARO""]","[""LOC-DIRECT-TEACHING""]",,[],Canonical persistent-world event only when chronology_event is non-null; otherwise direct instruction or noncanonical controlled examples.,"[""SCENE"",""SYMBOLIC""]",PB-O,"[""Wording-changed probe"",""Delayed retrieval probe"",""Composition with established material"",""Cross-domain POINT probe""]","[""C183""]",30,"[""direct speech vs reported `say/tell`.""]",direct speech vs reported `say/tell`.
L212,"Fiction/nonfiction is a relation between text and intended representation/claims, not simply “interesting vs boring",WORLD_FRONTIER,"[{""world_id"":""W-LIT-003"",""status"":""NEW""}]","{""point_ids"":[""P-ID-001""],""status"":""EST""}",[],"[""interesting vs boring.""]","[""LEX-W-LIT-003""]","[""LEX-W-REP-001"",""LEX-W-EPI-003"",""LEX-P-ID-001"",""LEX-P-DET-002"",""LEX-P-PRON-001""]","[""P-ID-001"",""P-DET-002"",""P-PRON-001""]","[""RF-AFFIRM-IDENTITY"",""RF-NEGATE-IDENTITY""]",[],"[""DO-IDENTIFY""]",[],"{""non_frontier_language_must_be_established"":true,""allowed_new_language"":""LEX-W-LIT-003"",""presentation_practice_feedback_evaluation_closed"":true}","[""W-ONT-004"",""P-COM-002"",""P-INSTR-001"",""P-REPORT-001""]","[""L027"",""L199"",""L000"",""L004"",""L006""]","[""CHAR-EMMA"",""CHAR-TARO""]","[""LOC-DIRECT-TEACHING""]",,[],Canonical persistent-world event only when chronology_event is non-null; otherwise direct instruction or noncanonical controlled examples.,"[""COMPARISON""]",PB-O,"[""Wording-changed probe"",""Delayed retrieval probe"",""Composition with established material"",""World-concept probe without frontier wording""]","[""C184""]",30,"[""Fiction/nonfiction is a relation between text and intended representation/claims, not simply “interesting vs boring.”""]","Identity/self-introduction with copular affirmative/negative: `I am`, `X is/isn't`."
L213,real/imaginary/about,POINT_FRONTIER,"[{""world_id"":""W-LIT-003"",""status"":""EST""}]","{""point_ids"":[""P-REAL-001""],""status"":""NEW""}",[],"[""real/imaginary/about""]","[""LEX-P-REAL-001""]","[""LEX-W-LIT-003"",""LEX-P-REP-001""]","[""P-REP-001""]",[],[],[],[],"{""non_frontier_language_must_be_established"":true,""allowed_new_language"":""LEX-P-REAL-001"",""presentation_practice_feedback_evaluation_closed"":true}","[""P-COM-002"",""P-INSTR-001"",""P-REPORT-001"",""W-LIT-003""]","[""L212"",""L028""]","[""CHAR-EMMA"",""CHAR-TARO""]","[""LOC-DIRECT-TEACHING""]",,[],Canonical persistent-world event only when chronology_event is non-null; otherwise direct instruction or noncanonical controlled examples.,"[""SCENE"",""SYMBOLIC""]",PB-O,"[""Wording-changed probe"",""Delayed retrieval probe"",""Composition with established material"",""Cross-domain POINT probe""]","[""C184""]",30,"[""`real/imaginary/about`.""]",`real/imaginary/about`.
L214,Beliefs/worldviews are attributed to people or traditions; differing beliefs can be represented without curricular endorsement,WORLD_FRONTIER,"[{""world_id"":""W-CUL-003"",""status"":""NEW""}]","{""point_ids"":[""P-ID-001""],""status"":""EST""}",[],"[""beliefs"",""worldviews"",""attributed"",""people"",""traditions"",""differing"",""represented""]","[""LEX-W-CUL-003""]","[""LEX-W-EPI-001"",""LEX-W-SOC-004"",""LEX-P-ID-001"",""LEX-P-DET-002"",""LEX-P-PRON-001"",""LEX-P-CAU-001""]","[""P-ID-001"",""P-DET-002"",""P-PRON-001"",""P-CAU-001""]","[""RF-AFFIRM-IDENTITY"",""RF-NEGATE-IDENTITY"",""RF-REASON""]",[],"[""DO-IDENTIFY"",""DO-EXPLAIN-REASON""]",[],"{""non_frontier_language_must_be_established"":true,""allowed_new_language"":""LEX-W-CUL-003"",""presentation_practice_feedback_evaluation_closed"":true}","[""P-INSTR-001"",""P-REPORT-001"",""W-LIT-003"",""P-REAL-001""]","[""L180"",""L185"",""L000"",""L004"",""L006"",""L191""]","[""CHAR-EMMA"",""CHAR-TARO""]","[""LOC-DIRECT-TEACHING""]",,[],Canonical persistent-world event only when chronology_event is non-null; otherwise direct instruction or noncanonical controlled examples.,"[""DIALOGUE"",""ABSTRACT""]",PB-O,"[""Wording-changed probe"",""Delayed retrieval probe"",""Composition with established material"",""World-concept probe without frontier wording""]","[""C190""]",30,"[""Beliefs/worldviews are attributed to people or traditions; differing beliefs can be represented without curricular endorsement.""]","Identity/self-introduction with copular affirmative/negative: `I am`, `X is/isn't`."
L215,viewpoint attribution some people believe,POINT_FRONTIER,"[{""world_id"":""W-CUL-003"",""status"":""EST""}]","{""point_ids"":[""P-BELIEF-001""],""status"":""NEW""}",[],"[""some people believe..."",""others...""]","[""LEX-P-BELIEF-001""]","[""LEX-W-CUL-003"",""LEX-P-EPI-001"",""LEX-P-QNT-004""]","[""P-EPI-001"",""P-QNT-004""]","[""RF-KNOW-UNKNOWN""]",[],[],[],"{""non_frontier_language_must_be_established"":true,""allowed_new_language"":""LEX-P-BELIEF-001"",""presentation_practice_feedback_evaluation_closed"":true}","[""P-REPORT-001"",""W-LIT-003"",""P-REAL-001"",""W-CUL-003""]","[""L214"",""L184"",""L105""]","[""CHAR-EMMA"",""CHAR-TARO""]","[""LOC-DIRECT-TEACHING""]",,[],Canonical persistent-world event only when chronology_event is non-null; otherwise direct instruction or noncanonical controlled examples.,"[""SCENE"",""SYMBOLIC""]",PB-O,"[""Wording-changed probe"",""Delayed retrieval probe"",""Composition with established material"",""Cross-domain POINT probe""]","[""C190""]",30,"[""viewpoint attribution `some people believe...; others...`.""]",viewpoint attribution `some people believe...; others...`.
L216,"Appropriate expression can vary by partner, setting, purpose, and degree of formality",WORLD_FRONTIER,"[{""world_id"":""W-REG-001"",""status"":""NEW""}]","{""point_ids"":[""P-ID-001""],""status"":""EST""}",[],"[""appropriate"",""expression"",""vary"",""partner"",""setting"",""purpose"",""degree"",""formality""]","[""LEX-W-REG-001""]","[""LEX-W-SOC-001"",""LEX-W-SOC-002"",""LEX-W-SOC-003"",""LEX-W-SOC-004"",""LEX-P-ID-001"",""LEX-P-DET-002"",""LEX-P-PRON-001""]","[""P-ID-001"",""P-DET-002"",""P-PRON-001""]","[""RF-AFFIRM-IDENTITY"",""RF-NEGATE-IDENTITY""]",[],"[""DO-IDENTIFY""]",[],"{""non_frontier_language_must_be_established"":true,""allowed_new_language"":""LEX-W-REG-001"",""presentation_practice_feedback_evaluation_closed"":true}","[""W-LIT-003"",""P-REAL-001"",""W-CUL-003"",""P-BELIEF-001""]","[""L047"",""L033"",""L049"",""L185"",""L000"",""L004"",""L006""]","[""CHAR-EMMA"",""CHAR-TARO""]","[""LOC-DIRECT-TEACHING""]",,[],Canonical persistent-world event only when chronology_event is non-null; otherwise direct instruction or noncanonical controlled examples.,"[""DIALOGUE""]",PB-O,"[""Wording-changed probe"",""Delayed retrieval probe"",""Composition with established material"",""World-concept probe without frontier wording""]","[""C192""]",30,"[""Appropriate expression can vary by partner, setting, purpose, and degree of formality.""]","Identity/self-introduction with copular affirmative/negative: `I am`, `X is/isn't`."
L217,formal/informal register adaptation,POINT_FRONTIER,"[{""world_id"":""W-REG-001"",""status"":""EST""}]","{""point_ids"":[""P-REG-001""],""status"":""NEW""}",[],"[""formal"",""informal"",""register"",""adaptation""]","[""LEX-P-REG-001""]","[""LEX-W-REG-001"",""LEX-P-SOC-001"",""LEX-P-SOC-002"",""LEX-P-SOC-003"",""LEX-P-SOC-004"",""LEX-P-SOC-005"",""LEX-P-SOC-006"",""LEX-P-SOC-009"",""LEX-P-SOC-010""]","[""P-SOC-001"",""P-SOC-002"",""P-SOC-003"",""P-SOC-004"",""P-SOC-005"",""P-SOC-006"",""P-SOC-009"",""P-SOC-010""]","[""RF-GREETING"",""RF-MEETING-RECIPROCITY"",""RF-CLARIFICATION"",""RF-POLITE-REQUEST"",""RF-THANKS"",""RF-FAREWELL""]",[],"[""DO-GREET"",""DO-INTRODUCE"",""DO-REPAIR"",""DO-REQUEST""]","[""DO-ADAPT-REGISTER""]","{""non_frontier_language_must_be_established"":true,""allowed_new_language"":""LEX-P-REG-001"",""presentation_practice_feedback_evaluation_closed"":true}","[""P-REAL-001"",""W-CUL-003"",""P-BELIEF-001"",""W-REG-001""]","[""L216"",""L000"",""L048"",""L034"",""L050"",""L186"",""L051"",""L052""]","[""CHAR-EMMA"",""CHAR-TARO""]","[""LOC-DIRECT-TEACHING""]",,[],Canonical persistent-world event only when chronology_event is non-null; otherwise direct instruction or noncanonical controlled examples.,"[""DIALOGUE"",""COMPARISON""]",PB-O,"[""Wording-changed probe"",""Delayed retrieval probe"",""Composition with established material"",""Cross-domain POINT probe""]","[""C192""]",30,"[""formal/informal register adaptation.""]",formal/informal register adaptation.
L218,Belief correction,WORLD_FRONTIER,"[{""world_id"":""W-EPI-002"",""status"":""NEW""}]","{""point_ids"":[""P-EPI-001""],""status"":""EST""}",[],"[""belief"",""correction""]","[""LEX-W-EPI-002""]","[""LEX-W-EPI-001"",""LEX-P-EPI-001"",""LEX-P-TNS-003"",""LEX-P-TIME-001"",""LEX-P-ID-001""]","[""P-EPI-001"",""P-TNS-003"",""P-TIME-001"",""P-ID-001""]","[""RF-KNOW-UNKNOWN"",""RF-AFFIRM-IDENTITY"",""RF-NEGATE-IDENTITY""]",[],"[""DO-SEQUENCE"",""DO-IDENTIFY""]",[],"{""non_frontier_language_must_be_established"":true,""allowed_new_language"":""LEX-W-EPI-002"",""presentation_practice_feedback_evaluation_closed"":true}","[""W-CUL-003"",""P-BELIEF-001"",""W-REG-001"",""P-REG-001""]","[""L180"",""L184"",""L082"",""L078"",""L000""]","[""CHAR-EMMA"",""CHAR-TARO"",""CHAR-ERROL""]","[""LOC-DIRECT-TEACHING""]",,[],Canonical persistent-world event only when chronology_event is non-null; otherwise direct instruction or noncanonical controlled examples.,"[""SEQUENCE"",""DIALOGUE""]",PB-O,"[""Wording-changed probe"",""Delayed retrieval probe"",""Composition with established material"",""World-concept probe without frontier wording""]","[""C193"",""C239"",""SYN""]",30,"[""Belief correction. An earlier belief or statement can be wrong and later corrected without changing the speaker's identity.""]",`know/don't know`; knowledge questions.
L219,present perfect and later past perfect,POINT_FRONTIER,"[{""world_id"":""W-HIS-002"",""status"":""EST""}]","{""point_ids"":[""P-PERF-001""],""status"":""NEW""}",[],"[""present"",""perfect"",""past""]","[""LEX-P-PERF-001""]","[""LEX-W-HIS-002"",""LEX-P-TNS-003"",""LEX-P-CHANGE-002""]","[""P-TNS-003"",""P-CHANGE-002""]",[],[],[],[],"{""non_frontier_language_must_be_established"":true,""allowed_new_language"":""LEX-P-PERF-001"",""presentation_practice_feedback_evaluation_closed"":true}","[""P-BELIEF-001"",""W-REG-001"",""P-REG-001"",""W-EPI-002""]","[""L154"",""L082"",""L155""]","[""CHAR-EMMA"",""CHAR-TARO""]","[""LOC-DIRECT-TEACHING""]",,[],Canonical persistent-world event only when chronology_event is non-null; otherwise direct instruction or noncanonical controlled examples.,"[""SCENE"",""SYMBOLIC""]",PB-O,"[""Wording-changed probe"",""Delayed retrieval probe"",""Composition with established material"",""Cross-domain POINT probe""]","[""C212"",""C219""]",30,"[""present perfect and later past perfect.""]",present perfect and later past perfect.
L220,gerunds as noun-like activity expressions,POINT_FRONTIER,"[{""world_id"":""W-EVT-001"",""status"":""EST""}]","{""point_ids"":[""P-GER-001""],""status"":""NEW""}",[],"[""gerunds"",""noun-like"",""activity"",""expressions""]","[""LEX-P-GER-001""]","[""LEX-W-EVT-001"",""LEX-P-ASP-001""]","[""P-ASP-001""]",[],[],[],[],"{""non_frontier_language_must_be_established"":true,""allowed_new_language"":""LEX-P-GER-001"",""presentation_practice_feedback_evaluation_closed"":true}","[""W-REG-001"",""P-REG-001"",""W-EPI-002"",""P-PERF-001""]","[""L014"",""L015""]","[""CHAR-EMMA"",""CHAR-TARO""]","[""LOC-DIRECT-TEACHING""]",,[],Canonical persistent-world event only when chronology_event is non-null; otherwise direct instruction or noncanonical controlled examples.,"[""SCENE"",""SYMBOLIC""]",PB-O,"[""Wording-changed probe"",""Delayed retrieval probe"",""Composition with established material"",""Cross-domain POINT probe""]","[""C216""]",30,"[""gerunds as noun-like activity expressions.""]",gerunds as noun-like activity expressions.
L221,participial modifiers,POINT_FRONTIER,"[{""world_id"":""W-MAT-004"",""status"":""EST""}]","{""point_ids"":[""P-PARTIC-001""],""status"":""NEW""}",[],"[""participial"",""modifiers""]","[""LEX-P-PARTIC-001""]","[""LEX-W-MAT-004"",""LEX-P-PASS-001"",""LEX-P-ASP-001""]","[""P-PASS-001"",""P-ASP-001""]",[],[],[],[],"{""non_frontier_language_must_be_established"":true,""allowed_new_language"":""LEX-P-PARTIC-001"",""presentation_practice_feedback_evaluation_closed"":true}","[""P-REG-001"",""W-EPI-002"",""P-PERF-001"",""P-GER-001""]","[""L097"",""L116"",""L015""]","[""CHAR-EMMA"",""CHAR-TARO""]","[""LOC-GRANS-GARDEN""]",,[],Canonical persistent-world event only when chronology_event is non-null; otherwise direct instruction or noncanonical controlled examples.,"[""SCENE"",""SYMBOLIC""]",PB-O,"[""Wording-changed probe"",""Delayed retrieval probe"",""Composition with established material"",""Cross-domain POINT probe""]","[""C218""]",30,"[""participial modifiers.""]",participial modifiers.
L222,approximate/range language,POINT_FRONTIER,"[{""world_id"":""W-MATH-009"",""status"":""EST""}]","{""point_ids"":[""P-APPROX-001""],""status"":""NEW""}",[],"[""approximate"",""range""]","[""LEX-P-APPROX-001""]","[""LEX-W-MATH-009"",""LEX-P-MEAS-001""]","[""P-MEAS-001""]",[],[],[],[],"{""non_frontier_language_must_be_established"":true,""allowed_new_language"":""LEX-P-APPROX-001"",""presentation_practice_feedback_evaluation_closed"":true}","[""W-EPI-002"",""P-PERF-001"",""P-GER-001"",""P-PARTIC-001""]","[""L072"",""L075""]","[""CHAR-EMMA"",""CHAR-TARO""]","[""LOC-DIRECT-TEACHING""]",,[],Canonical persistent-world event only when chronology_event is non-null; otherwise direct instruction or noncanonical controlled examples.,"[""SCENE"",""SYMBOLIC""]",PB-O,"[""Wording-changed probe"",""Delayed retrieval probe"",""Composition with established material"",""Cross-domain POINT probe""]","[""C235""]",30,"[""approximate/range language.""]",approximate/range language.
L223,"Correction/reformulation: actually, I mean, fixed I was wrong",POINT_FRONTIER,"[{""world_id"":""W-EPI-002"",""status"":""EST""}]","{""point_ids"":[""P-EPI-002""],""status"":""NEW""}",[],"[""actually"",""I mean"",""I was wrong""]","[""LEX-P-EPI-002""]","[""LEX-W-EPI-002"",""LEX-P-EPI-001""]","[""P-EPI-001""]","[""RF-KNOW-UNKNOWN""]","[""RF-CORRECTION""]",[],"[""DO-CORRECT""]","{""non_frontier_language_must_be_established"":true,""allowed_new_language"":""LEX-P-EPI-002"",""presentation_practice_feedback_evaluation_closed"":true}","[""P-PERF-001"",""P-GER-001"",""P-PARTIC-001"",""P-APPROX-001""]","[""L218"",""L184""]","[""CHAR-EMMA"",""CHAR-TARO"",""CHAR-ERROL""]","[""LOC-DIRECT-TEACHING""]",,[],Canonical persistent-world event only when chronology_event is non-null; otherwise direct instruction or noncanonical controlled examples.,"[""DIALOGUE"",""COMPARISON""]",PB-O,"[""Wording-changed probe"",""Delayed retrieval probe"",""Composition with established material"",""Cross-domain POINT probe""]","[""C239"",""SYN""]",30,"[""Correction/reformulation: `actually`, `I mean`, fixed `I was wrong`.""]","Correction/reformulation: `actually`, `I mean`, fixed `I was wrong`."
L224,Observation vs inference,WORLD_FRONTIER,"[{""world_id"":""W-EPI-004"",""status"":""NEW""}]","{""point_ids"":[""P-EPI-001""],""status"":""EST""}",[],"[""observation"",""inference""]","[""LEX-W-EPI-004""]","[""LEX-W-EPI-001"",""LEX-W-EPI-002"",""LEX-P-EPI-001"",""LEX-P-EPI-002"",""LEX-P-TNS-003"",""LEX-P-ID-001""]","[""P-EPI-001"",""P-EPI-002"",""P-TNS-003"",""P-ID-001""]","[""RF-KNOW-UNKNOWN"",""RF-CORRECTION"",""RF-AFFIRM-IDENTITY"",""RF-NEGATE-IDENTITY""]",[],"[""DO-CORRECT"",""DO-IDENTIFY""]",[],"{""non_frontier_language_must_be_established"":true,""allowed_new_language"":""LEX-W-EPI-004"",""presentation_practice_feedback_evaluation_closed"":true}","[""P-GER-001"",""P-PARTIC-001"",""P-APPROX-001"",""P-EPI-002""]","[""L180"",""L218"",""L184"",""L223"",""L082"",""L000""]","[""CHAR-EMMA"",""CHAR-TARO"",""CHAR-ERROL""]","[""LOC-DIRECT-TEACHING""]",,[],Canonical persistent-world event only when chronology_event is non-null; otherwise direct instruction or noncanonical controlled examples.,"[""COMPARISON"",""DIALOGUE""]",PB-O,"[""Wording-changed probe"",""Delayed retrieval probe"",""Composition with established material"",""World-concept probe without frontier wording""]","[""C194"",""C195""]",30,"[""Observation vs inference. What is directly observed is distinct from a conclusion drawn from observations plus prior knowledge.""]",`know/don't know`; knowledge questions.
L225,"Sensory systems provide information through vision, hearing, smell, taste, and touch",WORLD_FRONTIER,"[{""world_id"":""W-BODY-002"",""status"":""NEW""}]","{""point_ids"":[""P-ID-001""],""status"":""EST""}",[],"[""sensory"",""systems"",""provide"",""information"",""vision"",""hearing"",""smell"",""taste""]","[""LEX-W-BODY-002""]","[""LEX-W-BODY-001"",""LEX-W-EPI-004"",""LEX-P-ID-001"",""LEX-P-DET-002"",""LEX-P-PRON-001"",""LEX-P-TNS-002""]","[""P-ID-001"",""P-DET-002"",""P-PRON-001"",""P-TNS-002""]","[""RF-AFFIRM-IDENTITY"",""RF-NEGATE-IDENTITY""]",[],"[""DO-IDENTIFY""]",[],"{""non_frontier_language_must_be_established"":true,""allowed_new_language"":""LEX-W-BODY-002"",""presentation_practice_feedback_evaluation_closed"":true}","[""P-PARTIC-001"",""P-APPROX-001"",""P-EPI-002"",""W-EPI-004""]","[""L120"",""L224"",""L000"",""L004"",""L006"",""L016""]","[""CHAR-EMMA"",""CHAR-TARO""]","[""LOC-GRANS-GARDEN""]",,[],Canonical persistent-world event only when chronology_event is non-null; otherwise direct instruction or noncanonical controlled examples.,"[""DIAGRAM""]",DS,"[""Wording-changed probe"",""Delayed retrieval probe"",""Composition with established material"",""World-concept probe without frontier wording""]","[""C043""]",30,"[""Sensory systems provide information through vision, hearing, smell, taste, and touch.""]","Identity/self-introduction with copular affirmative/negative: `I am`, `X is/isn't`."
L226,can for ability/perception,POINT_FRONTIER,"[{""world_id"":""W-BODY-002"",""status"":""EST""}]","{""point_ids"":[""P-MOD-001""],""status"":""NEW""}",[],"[""can""]","[""LEX-P-MOD-001""]","[""LEX-W-BODY-002"",""LEX-P-TNS-002""]","[""P-TNS-002""]",[],[],[],[],"{""non_frontier_language_must_be_established"":true,""allowed_new_language"":""LEX-P-MOD-001"",""presentation_practice_feedback_evaluation_closed"":true}","[""P-APPROX-001"",""P-EPI-002"",""W-EPI-004"",""W-BODY-002""]","[""L225"",""L016""]","[""CHAR-EMMA"",""CHAR-TARO""]","[""LOC-GRANS-GARDEN""]",,[],Canonical persistent-world event only when chronology_event is non-null; otherwise direct instruction or noncanonical controlled examples.,"[""SCENE"",""SYMBOLIC""]",PB-O,"[""Wording-changed probe"",""Delayed retrieval probe"",""Composition with established material"",""Cross-domain POINT probe""]","[""C043""]",30,"[""`can` for ability/perception.""]",`can` for ability/perception.
L227,Symptoms are experienced/reported states that can motivate health-related action without themselves uniquely determining a diagnosis,WORLD_FRONTIER,"[{""world_id"":""W-BODY-004"",""status"":""NEW""}]","{""point_ids"":[""P-ID-001""],""status"":""EST""}",[],"[""symptoms"",""experienced"",""reported"",""states"",""motivate"",""health-related"",""action"",""without""]","[""LEX-W-BODY-004""]","[""LEX-W-BODY-001"",""LEX-W-BODY-002"",""LEX-W-BODY-003"",""LEX-P-ID-001"",""LEX-P-DET-002"",""LEX-P-PRON-001"",""LEX-P-TNS-002""]","[""P-ID-001"",""P-DET-002"",""P-PRON-001"",""P-TNS-002""]","[""RF-AFFIRM-IDENTITY"",""RF-NEGATE-IDENTITY""]",[],"[""DO-IDENTIFY""]",[],"{""non_frontier_language_must_be_established"":true,""allowed_new_language"":""LEX-W-BODY-004"",""presentation_practice_feedback_evaluation_closed"":true}","[""P-EPI-002"",""W-EPI-004"",""W-BODY-002"",""P-MOD-001""]","[""L120"",""L225"",""L181"",""L000"",""L004"",""L006"",""L016""]","[""CHAR-EMMA"",""CHAR-TARO""]","[""LOC-GRANS-GARDEN"",""LOC-DOCTOR""]",INTRODUCE-LOC-DOCTOR,[],Canonical persistent-world event only when chronology_event is non-null; otherwise direct instruction or noncanonical controlled examples.,"[""DIALOGUE""]",PB-O,"[""Wording-changed probe"",""Delayed retrieval probe"",""Composition with established material"",""World-concept probe without frontier wording""]","[""C045"",""C046""]",30,"[""Symptoms are experienced/reported states that can motivate health-related action without themselves uniquely determining a diagnosis.""]","Identity/self-introduction with copular affirmative/negative: `I am`, `X is/isn't`."
L228,feel + adj / have + symptom noun,POINT_FRONTIER,"[{""world_id"":""W-BODY-003"",""status"":""EST""},{""world_id"":""W-BODY-004"",""status"":""EST""}]","{""point_ids"":[""P-STATE-001""],""status"":""NEW""}",[],"[""feel + adj"",""have + symptom noun""]","[""LEX-P-STATE-001""]","[""LEX-W-BODY-003"",""LEX-W-BODY-004"",""LEX-P-DESC-001""]","[""P-DESC-001""]",[],[],[],[],"{""non_frontier_language_must_be_established"":true,""allowed_new_language"":""LEX-P-STATE-001"",""presentation_practice_feedback_evaluation_closed"":true}","[""W-EPI-004"",""W-BODY-002"",""P-MOD-001"",""W-BODY-004""]","[""L181"",""L227"",""L013""]","[""CHAR-EMMA"",""CHAR-TARO""]","[""LOC-GRANS-GARDEN""]",,[],Canonical persistent-world event only when chronology_event is non-null; otherwise direct instruction or noncanonical controlled examples.,"[""SCENE"",""SYMBOLIC""]",PB-O,"[""Wording-changed probe"",""Delayed retrieval probe"",""Composition with established material"",""Cross-domain POINT probe""]","[""C044"",""C045""]",30,"[""`feel + adj` / `have + symptom noun`.""]",`feel + adj` / `have + symptom noun`.
L229,should/shouldn't advice,POINT_FRONTIER,"[{""world_id"":""W-BODY-004"",""status"":""EST""}]","{""point_ids"":[""P-MOD-002""],""status"":""NEW""}",[],"[""should/shouldn't""]","[""LEX-P-MOD-002""]","[""LEX-W-BODY-004"",""LEX-P-TNS-002""]","[""P-TNS-002""]",[],[],[],[],"{""non_frontier_language_must_be_established"":true,""allowed_new_language"":""LEX-P-MOD-002"",""presentation_practice_feedback_evaluation_closed"":true}","[""W-BODY-002"",""P-MOD-001"",""W-BODY-004"",""P-STATE-001""]","[""L227"",""L016""]","[""CHAR-EMMA"",""CHAR-TARO""]","[""LOC-GRANS-GARDEN""]",,[],Canonical persistent-world event only when chronology_event is non-null; otherwise direct instruction or noncanonical controlled examples.,"[""SCENE"",""SYMBOLIC""]",PB-O,"[""Wording-changed probe"",""Delayed retrieval probe"",""Composition with established material"",""Cross-domain POINT probe""]","[""C046""]",30,"[""`should/shouldn't` advice.""]",`should/shouldn't` advice.
L230,"literacy, culture, and register transfer",TRANSFER,"[{""world_id"":""W-EPI-004"",""status"":""XFER""},{""world_id"":""W-BODY-002"",""status"":""XFER""},{""world_id"":""W-BODY-004"",""status"":""XFER""}]","{""point_ids"":[""P-GER-001"",""P-PARTIC-001"",""P-APPROX-001"",""P-EPI-002"",""P-MOD-001"",""P-STATE-001""],""status"":""XFER""}",[],[],[],"[""LEX-P-GER-001"",""LEX-P-PARTIC-001"",""LEX-P-APPROX-001"",""LEX-P-EPI-002"",""LEX-W-EPI-004"",""LEX-W-BODY-002"",""LEX-P-MOD-001"",""LEX-W-BODY-004"",""LEX-P-STATE-001"",""LEX-P-MOD-002""]","[""P-GER-001"",""P-PARTIC-001"",""P-APPROX-001"",""P-EPI-002"",""P-MOD-001"",""P-STATE-001"",""P-MOD-002""]","[""RF-CORRECTION""]",[],"[""DO-CORRECT""]",[],"{""non_frontier_language_must_be_established"":true,""allowed_new_language"":""NONE"",""presentation_practice_feedback_evaluation_closed"":true}","[""P-GER-001"",""P-PARTIC-001"",""P-APPROX-001"",""P-EPI-002"",""W-EPI-004"",""W-BODY-002"",""P-MOD-001"",""W-BODY-004"",""P-STATE-001"",""P-MOD-002""]","[""L220"",""L221"",""L222"",""L223"",""L224"",""L225"",""L226"",""L227"",""L228"",""L229""]","[""CHAR-EMMA"",""CHAR-TARO"",""CHAR-ERROL""]","[""LOC-MEADOW-PATH"",""LOC-POND"",""LOC-OAK"",""LOC-SCHOOL""]",,[],Noncanonical transfer and retrieval task; no new persistent event.,"[""COMPARISON"",""DIALOGUE"",""DIAGRAM""]",DS,"[""Far transfer"",""Delayed retrieval"",""Multi-item composition"",""No frontier leakage""]","[""C216"",""C218"",""C235"",""C239"",""SYN"",""C194"",""C195"",""C043"",""C045"",""C046"",""C044""]",30,"[""Recombine already acquired WORLD and POINT material in a new context.""]",No new POINT; established operators are retrieved and composed.
L231,"Light enables ordinary visual perception of objects; sources, paths, and objects are distinct",WORLD_FRONTIER,"[{""world_id"":""W-PHY-005"",""status"":""NEW""}]","{""point_ids"":[""P-ID-001""],""status"":""EST""}",[],"[""light"",""enables"",""visual"",""perception"",""objects"",""sources"",""paths""]","[""LEX-W-PHY-005""]","[""LEX-W-EPI-004"",""LEX-W-OBJ-001"",""LEX-P-ID-001"",""LEX-P-DET-002"",""LEX-P-PRON-001"",""LEX-P-TNS-002""]","[""P-ID-001"",""P-DET-002"",""P-PRON-001"",""P-TNS-002""]","[""RF-AFFIRM-IDENTITY"",""RF-NEGATE-IDENTITY""]",[],"[""DO-IDENTIFY""]",[],"{""non_frontier_language_must_be_established"":true,""allowed_new_language"":""LEX-W-PHY-005"",""presentation_practice_feedback_evaluation_closed"":true}","[""P-MOD-001"",""W-BODY-004"",""P-STATE-001"",""P-MOD-002""]","[""L224"",""L003"",""L000"",""L004"",""L006"",""L016""]","[""CHAR-EMMA"",""CHAR-TARO""]","[""LOC-DIRECT-TEACHING""]",,[],Canonical persistent-world event only when chronology_event is non-null; otherwise direct instruction or noncanonical controlled examples.,"[""DIAGRAM""]",DS,"[""Wording-changed probe"",""Delayed retrieval probe"",""Composition with established material"",""World-concept probe without frontier wording""]","[""C088""]",30,"[""Light enables ordinary visual perception of objects; sources, paths, and objects are distinct.""]","Identity/self-introduction with copular affirmative/negative: `I am`, `X is/isn't`."
L232,purpose: need X to,POINT_FRONTIER,"[{""world_id"":""W-PHY-005"",""status"":""EST""}]","{""point_ids"":[""P-PURP-001""],""status"":""NEW""}",[],"[""need X to..."",""so that""]","[""LEX-P-PURP-001""]","[""LEX-W-PHY-005"",""LEX-P-NEED-001""]","[""P-NEED-001""]",[],[],[],[],"{""non_frontier_language_must_be_established"":true,""allowed_new_language"":""LEX-P-PURP-001"",""presentation_practice_feedback_evaluation_closed"":true}","[""W-BODY-004"",""P-STATE-001"",""P-MOD-002"",""W-PHY-005""]","[""L231"",""L058""]","[""CHAR-EMMA"",""CHAR-TARO""]","[""LOC-DIRECT-TEACHING""]",,[],Canonical persistent-world event only when chronology_event is non-null; otherwise direct instruction or noncanonical controlled examples.,"[""SCENE"",""SYMBOLIC""]",PB-O,"[""Wording-changed probe"",""Delayed retrieval probe"",""Composition with established material"",""Cross-domain POINT probe""]","[""C088"",""C185"",""C217""]",30,"[""purpose: `need X to...`, infinitive purpose, `so that`.""]","purpose: `need X to...`, infinitive purpose, `so that`."
L233,Shadows arise when light paths are blocked; shadow and object are not identical,WORLD_FRONTIER,"[{""world_id"":""W-PHY-006"",""status"":""NEW""}]","{""point_ids"":[""P-ID-001""],""status"":""EST""}",[],"[""shadows"",""arise"",""light"",""paths"",""blocked"",""shadow"",""object"",""identical""]","[""LEX-W-PHY-006""]","[""LEX-W-PHY-005"",""LEX-P-ID-001"",""LEX-P-DET-002"",""LEX-P-PRON-001"",""LEX-P-TNS-002""]","[""P-ID-001"",""P-DET-002"",""P-PRON-001"",""P-TNS-002""]","[""RF-AFFIRM-IDENTITY"",""RF-NEGATE-IDENTITY""]",[],"[""DO-IDENTIFY""]",[],"{""non_frontier_language_must_be_established"":true,""allowed_new_language"":""LEX-W-PHY-006"",""presentation_practice_feedback_evaluation_closed"":true}","[""P-STATE-001"",""P-MOD-002"",""W-PHY-005"",""P-PURP-001""]","[""L231"",""L000"",""L004"",""L006"",""L016""]","[""CHAR-EMMA"",""CHAR-TARO""]","[""LOC-DIRECT-TEACHING""]",,[],Canonical persistent-world event only when chronology_event is non-null; otherwise direct instruction or noncanonical controlled examples.,"[""DIAGRAM"",""SEQUENCE""]",PB-O,"[""Wording-changed probe"",""Delayed retrieval probe"",""Composition with established material"",""World-concept probe without frontier wording""]","[""C089""]",30,"[""Shadows arise when light paths are blocked; shadow and object are not identical.""]","Identity/self-introduction with copular affirmative/negative: `I am`, `X is/isn't`."
L234,Engineering proceeds through problem/requirement → proposed solution → test → observed result → revision,WORLD_FRONTIER,"[{""world_id"":""W-ENG-002"",""status"":""NEW""}]","{""point_ids"":[""P-ID-001""],""status"":""EST""}",[],"[""engineering"",""proceeds"",""problem"",""requirement"",""proposed"",""solution"",""test"",""observed""]","[""LEX-W-ENG-002""]","[""LEX-W-EVT-002"",""LEX-W-EPI-004"",""LEX-P-ID-001"",""LEX-P-DET-002"",""LEX-P-PRON-001"",""LEX-P-TNS-002""]","[""P-ID-001"",""P-DET-002"",""P-PRON-001"",""P-TNS-002""]","[""RF-AFFIRM-IDENTITY"",""RF-NEGATE-IDENTITY""]",[],"[""DO-IDENTIFY""]",[],"{""non_frontier_language_must_be_established"":true,""allowed_new_language"":""LEX-W-ENG-002"",""presentation_practice_feedback_evaluation_closed"":true}","[""P-MOD-002"",""W-PHY-005"",""P-PURP-001"",""W-PHY-006""]","[""L020"",""L224"",""L000"",""L004"",""L006"",""L016""]","[""CHAR-EMMA"",""CHAR-TARO""]","[""LOC-DIRECT-TEACHING""]",,[],Canonical persistent-world event only when chronology_event is non-null; otherwise direct instruction or noncanonical controlled examples.,"[""SEQUENCE"",""DIAGRAM""]",PB-O,"[""Wording-changed probe"",""Delayed retrieval probe"",""Composition with established material"",""World-concept probe without frontier wording""]","[""C094"",""C095""]",30,"[""Engineering proceeds through problem/requirement → proposed solution → test → observed result → revision.""]","Identity/self-introduction with copular affirmative/negative: `I am`, `X is/isn't`."
L235,Animals can be classified into nested groups using shared features,WORLD_FRONTIER,"[{""world_id"":""W-BIO-004"",""status"":""NEW""}]","{""point_ids"":[""P-ID-001""],""status"":""EST""}",[],"[""animals"",""classified"",""nested"",""groups"",""using"",""shared"",""features""]","[""LEX-W-BIO-004""]","[""LEX-W-BIO-001"",""LEX-W-EPI-004"",""LEX-P-ID-001"",""LEX-P-DET-002"",""LEX-P-PRON-001"",""LEX-P-TNS-002""]","[""P-ID-001"",""P-DET-002"",""P-PRON-001"",""P-TNS-002""]","[""RF-AFFIRM-IDENTITY"",""RF-NEGATE-IDENTITY""]",[],"[""DO-IDENTIFY""]",[],"{""non_frontier_language_must_be_established"":true,""allowed_new_language"":""LEX-W-BIO-004"",""presentation_practice_feedback_evaluation_closed"":true}","[""W-PHY-005"",""P-PURP-001"",""W-PHY-006"",""W-ENG-002""]","[""L119"",""L224"",""L000"",""L004"",""L006"",""L016""]","[""CHAR-EMMA"",""CHAR-TARO"",""CHAR-BISCUIT""]","[""LOC-GRANS-GARDEN""]",,[],Canonical persistent-world event only when chronology_event is non-null; otherwise direct instruction or noncanonical controlled examples.,"[""COMPARISON"",""DIAGRAM""]",PB-O,"[""Wording-changed probe"",""Delayed retrieval probe"",""Composition with established material"",""World-concept probe without frontier wording""]","[""C108""]",30,"[""Animals can be classified into nested groups using shared features.""]","Identity/self-introduction with copular affirmative/negative: `I am`, `X is/isn't`."
L236,definitions: A X is a Y that,POINT_FRONTIER,"[{""world_id"":""W-BIO-004"",""status"":""EST""}]","{""point_ids"":[""P-DEF-001""],""status"":""NEW""}",[],"[""A X is a Y that..."",""means/refers to""]","[""LEX-P-DEF-001""]","[""LEX-W-BIO-004"",""LEX-P-CLASS-001""]","[""P-CLASS-001""]",[],[],"[""DO-CLASSIFY""]","[""DO-CLASSIFY""]","{""non_frontier_language_must_be_established"":true,""allowed_new_language"":""LEX-P-DEF-001"",""presentation_practice_feedback_evaluation_closed"":true}","[""P-PURP-001"",""W-PHY-006"",""W-ENG-002"",""W-BIO-004""]","[""L235"",""L096""]","[""CHAR-EMMA"",""CHAR-TARO"",""CHAR-BISCUIT""]","[""LOC-DIRECT-TEACHING""]",,[],Canonical persistent-world event only when chronology_event is non-null; otherwise direct instruction or noncanonical controlled examples.,"[""SCENE"",""SYMBOLIC""]",PB-O,"[""Wording-changed probe"",""Delayed retrieval probe"",""Composition with established material"",""Cross-domain POINT probe""]","[""C108"",""C197""]",30,"[""definitions: `A X is a Y that...`; `means/refers to`.""]",definitions: `A X is a Y that...`; `means/refers to`.
L237,"Animal structures such as fur, feathers, scales, shells, wings, and fins relate to morphology; movement types are distinct actions",WORLD_FRONTIER,"[{""world_id"":""W-BIO-005"",""status"":""NEW""}]","{""point_ids"":[""P-ID-001""],""status"":""EST""}",[],"[""animal"",""structures"",""fur"",""feathers"",""scales"",""shells"",""wings"",""fins""]","[""LEX-W-BIO-005""]","[""LEX-W-BIO-004"",""LEX-P-ID-001"",""LEX-P-DET-002"",""LEX-P-PRON-001"",""LEX-P-TNS-002""]","[""P-ID-001"",""P-DET-002"",""P-PRON-001"",""P-TNS-002""]","[""RF-AFFIRM-IDENTITY"",""RF-NEGATE-IDENTITY""]",[],"[""DO-IDENTIFY""]",[],"{""non_frontier_language_must_be_established"":true,""allowed_new_language"":""LEX-W-BIO-005"",""presentation_practice_feedback_evaluation_closed"":true}","[""W-PHY-006"",""W-ENG-002"",""W-BIO-004"",""P-DEF-001""]","[""L235"",""L000"",""L004"",""L006"",""L016""]","[""CHAR-EMMA"",""CHAR-TARO"",""CHAR-BISCUIT""]","[""LOC-GRANS-GARDEN""]",,[],Canonical persistent-world event only when chronology_event is non-null; otherwise direct instruction or noncanonical controlled examples.,"[""COMPARISON"",""SCENE""]",PB-O,"[""Wording-changed probe"",""Delayed retrieval probe"",""Composition with established material"",""World-concept probe without frontier wording""]","[""C109"",""C110""]",30,"[""Animal structures such as fur, feathers, scales, shells, wings, and fins relate to morphology; movement types are distinct actions.""]","Identity/self-introduction with copular affirmative/negative: `I am`, `X is/isn't`."
L238,Structures can contribute to functions important for survival,WORLD_FRONTIER,"[{""world_id"":""W-BIO-007"",""status"":""NEW""}]","{""point_ids"":[""P-ID-001""],""status"":""EST""}",[],"[""structures"",""contribute"",""functions"",""important"",""survival""]","[""LEX-W-BIO-007""]","[""LEX-W-BIO-005"",""LEX-W-BIO-006"",""LEX-P-ID-001"",""LEX-P-DET-002"",""LEX-P-PRON-001"",""LEX-P-TNS-002""]","[""P-ID-001"",""P-DET-002"",""P-PRON-001"",""P-TNS-002""]","[""RF-AFFIRM-IDENTITY"",""RF-NEGATE-IDENTITY""]",[],"[""DO-IDENTIFY""]",[],"{""non_frontier_language_must_be_established"":true,""allowed_new_language"":""LEX-W-BIO-007"",""presentation_practice_feedback_evaluation_closed"":true}","[""W-ENG-002"",""W-BIO-004"",""P-DEF-001"",""W-BIO-005""]","[""L237"",""L132"",""L000"",""L004"",""L006"",""L016""]","[""CHAR-EMMA"",""CHAR-TARO"",""CHAR-BISCUIT""]","[""LOC-GRANS-GARDEN""]",,[],Canonical persistent-world event only when chronology_event is non-null; otherwise direct instruction or noncanonical controlled examples.,"[""COMPARISON"",""DIAGRAM""]",PB-O,"[""Wording-changed probe"",""Delayed retrieval probe"",""Composition with established material"",""World-concept probe without frontier wording""]","[""C112""]",30,"[""Structures can contribute to functions important for survival.""]","Identity/self-introduction with copular affirmative/negative: `I am`, `X is/isn't`."
L239,Diet categories concern what organisms eat; feeding relations can form food chains,WORLD_FRONTIER,"[{""world_id"":""W-BIO-008"",""status"":""NEW""}]","{""point_ids"":[""P-ID-001""],""status"":""EST""}",[],"[""diet"",""categories"",""concern"",""organisms"",""eat"",""feeding"",""form"",""food""]","[""LEX-W-BIO-008""]","[""LEX-W-BIO-004"",""LEX-W-BIO-005"",""LEX-W-BIO-006"",""LEX-P-ID-001"",""LEX-P-DET-002"",""LEX-P-PRON-001"",""LEX-P-PART-001""]","[""P-ID-001"",""P-DET-002"",""P-PRON-001"",""P-PART-001""]","[""RF-AFFIRM-IDENTITY"",""RF-NEGATE-IDENTITY""]",[],"[""DO-IDENTIFY""]",[],"{""non_frontier_language_must_be_established"":true,""allowed_new_language"":""LEX-W-BIO-008"",""presentation_practice_feedback_evaluation_closed"":true}","[""W-BIO-004"",""P-DEF-001"",""W-BIO-005"",""W-BIO-007""]","[""L235"",""L237"",""L132"",""L000"",""L004"",""L006"",""L121""]","[""CHAR-EMMA"",""CHAR-TARO"",""CHAR-BISCUIT""]","[""LOC-GRANS-GARDEN""]",,[],Canonical persistent-world event only when chronology_event is non-null; otherwise direct instruction or noncanonical controlled examples.,"[""DIAGRAM""]",DS,"[""Wording-changed probe"",""Delayed retrieval probe"",""Composition with established material"",""World-concept probe without frontier wording""]","[""C113"",""C114""]",30,"[""Diet categories concern what organisms eat; feeding relations can form food chains.""]","Identity/self-introduction with copular affirmative/negative: `I am`, `X is/isn't`."
L240,"Predator and prey describe an ecological interaction, not permanent moral categories",WORLD_FRONTIER,"[{""world_id"":""W-BIO-009"",""status"":""NEW""}]","{""point_ids"":[""P-ID-001""],""status"":""EST""}",[],"[""predator"",""prey"",""describe"",""ecological"",""interaction"",""permanent"",""moral"",""categories""]","[""LEX-W-BIO-009""]","[""LEX-W-BIO-008"",""LEX-P-ID-001"",""LEX-P-DET-002"",""LEX-P-PRON-001"",""LEX-P-PART-001""]","[""P-ID-001"",""P-DET-002"",""P-PRON-001"",""P-PART-001""]","[""RF-AFFIRM-IDENTITY"",""RF-NEGATE-IDENTITY""]",[],"[""DO-IDENTIFY""]",[],"{""non_frontier_language_must_be_established"":true,""allowed_new_language"":""LEX-W-BIO-009"",""presentation_practice_feedback_evaluation_closed"":true}","[""P-DEF-001"",""W-BIO-005"",""W-BIO-007"",""W-BIO-008""]","[""L239"",""L000"",""L004"",""L006"",""L121""]","[""CHAR-EMMA"",""CHAR-TARO"",""CHAR-BISCUIT""]","[""LOC-GRANS-GARDEN""]",,[],Canonical persistent-world event only when chronology_event is non-null; otherwise direct instruction or noncanonical controlled examples.,"[""DIAGRAM"",""SCENE""]",PB-O,"[""Wording-changed probe"",""Delayed retrieval probe"",""Composition with established material"",""World-concept probe without frontier wording""]","[""C115""]",30,"[""Predator and prey describe an ecological interaction, not permanent moral categories.""]","Identity/self-introduction with copular affirmative/negative: `I am`, `X is/isn't`."
L241,relative clauses who/which/that,POINT_FRONTIER,"[{""world_id"":""W-BIO-009"",""status"":""EST""}]","{""point_ids"":[""P-RELCL-001""],""status"":""NEW""}",[],"[""who/which/that""]","[""LEX-P-RELCL-001""]","[""LEX-W-BIO-009"",""LEX-P-PRON-001"",""LEX-P-DET-002""]","[""P-PRON-001"",""P-DET-002""]",[],[],[],[],"{""non_frontier_language_must_be_established"":true,""allowed_new_language"":""LEX-P-RELCL-001"",""presentation_practice_feedback_evaluation_closed"":true}","[""W-BIO-005"",""W-BIO-007"",""W-BIO-008"",""W-BIO-009""]","[""L240"",""L006"",""L004""]","[""CHAR-EMMA"",""CHAR-TARO"",""CHAR-BISCUIT""]","[""LOC-DIRECT-TEACHING""]",,[],Canonical persistent-world event only when chronology_event is non-null; otherwise direct instruction or noncanonical controlled examples.,"[""SCENE"",""SYMBOLIC""]",PB-O,"[""Wording-changed probe"",""Delayed retrieval probe"",""Composition with established material"",""Cross-domain POINT probe""]","[""C115"",""C145"",""C211""]",30,"[""relative clauses `who/which/that`.""]",relative clauses `who/which/that`.
L242,Animal life cycles include development and reproduction; parent and offspring are distinct individuals,WORLD_FRONTIER,"[{""world_id"":""W-BIO-010"",""status"":""NEW""}]","{""point_ids"":[""P-ID-001""],""status"":""EST""}",[],"[""animal"",""life"",""cycles"",""include"",""development"",""reproduction"",""parent"",""offspring""]","[""LEX-W-BIO-010""]","[""LEX-W-TIME-002"",""LEX-W-BIO-004"",""LEX-P-ID-001"",""LEX-P-DET-002"",""LEX-P-PRON-001"",""LEX-P-TNS-002""]","[""P-ID-001"",""P-DET-002"",""P-PRON-001"",""P-TNS-002""]","[""RF-AFFIRM-IDENTITY"",""RF-NEGATE-IDENTITY""]",[],"[""DO-IDENTIFY""]",[],"{""non_frontier_language_must_be_established"":true,""allowed_new_language"":""LEX-W-BIO-010"",""presentation_practice_feedback_evaluation_closed"":true}","[""W-BIO-007"",""W-BIO-008"",""W-BIO-009"",""P-RELCL-001""]","[""L077"",""L235"",""L000"",""L004"",""L006"",""L016""]","[""CHAR-EMMA"",""CHAR-TARO"",""CHAR-BISCUIT"",""CHAR-BELLO""]","[""LOC-GRANS-GARDEN""]",CANON-BELLO-ARRIVES-IN-SPRING,[],Canonical persistent-world event only when chronology_event is non-null; otherwise direct instruction or noncanonical controlled examples.,"[""SEQUENCE""]",PB-O,"[""Wording-changed probe"",""Delayed retrieval probe"",""Composition with established material"",""World-concept probe without frontier wording""]","[""C116"",""C117""]",30,"[""Animal life cycles include development and reproduction; parent and offspring are distinct individuals.""]","Identity/self-introduction with copular affirmative/negative: `I am`, `X is/isn't`."
L243,Offspring can resemble parents while varying from them and from one another,WORLD_FRONTIER,"[{""world_id"":""W-BIO-011"",""status"":""NEW""}]","{""point_ids"":[""P-ID-001""],""status"":""EST""}",[],"[""offspring"",""resemble"",""parents"",""varying"",""them"",""another""]","[""LEX-W-BIO-011""]","[""LEX-W-BIO-010"",""LEX-P-ID-001"",""LEX-P-DET-002"",""LEX-P-PRON-001""]","[""P-ID-001"",""P-DET-002"",""P-PRON-001""]","[""RF-AFFIRM-IDENTITY"",""RF-NEGATE-IDENTITY""]",[],"[""DO-IDENTIFY""]",[],"{""non_frontier_language_must_be_established"":true,""allowed_new_language"":""LEX-W-BIO-011"",""presentation_practice_feedback_evaluation_closed"":true}","[""W-BIO-008"",""W-BIO-009"",""P-RELCL-001"",""W-BIO-010""]","[""L242"",""L000"",""L004"",""L006""]","[""CHAR-EMMA"",""CHAR-TARO"",""CHAR-BISCUIT""]","[""LOC-GRANS-GARDEN""]",,[],Canonical persistent-world event only when chronology_event is non-null; otherwise direct instruction or noncanonical controlled examples.,"[""COMPARISON""]",PB-O,"[""Wording-changed probe"",""Delayed retrieval probe"",""Composition with established material"",""World-concept probe without frontier wording""]","[""C117"",""C118"",""C119""]",30,"[""Offspring can resemble parents while varying from them and from one another.""]","Identity/self-introduction with copular affirmative/negative: `I am`, `X is/isn't`."
L244,similar to/different from/same as; paired both,POINT_FRONTIER,"[{""world_id"":""W-BIO-011"",""status"":""EST""}]","{""point_ids"":[""P-SIM-001""],""status"":""NEW""}",[],"[""similar to/different from/same as"",""both...and""]","[""LEX-P-SIM-001""]","[""LEX-W-BIO-011"",""LEX-P-CMP-002""]","[""P-CMP-002""]",[],[],"[""DO-COMPARE""]","[""DO-COMPARE""]","{""non_frontier_language_must_be_established"":true,""allowed_new_language"":""LEX-P-SIM-001"",""presentation_practice_feedback_evaluation_closed"":true}","[""W-BIO-009"",""P-RELCL-001"",""W-BIO-010"",""W-BIO-011""]","[""L243"",""L073""]","[""CHAR-EMMA"",""CHAR-TARO"",""CHAR-BISCUIT""]","[""LOC-DIRECT-TEACHING""]",,[],Canonical persistent-world event only when chronology_event is non-null; otherwise direct instruction or noncanonical controlled examples.,"[""SCENE"",""SYMBOLIC""]",PB-O,"[""Wording-changed probe"",""Delayed retrieval probe"",""Composition with established material"",""Cross-domain POINT probe""]","[""C117"",""C118"",""C200"",""C213""]",30,"[""`similar to/different from/same as`; paired `both...and`.""]",`similar to/different from/same as`; paired `both...and`.
L245,while/whereas/although/even though/however as graded contrast relations,POINT_FRONTIER,"[{""world_id"":""W-BIO-011"",""status"":""EST""}]","{""point_ids"":[""P-CONTR-001""],""status"":""NEW""}",[],"[""while/whereas/although/even though/however""]","[""LEX-P-CONTR-001""]","[""LEX-W-BIO-011"",""LEX-P-DISC-001""]","[""P-DISC-001""]","[""RF-AGREE-DISAGREE""]",[],"[""DO-AGREE-DISAGREE""]",[],"{""non_frontier_language_must_be_established"":true,""allowed_new_language"":""LEX-P-CONTR-001"",""presentation_practice_feedback_evaluation_closed"":true}","[""P-RELCL-001"",""W-BIO-010"",""W-BIO-011"",""P-SIM-001""]","[""L243"",""L187""]","[""CHAR-EMMA"",""CHAR-TARO""]","[""LOC-DIRECT-TEACHING""]",,[],Canonical persistent-world event only when chronology_event is non-null; otherwise direct instruction or noncanonical controlled examples.,"[""SCENE"",""SYMBOLIC""]",PB-O,"[""Wording-changed probe"",""Delayed retrieval probe"",""Composition with established material"",""Cross-domain POINT probe""]","[""C119"",""C135"",""C225"",""C226"",""C233""]",30,"[""`while/whereas/although/even though/however` as graded contrast relations.""]",`while/whereas/although/even though/however` as graded contrast relations.
L246,Organisms in ecosystems can depend on and affect other organisms and environmental resources,WORLD_FRONTIER,"[{""world_id"":""W-BIO-012"",""status"":""NEW""}]","{""point_ids"":[""P-ID-001""],""status"":""EST""}",[],"[""organisms"",""ecosystems"",""depend"",""affect"",""other"",""environmental"",""resources""]","[""LEX-W-BIO-012""]","[""LEX-W-BIO-006"",""LEX-W-BIO-008"",""LEX-P-ID-001"",""LEX-P-DET-002"",""LEX-P-PRON-001"",""LEX-P-PART-001""]","[""P-ID-001"",""P-DET-002"",""P-PRON-001"",""P-PART-001""]","[""RF-AFFIRM-IDENTITY"",""RF-NEGATE-IDENTITY""]",[],"[""DO-IDENTIFY""]",[],"{""non_frontier_language_must_be_established"":true,""allowed_new_language"":""LEX-W-BIO-012"",""presentation_practice_feedback_evaluation_closed"":true}","[""W-BIO-010"",""W-BIO-011"",""P-SIM-001"",""P-CONTR-001""]","[""L132"",""L239"",""L000"",""L004"",""L006"",""L121""]","[""CHAR-EMMA"",""CHAR-TARO"",""CHAR-BISCUIT""]","[""LOC-GRANS-GARDEN""]",,[],Canonical persistent-world event only when chronology_event is non-null; otherwise direct instruction or noncanonical controlled examples.,"[""DIAGRAM""]",DS,"[""Wording-changed probe"",""Delayed retrieval probe"",""Composition with established material"",""World-concept probe without frontier wording""]","[""C120""]",30,"[""Organisms in ecosystems can depend on and affect other organisms and environmental resources.""]","Identity/self-introduction with copular affirmative/negative: `I am`, `X is/isn't`."
L247,"depend on, interacts with, affects",POINT_FRONTIER,"[{""world_id"":""W-BIO-012"",""status"":""EST""}]","{""point_ids"":[""P-DEP-001""],""status"":""NEW""}",[],"[""depend on"",""interacts with"",""affects""]","[""LEX-P-DEP-001""]","[""LEX-W-BIO-012"",""LEX-P-CAU-001""]","[""P-CAU-001""]","[""RF-REASON""]",[],"[""DO-EXPLAIN-REASON""]",[],"{""non_frontier_language_must_be_established"":true,""allowed_new_language"":""LEX-P-DEP-001"",""presentation_practice_feedback_evaluation_closed"":true}","[""W-BIO-011"",""P-SIM-001"",""P-CONTR-001"",""W-BIO-012""]","[""L246"",""L191""]","[""CHAR-EMMA"",""CHAR-TARO"",""CHAR-BISCUIT""]","[""LOC-DIRECT-TEACHING""]",,[],Canonical persistent-world event only when chronology_event is non-null; otherwise direct instruction or noncanonical controlled examples.,"[""SCENE"",""SYMBOLIC""]",PB-O,"[""Wording-changed probe"",""Delayed retrieval probe"",""Composition with established material"",""Cross-domain POINT probe""]","[""C120"",""C141""]",30,"[""`depend on`, `interacts with`, `affects`.""]","`depend on`, `interacts with`, `affects`."
L248,Decomposers contribute to breakdown of dead organic material,WORLD_FRONTIER,"[{""world_id"":""W-BIO-014"",""status"":""NEW""}]","{""point_ids"":[""P-ID-001""],""status"":""EST""}",[],"[""decomposers"",""contribute"",""breakdown"",""dead"",""organic"",""material""]","[""LEX-W-BIO-014""]","[""LEX-W-BIO-001"",""LEX-W-BIO-012"",""LEX-P-ID-001"",""LEX-P-DET-002"",""LEX-P-PRON-001"",""LEX-P-PART-001""]","[""P-ID-001"",""P-DET-002"",""P-PRON-001"",""P-PART-001""]","[""RF-AFFIRM-IDENTITY"",""RF-NEGATE-IDENTITY""]",[],"[""DO-IDENTIFY""]",[],"{""non_frontier_language_must_be_established"":true,""allowed_new_language"":""LEX-W-BIO-014"",""presentation_practice_feedback_evaluation_closed"":true}","[""P-SIM-001"",""P-CONTR-001"",""W-BIO-012"",""P-DEP-001""]","[""L119"",""L246"",""L000"",""L004"",""L006"",""L121""]","[""CHAR-EMMA"",""CHAR-TARO"",""CHAR-BISCUIT""]","[""LOC-GRANS-GARDEN""]",,[],Canonical persistent-world event only when chronology_event is non-null; otherwise direct instruction or noncanonical controlled examples.,"[""DIAGRAM""]",DS,"[""Wording-changed probe"",""Delayed retrieval probe"",""Composition with established material"",""World-concept probe without frontier wording""]","[""C122""]",30,"[""Decomposers contribute to breakdown of dead organic material.""]","Identity/self-introduction with copular affirmative/negative: `I am`, `X is/isn't`."
L249,break down into,POINT_FRONTIER,"[{""world_id"":""W-BIO-014"",""status"":""EST""}]","{""point_ids"":[""P-DECOMP-001""],""status"":""NEW""}",[],"[""break down into""]","[""LEX-P-DECOMP-001""]","[""LEX-W-BIO-014"",""LEX-P-CHANGE-001"",""LEX-P-PART-001""]","[""P-CHANGE-001"",""P-PART-001""]",[],[],[],[],"{""non_frontier_language_must_be_established"":true,""allowed_new_language"":""LEX-P-DECOMP-001"",""presentation_practice_feedback_evaluation_closed"":true}","[""P-CONTR-001"",""W-BIO-012"",""P-DEP-001"",""W-BIO-014""]","[""L248"",""L098"",""L121""]","[""CHAR-EMMA"",""CHAR-TARO"",""CHAR-BISCUIT""]","[""LOC-DIRECT-TEACHING""]",,[],Canonical persistent-world event only when chronology_event is non-null; otherwise direct instruction or noncanonical controlled examples.,"[""SCENE"",""SYMBOLIC""]",PB-O,"[""Wording-changed probe"",""Delayed retrieval probe"",""Composition with established material"",""Cross-domain POINT probe""]","[""C122""]",30,"[""`break down into`.""]",`break down into`.
L250,Body systems are decomposed into interacting subsystems rather than taught as one C123 mega-lesson,WORLD_FRONTIER,"[{""world_id"":""W-BODY-005"",""status"":""NEW""}]","{""point_ids"":[""P-ID-001""],""status"":""EST""}",[],"[""body"",""systems"",""decomposed"",""interacting"",""subsystems"",""rather"",""taught"",""c""]","[""LEX-W-BODY-005""]","[""LEX-W-BODY-001"",""LEX-W-BODY-002"",""LEX-P-ID-001"",""LEX-P-DET-002"",""LEX-P-PRON-001"",""LEX-P-TNS-002""]","[""P-ID-001"",""P-DET-002"",""P-PRON-001"",""P-TNS-002""]","[""RF-AFFIRM-IDENTITY"",""RF-NEGATE-IDENTITY""]",[],"[""DO-IDENTIFY""]",[],"{""non_frontier_language_must_be_established"":true,""allowed_new_language"":""LEX-W-BODY-005"",""presentation_practice_feedback_evaluation_closed"":true}","[""W-BIO-012"",""P-DEP-001"",""W-BIO-014"",""P-DECOMP-001""]","[""L120"",""L225"",""L000"",""L004"",""L006"",""L016""]","[""CHAR-EMMA"",""CHAR-TARO""]","[""LOC-GRANS-GARDEN""]",,[],Canonical persistent-world event only when chronology_event is non-null; otherwise direct instruction or noncanonical controlled examples.,"[""DIAGRAM""]",DS,"[""Wording-changed probe"",""Delayed retrieval probe"",""Composition with established material"",""World-concept probe without frontier wording""]","[""C123""]",30,"[""Body systems are decomposed into interacting subsystems rather than taught as one C123 mega-lesson.""]","Identity/self-introduction with copular affirmative/negative: `I am`, `X is/isn't`."
L251,Support/movement and breathing are distinct body functions with interacting structures,WORLD_FRONTIER,"[{""world_id"":""W-BODY-006"",""status"":""NEW""}]","{""point_ids"":[""P-ID-001""],""status"":""EST""}",[],"[""support"",""movement"",""breathing"",""body"",""functions"",""interacting"",""structures""]","[""LEX-W-BODY-006""]","[""LEX-W-BODY-005"",""LEX-P-ID-001"",""LEX-P-DET-002"",""LEX-P-PRON-001"",""LEX-P-TNS-002""]","[""P-ID-001"",""P-DET-002"",""P-PRON-001"",""P-TNS-002""]","[""RF-AFFIRM-IDENTITY"",""RF-NEGATE-IDENTITY""]",[],"[""DO-IDENTIFY""]",[],"{""non_frontier_language_must_be_established"":true,""allowed_new_language"":""LEX-W-BODY-006"",""presentation_practice_feedback_evaluation_closed"":true}","[""P-DEP-001"",""W-BIO-014"",""P-DECOMP-001"",""W-BODY-005""]","[""L250"",""L000"",""L004"",""L006"",""L016""]","[""CHAR-EMMA"",""CHAR-TARO""]","[""LOC-GRANS-GARDEN""]",,[],Canonical persistent-world event only when chronology_event is non-null; otherwise direct instruction or noncanonical controlled examples.,"[""DIAGRAM""]",DS,"[""Wording-changed probe"",""Delayed retrieval probe"",""Composition with established material"",""World-concept probe without frontier wording""]","[""C123""]",30,"[""Support/movement and breathing are distinct body functions with interacting structures.""]","Identity/self-introduction with copular affirmative/negative: `I am`, `X is/isn't`."
L252,Circulation transports materials through the body,WORLD_FRONTIER,"[{""world_id"":""W-BODY-007"",""status"":""NEW""}]","{""point_ids"":[""P-ID-001""],""status"":""EST""}",[],"[""circulation"",""transports"",""materials"",""body""]","[""LEX-W-BODY-007""]","[""LEX-W-BODY-005"",""LEX-P-ID-001"",""LEX-P-DET-002"",""LEX-P-PRON-001"",""LEX-P-TNS-002""]","[""P-ID-001"",""P-DET-002"",""P-PRON-001"",""P-TNS-002""]","[""RF-AFFIRM-IDENTITY"",""RF-NEGATE-IDENTITY""]",[],"[""DO-IDENTIFY""]",[],"{""non_frontier_language_must_be_established"":true,""allowed_new_language"":""LEX-W-BODY-007"",""presentation_practice_feedback_evaluation_closed"":true}","[""W-BIO-014"",""P-DECOMP-001"",""W-BODY-005"",""W-BODY-006""]","[""L250"",""L000"",""L004"",""L006"",""L016""]","[""CHAR-EMMA"",""CHAR-TARO""]","[""LOC-GRANS-GARDEN""]",,[],Canonical persistent-world event only when chronology_event is non-null; otherwise direct instruction or noncanonical controlled examples.,"[""DIAGRAM"",""SEQUENCE""]",PB-O,"[""Wording-changed probe"",""Delayed retrieval probe"",""Composition with established material"",""World-concept probe without frontier wording""]","[""C124""]",30,"[""Circulation transports materials through the body.""]","Identity/self-introduction with copular affirmative/negative: `I am`, `X is/isn't`."
L253,Digestion transforms and moves food through an ordered process,WORLD_FRONTIER,"[{""world_id"":""W-BODY-008"",""status"":""NEW""}]","{""point_ids"":[""P-ID-001""],""status"":""EST""}",[],"[""digestion"",""transforms"",""moves"",""food"",""ordered"",""process""]","[""LEX-W-BODY-008""]","[""LEX-W-BODY-005"",""LEX-P-ID-001"",""LEX-P-DET-002"",""LEX-P-PRON-001"",""LEX-P-TNS-002""]","[""P-ID-001"",""P-DET-002"",""P-PRON-001"",""P-TNS-002""]","[""RF-AFFIRM-IDENTITY"",""RF-NEGATE-IDENTITY""]",[],"[""DO-IDENTIFY""]",[],"{""non_frontier_language_must_be_established"":true,""allowed_new_language"":""LEX-W-BODY-008"",""presentation_practice_feedback_evaluation_closed"":true}","[""P-DECOMP-001"",""W-BODY-005"",""W-BODY-006"",""W-BODY-007""]","[""L250"",""L000"",""L004"",""L006"",""L016""]","[""CHAR-EMMA"",""CHAR-TARO""]","[""LOC-GRANS-GARDEN""]",,[],Canonical persistent-world event only when chronology_event is non-null; otherwise direct instruction or noncanonical controlled examples.,"[""DIAGRAM"",""SEQUENCE""]",PB-O,"[""Wording-changed probe"",""Delayed retrieval probe"",""Composition with established material"",""World-concept probe without frontier wording""]","[""C125""]",30,"[""Digestion transforms and moves food through an ordered process.""]","Identity/self-introduction with copular affirmative/negative: `I am`, `X is/isn't`."
L254,Brain/nerves participate in receiving and coordinating information,WORLD_FRONTIER,"[{""world_id"":""W-BODY-009"",""status"":""NEW""}]","{""point_ids"":[""P-ID-001""],""status"":""EST""}",[],"[""brain"",""nerves"",""participate"",""receiving"",""coordinating"",""information""]","[""LEX-W-BODY-009""]","[""LEX-W-BODY-002"",""LEX-W-BODY-005"",""LEX-P-ID-001"",""LEX-P-DET-002"",""LEX-P-PRON-001"",""LEX-P-TNS-002""]","[""P-ID-001"",""P-DET-002"",""P-PRON-001"",""P-TNS-002""]","[""RF-AFFIRM-IDENTITY"",""RF-NEGATE-IDENTITY""]",[],"[""DO-IDENTIFY""]",[],"{""non_frontier_language_must_be_established"":true,""allowed_new_language"":""LEX-W-BODY-009"",""presentation_practice_feedback_evaluation_closed"":true}","[""W-BODY-005"",""W-BODY-006"",""W-BODY-007"",""W-BODY-008""]","[""L225"",""L250"",""L000"",""L004"",""L006"",""L016""]","[""CHAR-EMMA"",""CHAR-TARO""]","[""LOC-GRANS-GARDEN""]",,[],Canonical persistent-world event only when chronology_event is non-null; otherwise direct instruction or noncanonical controlled examples.,"[""DIAGRAM""]",DS,"[""Wording-changed probe"",""Delayed retrieval probe"",""Composition with established material"",""World-concept probe without frontier wording""]","[""C126""]",30,"[""Brain/nerves participate in receiving and coordinating information.""]","Identity/self-introduction with copular affirmative/negative: `I am`, `X is/isn't`."
L255,Germs can contribute to illness; prevention reduces risk but does not imply certainty,WORLD_FRONTIER,"[{""world_id"":""W-BODY-010"",""status"":""NEW""}]","{""point_ids"":[""P-ID-001""],""status"":""EST""}",[],"[""germs"",""contribute"",""illness"",""prevention"",""reduces"",""risk"",""but"",""does""]","[""LEX-W-BODY-010""]","[""LEX-W-BODY-004"",""LEX-W-EPI-001"",""LEX-P-ID-001"",""LEX-P-DET-002"",""LEX-P-PRON-001"",""LEX-P-TNS-002""]","[""P-ID-001"",""P-DET-002"",""P-PRON-001"",""P-TNS-002""]","[""RF-AFFIRM-IDENTITY"",""RF-NEGATE-IDENTITY""]",[],"[""DO-IDENTIFY""]",[],"{""non_frontier_language_must_be_established"":true,""allowed_new_language"":""LEX-W-BODY-010"",""presentation_practice_feedback_evaluation_closed"":true}","[""W-BODY-006"",""W-BODY-007"",""W-BODY-008"",""W-BODY-009""]","[""L227"",""L180"",""L000"",""L004"",""L006"",""L016""]","[""CHAR-EMMA"",""CHAR-TARO""]","[""LOC-GRANS-GARDEN"",""LOC-VET""]",INTRODUCE-LOC-VET,[],Canonical persistent-world event only when chronology_event is non-null; otherwise direct instruction or noncanonical controlled examples.,"[""DIAGRAM"",""COMPARISON""]",PB-O,"[""Wording-changed probe"",""Delayed retrieval probe"",""Composition with established material"",""World-concept probe without frontier wording""]","[""C127""]",30,"[""Germs can contribute to illness; prevention reduces risk but does not imply certainty.""]","Identity/self-introduction with copular affirmative/negative: `I am`, `X is/isn't`."
L256,"epistemic source, observation, and evidence transfer",TRANSFER,"[{""world_id"":""W-BIO-012"",""status"":""XFER""},{""world_id"":""W-BIO-014"",""status"":""XFER""},{""world_id"":""W-BODY-005"",""status"":""XFER""},{""world_id"":""W-BODY-006"",""status"":""XFER""},{""world_id"":""W-BODY-007"",""status"":""XFER""},{""world_id"":""W-BODY-008"",""status"":""XFER""}]","{""point_ids"":[""P-DEP-001"",""P-DECOMP-001""],""status"":""XFER""}",[],[],[],"[""LEX-W-BIO-012"",""LEX-P-DEP-001"",""LEX-W-BIO-014"",""LEX-P-DECOMP-001"",""LEX-W-BODY-005"",""LEX-W-BODY-006"",""LEX-W-BODY-007"",""LEX-W-BODY-008"",""LEX-W-BODY-009"",""LEX-W-BODY-010""]","[""P-DEP-001"",""P-DECOMP-001""]",[],[],[],[],"{""non_frontier_language_must_be_established"":true,""allowed_new_language"":""NONE"",""presentation_practice_feedback_evaluation_closed"":true}","[""W-BIO-012"",""P-DEP-001"",""W-BIO-014"",""P-DECOMP-001"",""W-BODY-005"",""W-BODY-006"",""W-BODY-007"",""W-BODY-008"",""W-BODY-009"",""W-BODY-010""]","[""L246"",""L247"",""L248"",""L249"",""L250"",""L251"",""L252"",""L253"",""L254"",""L255""]","[""CHAR-EMMA"",""CHAR-TARO"",""CHAR-ERROL""]","[""LOC-MEADOW-PATH"",""LOC-POND"",""LOC-OAK"",""LOC-SCHOOL""]",,[],Noncanonical transfer and retrieval task; no new persistent event.,"[""COMPARISON"",""DIALOGUE"",""DIAGRAM""]",DS,"[""Far transfer"",""Delayed retrieval"",""Multi-item composition"",""No frontier leakage""]","[""C120"",""C141"",""C122"",""C123"",""C124"",""C125"",""C126"",""C127""]",30,"[""Recombine already acquired WORLD and POINT material in a new context.""]",No new POINT; established operators are retrieved and composed.
L257,Apparent solar position and shadow change form an observable correlated pattern,WORLD_FRONTIER,"[{""world_id"":""W-AST-002"",""status"":""NEW""}]","{""point_ids"":[""P-ID-001""],""status"":""EST""}",[],"[""apparent"",""solar"",""position"",""shadow"",""change"",""form"",""observable"",""correlated""]","[""LEX-W-AST-002""]","[""LEX-W-PHY-005"",""LEX-W-PHY-006"",""LEX-W-AST-001"",""LEX-P-ID-001"",""LEX-P-DET-002"",""LEX-P-PRON-001"",""LEX-P-TNS-002""]","[""P-ID-001"",""P-DET-002"",""P-PRON-001"",""P-TNS-002""]","[""RF-AFFIRM-IDENTITY"",""RF-NEGATE-IDENTITY""]",[],"[""DO-IDENTIFY""]",[],"{""non_frontier_language_must_be_established"":true,""allowed_new_language"":""LEX-W-AST-002"",""presentation_practice_feedback_evaluation_closed"":true}","[""W-BODY-007"",""W-BODY-008"",""W-BODY-009"",""W-BODY-010""]","[""L231"",""L233"",""L137"",""L000"",""L004"",""L006"",""L016""]","[""CHAR-EMMA"",""CHAR-TARO""]","[""LOC-NONCANONICAL-DIAGRAM""]",,[],Canonical persistent-world event only when chronology_event is non-null; otherwise direct instruction or noncanonical controlled examples.,"[""SEQUENCE"",""DIAGRAM""]",PB-O,"[""Wording-changed probe"",""Delayed retrieval probe"",""Composition with established material"",""World-concept probe without frontier wording""]","[""C137""]",30,"[""Apparent solar position and shadow change form an observable correlated pattern.""]","Identity/self-introduction with copular affirmative/negative: `I am`, `X is/isn't`."
L258,correlated change: as X increases,POINT_FRONTIER,"[{""world_id"":""W-AST-002"",""status"":""EST""}]","{""point_ids"":[""P-CORREL-001""],""status"":""NEW""}",[],"[""as X increases..."",""Y..."",""the more...""]","[""LEX-P-CORREL-001""]","[""LEX-W-AST-002"",""LEX-P-CMP-002"",""LEX-P-CAU-001""]","[""P-CMP-002"",""P-CAU-001""]","[""RF-REASON""]",[],"[""DO-COMPARE"",""DO-EXPLAIN-REASON""]",[],"{""non_frontier_language_must_be_established"":true,""allowed_new_language"":""LEX-P-CORREL-001"",""presentation_practice_feedback_evaluation_closed"":true}","[""W-BODY-008"",""W-BODY-009"",""W-BODY-010"",""W-AST-002""]","[""L257"",""L073"",""L191""]","[""CHAR-EMMA"",""CHAR-TARO""]","[""LOC-DIRECT-TEACHING""]",,[],Canonical persistent-world event only when chronology_event is non-null; otherwise direct instruction or noncanonical controlled examples.,"[""SCENE"",""SYMBOLIC""]",PB-O,"[""Wording-changed probe"",""Delayed retrieval probe"",""Composition with established material"",""Cross-domain POINT probe""]","[""C137"",""C175"",""C229"",""C230""]",30,"[""correlated change: `as X increases..., Y...`; `the more..., the more...`.""]","correlated change: `as X increases..., Y...`; `the more..., the more...`."
L259,"Atmosphere, water, land, and living systems interact",WORLD_FRONTIER,"[{""world_id"":""W-EAR-005"",""status"":""NEW""}]","{""point_ids"":[""P-ID-001""],""status"":""EST""}",[],"[""atmosphere"",""water"",""land"",""living"",""systems"",""interact""]","[""LEX-W-EAR-005""]","[""LEX-W-EAR-003"",""LEX-W-EAR-004"",""LEX-W-BIO-012"",""LEX-P-ID-001"",""LEX-P-DET-002"",""LEX-P-PRON-001"",""LEX-P-TNS-002""]","[""P-ID-001"",""P-DET-002"",""P-PRON-001"",""P-TNS-002""]","[""RF-AFFIRM-IDENTITY"",""RF-NEGATE-IDENTITY""]",[],"[""DO-IDENTIFY""]",[],"{""non_frontier_language_must_be_established"":true,""allowed_new_language"":""LEX-W-EAR-005"",""presentation_practice_feedback_evaluation_closed"":true}","[""W-BODY-009"",""W-BODY-010"",""W-AST-002"",""P-CORREL-001""]","[""L115"",""L117"",""L246"",""L000"",""L004"",""L006"",""L016""]","[""CHAR-EMMA"",""CHAR-TARO""]","[""LOC-NONCANONICAL-DIAGRAM""]",,[],Canonical persistent-world event only when chronology_event is non-null; otherwise direct instruction or noncanonical controlled examples.,"[""DIAGRAM""]",DS,"[""Wording-changed probe"",""Delayed retrieval probe"",""Composition with established material"",""World-concept probe without frontier wording""]","[""C141""]",30,"[""Atmosphere, water, land, and living systems interact.""]","Identity/self-introduction with copular affirmative/negative: `I am`, `X is/isn't`."
L260,"A hazard is a condition/event with potential for harm; hazard, damage, and response are distinct",WORLD_FRONTIER,"[{""world_id"":""W-HAZ-001"",""status"":""NEW""}]","{""point_ids"":[""P-ID-001""],""status"":""EST""}",[],"[""hazard"",""condition"",""event"",""potential"",""harm"",""damage"",""response""]","[""LEX-W-HAZ-001""]","[""LEX-W-EPI-004"",""LEX-P-ID-001"",""LEX-P-DET-002"",""LEX-P-PRON-001""]","[""P-ID-001"",""P-DET-002"",""P-PRON-001""]","[""RF-AFFIRM-IDENTITY"",""RF-NEGATE-IDENTITY""]",[],"[""DO-IDENTIFY""]",[],"{""non_frontier_language_must_be_established"":true,""allowed_new_language"":""LEX-W-HAZ-001"",""presentation_practice_feedback_evaluation_closed"":true}","[""W-BODY-010"",""W-AST-002"",""P-CORREL-001"",""W-EAR-005""]","[""L224"",""L000"",""L004"",""L006""]","[""CHAR-EMMA"",""CHAR-TARO""]","[""LOC-DIRECT-TEACHING""]",,[],Canonical persistent-world event only when chronology_event is non-null; otherwise direct instruction or noncanonical controlled examples.,"[""COMPARISON""]",PB-O,"[""Wording-changed probe"",""Delayed retrieval probe"",""Composition with established material"",""World-concept probe without frontier wording""]","[""C142""]",30,"[""A hazard is a condition/event with potential for harm; hazard, damage, and response are distinct.""]","Identity/self-introduction with copular affirmative/negative: `I am`, `X is/isn't`."
L261,"Fire/heat and dangerous-material hazards have warning, avoidance, and response concepts",WORLD_FRONTIER,"[{""world_id"":""W-HAZ-002"",""status"":""NEW""}]","{""point_ids"":[""P-ID-001""],""status"":""EST""}",[],"[""fire"",""heat"",""dangerous-material"",""hazards"",""have"",""warning"",""avoidance"",""response""]","[""LEX-W-HAZ-002""]","[""LEX-W-HAZ-001"",""LEX-W-PHY-005"",""LEX-P-ID-001"",""LEX-P-DET-002"",""LEX-P-PRON-001""]","[""P-ID-001"",""P-DET-002"",""P-PRON-001""]","[""RF-AFFIRM-IDENTITY"",""RF-NEGATE-IDENTITY""]",[],"[""DO-IDENTIFY""]",[],"{""non_frontier_language_must_be_established"":true,""allowed_new_language"":""LEX-W-HAZ-002"",""presentation_practice_feedback_evaluation_closed"":true}","[""W-AST-002"",""P-CORREL-001"",""W-EAR-005"",""W-HAZ-001""]","[""L260"",""L231"",""L000"",""L004"",""L006""]","[""CHAR-EMMA"",""CHAR-TARO""]","[""LOC-DIRECT-TEACHING""]",,[],Canonical persistent-world event only when chronology_event is non-null; otherwise direct instruction or noncanonical controlled examples.,"[""SCENE"",""SYMBOLIC""]",PB-O,"[""Wording-changed probe"",""Delayed retrieval probe"",""Composition with established material"",""World-concept probe without frontier wording""]","[""C047"",""C048"",""C049"",""C142""]",30,"[""Fire/heat and dangerous-material hazards have warning, avoidance, and response concepts.""]","Identity/self-introduction with copular affirmative/negative: `I am`, `X is/isn't`."
L262,"may/can permission and may/might/could possibility, taught as distinct subuses",POINT_FRONTIER,"[{""world_id"":""W-HAZ-001"",""status"":""EST""}]","{""point_ids"":[""P-MOD-004""],""status"":""NEW""}",[],"[""may/can"",""may/might/could""]","[""LEX-P-MOD-004""]","[""LEX-W-HAZ-001"",""LEX-P-MOD-001""]","[""P-MOD-001""]",[],[],[],[],"{""non_frontier_language_must_be_established"":true,""allowed_new_language"":""LEX-P-MOD-004"",""presentation_practice_feedback_evaluation_closed"":true}","[""P-CORREL-001"",""W-EAR-005"",""W-HAZ-001"",""W-HAZ-002""]","[""L260"",""L226""]","[""CHAR-EMMA"",""CHAR-TARO""]","[""LOC-GRANS-GARDEN""]",,[],Canonical persistent-world event only when chronology_event is non-null; otherwise direct instruction or noncanonical controlled examples.,"[""SCENE"",""SYMBOLIC""]",PB-O,"[""Wording-changed probe"",""Delayed retrieval probe"",""Composition with established material"",""Cross-domain POINT probe""]","[""C048"",""C127"",""C142"",""C196""]",30,"[""`may/can` permission and `may/might/could` possibility, taught as distinct subuses.""]","`may/can` permission and `may/might/could` possibility, taught as distinct subuses."
L263,"Severe weather, flooding, and geologic hazards require condition-specific responses rather than one generic script",WORLD_FRONTIER,"[{""world_id"":""W-HAZ-003"",""status"":""NEW""}]","{""point_ids"":[""P-ID-001""],""status"":""EST""}",[],"[""severe"",""weather"",""flooding"",""geologic"",""hazards"",""require"",""condition-specific"",""responses""]","[""LEX-W-HAZ-003""]","[""LEX-W-HAZ-001"",""LEX-W-EAR-001"",""LEX-P-ID-001"",""LEX-P-DET-002"",""LEX-P-PRON-001"",""LEX-P-TNS-002""]","[""P-ID-001"",""P-DET-002"",""P-PRON-001"",""P-TNS-002""]","[""RF-AFFIRM-IDENTITY"",""RF-NEGATE-IDENTITY""]",[],"[""DO-IDENTIFY""]",[],"{""non_frontier_language_must_be_established"":true,""allowed_new_language"":""LEX-W-HAZ-003"",""presentation_practice_feedback_evaluation_closed"":true}","[""W-EAR-005"",""W-HAZ-001"",""W-HAZ-002"",""P-MOD-004""]","[""L260"",""L076"",""L000"",""L004"",""L006"",""L016""]","[""CHAR-EMMA"",""CHAR-TARO""]","[""LOC-DIRECT-TEACHING""]",,[],Canonical persistent-world event only when chronology_event is non-null; otherwise direct instruction or noncanonical controlled examples.,"[""SEQUENCE"",""DIAGRAM""]",PB-O,"[""Wording-changed probe"",""Delayed retrieval probe"",""Composition with established material"",""World-concept probe without frontier wording""]","[""C142""]",30,"[""Severe weather, flooding, and geologic hazards require condition-specific responses rather than one generic script.""]","Identity/self-introduction with copular affirmative/negative: `I am`, `X is/isn't`."
L264,"responsibility/permission: responsible for, allowed to",POINT_FRONTIER,"[{""world_id"":""W-CIV-002"",""status"":""EST""}]","{""point_ids"":[""P-RESP-001""],""status"":""NEW""}",[],"[""responsible for"",""allowed to""]","[""LEX-P-RESP-001""]","[""LEX-W-CIV-002"",""LEX-P-MOD-003"",""LEX-P-MOD-004""]","[""P-MOD-003"",""P-MOD-004""]",[],[],[],[],"{""non_frontier_language_must_be_established"":true,""allowed_new_language"":""LEX-P-RESP-001"",""presentation_practice_feedback_evaluation_closed"":true}","[""W-HAZ-001"",""W-HAZ-002"",""P-MOD-004"",""W-HAZ-003""]","[""L196"",""L190"",""L262""]","[""CHAR-EMMA"",""CHAR-TARO""]","[""LOC-DIRECT-TEACHING""]",,[],Canonical persistent-world event only when chronology_event is non-null; otherwise direct instruction or noncanonical controlled examples.,"[""SCENE"",""SYMBOLIC""]",PB-O,"[""Wording-changed probe"",""Delayed retrieval probe"",""Composition with established material"",""Cross-domain POINT probe""]","[""C149"",""C152""]",30,"[""responsibility/permission: `responsible for`, `allowed to`.""]","responsibility/permission: `responsible for`, `allowed to`."
L265,Debugging is systematic diagnosis/revision after observed failure or error,WORLD_FRONTIER,"[{""world_id"":""W-COMP-009"",""status"":""NEW""}]","{""point_ids"":[""P-ID-001""],""status"":""EST""}",[],"[""debugging"",""systematic"",""diagnosis"",""revision"",""after"",""observed"",""failure"",""error""]","[""LEX-W-COMP-009""]","[""LEX-W-COMP-008"",""LEX-W-ENG-002"",""LEX-W-EPI-002"",""LEX-P-ID-001"",""LEX-P-DET-002"",""LEX-P-PRON-001"",""LEX-P-TNS-002""]","[""P-ID-001"",""P-DET-002"",""P-PRON-001"",""P-TNS-002""]","[""RF-AFFIRM-IDENTITY"",""RF-NEGATE-IDENTITY""]",[],"[""DO-IDENTIFY""]",[],"{""non_frontier_language_must_be_established"":true,""allowed_new_language"":""LEX-W-COMP-009"",""presentation_practice_feedback_evaluation_closed"":true}","[""W-HAZ-002"",""P-MOD-004"",""W-HAZ-003"",""P-RESP-001""]","[""L166"",""L234"",""L218"",""L000"",""L004"",""L006"",""L016""]","[""CHAR-EMMA"",""CHAR-TARO""]","[""LOC-NONCANONICAL-DIAGRAM""]",,[],Canonical persistent-world event only when chronology_event is non-null; otherwise direct instruction or noncanonical controlled examples.,"[""SEQUENCE"",""SYMBOLIC""]",PB-O,"[""Wording-changed probe"",""Delayed retrieval probe"",""Composition with established material"",""World-concept probe without frontier wording""]","[""C177""]",30,"[""Debugging is systematic diagnosis/revision after observed failure or error.""]","Identity/self-introduction with copular affirmative/negative: `I am`, `X is/isn't`."
L266,Features/patterns and predictions are distinct: observed inputs support but do not guarantee predictions,WORLD_FRONTIER,"[{""world_id"":""W-ML-002"",""status"":""NEW""}]","{""point_ids"":[""P-ID-001""],""status"":""EST""}",[],"[""features"",""patterns"",""predictions"",""observed"",""inputs"",""support"",""but"",""do""]","[""LEX-W-ML-002""]","[""LEX-W-ML-001"",""LEX-W-EPI-004"",""LEX-P-ID-001"",""LEX-P-DET-002"",""LEX-P-PRON-001""]","[""P-ID-001"",""P-DET-002"",""P-PRON-001""]","[""RF-AFFIRM-IDENTITY"",""RF-NEGATE-IDENTITY""]",[],"[""DO-IDENTIFY""]",[],"{""non_frontier_language_must_be_established"":true,""allowed_new_language"":""LEX-W-ML-002"",""presentation_practice_feedback_evaluation_closed"":true}","[""P-MOD-004"",""W-HAZ-003"",""P-RESP-001"",""W-COMP-009""]","[""L171"",""L224"",""L000"",""L004"",""L006""]","[""CHAR-EMMA"",""CHAR-TARO""]","[""LOC-NONCANONICAL-DIAGRAM""]",,[],Canonical persistent-world event only when chronology_event is non-null; otherwise direct instruction or noncanonical controlled examples.,"[""DIAGRAM""]",DS,"[""Wording-changed probe"",""Delayed retrieval probe"",""Composition with established material"",""World-concept probe without frontier wording""]","[""C179""]",30,"[""Features/patterns and predictions are distinct: observed inputs support but do not guarantee predictions.""]","Identity/self-introduction with copular affirmative/negative: `I am`, `X is/isn't`."
L267,"Training, testing, error, and generalization are different stages/relations; performance on examples does not establish universal correctness",WORLD_FRONTIER,"[{""world_id"":""W-ML-003"",""status"":""NEW""}]","{""point_ids"":[""P-ID-001""],""status"":""EST""}",[],"[""training"",""testing"",""error"",""generalization"",""stages"",""performance"",""examples"",""does""]","[""LEX-W-ML-003""]","[""LEX-W-ML-001"",""LEX-W-ML-002"",""LEX-W-COMP-009"",""LEX-P-ID-001"",""LEX-P-DET-002"",""LEX-P-PRON-001""]","[""P-ID-001"",""P-DET-002"",""P-PRON-001""]","[""RF-AFFIRM-IDENTITY"",""RF-NEGATE-IDENTITY""]",[],"[""DO-IDENTIFY""]",[],"{""non_frontier_language_must_be_established"":true,""allowed_new_language"":""LEX-W-ML-003"",""presentation_practice_feedback_evaluation_closed"":true}","[""W-HAZ-003"",""P-RESP-001"",""W-COMP-009"",""W-ML-002""]","[""L171"",""L266"",""L265"",""L000"",""L004"",""L006""]","[""CHAR-EMMA"",""CHAR-TARO""]","[""LOC-NONCANONICAL-DIAGRAM""]",,[],Canonical persistent-world event only when chronology_event is non-null; otherwise direct instruction or noncanonical controlled examples.,"[""DIAGRAM"",""ABSTRACT""]",DS,"[""Wording-changed probe"",""Delayed retrieval probe"",""Composition with established material"",""World-concept probe without frontier wording""]","[""C179"",""SYN""]",30,"[""Training, testing, error, and generalization are different stages/relations; performance on examples does not establish universal correctness.""]","Identity/self-introduction with copular affirmative/negative: `I am`, `X is/isn't`."
L268,Scientific/computational models are simplified representations whose omissions and purposes matter,WORLD_FRONTIER,"[{""world_id"":""W-REP-004"",""status"":""NEW""}]","{""point_ids"":[""P-ID-001""],""status"":""EST""}",[],"[""scientific"",""computational"",""models"",""simplified"",""representations"",""whose"",""omissions"",""purposes""]","[""LEX-W-REP-004""]","[""LEX-W-REP-001"",""LEX-W-REP-002"",""LEX-W-REP-003"",""LEX-W-EPI-004"",""LEX-P-ID-001"",""LEX-P-DET-002"",""LEX-P-PRON-001"",""LEX-P-REP-001""]","[""P-ID-001"",""P-DET-002"",""P-PRON-001"",""P-REP-001""]","[""RF-AFFIRM-IDENTITY"",""RF-NEGATE-IDENTITY""]",[],"[""DO-IDENTIFY""]",[],"{""non_frontier_language_must_be_established"":true,""allowed_new_language"":""LEX-W-REP-004"",""presentation_practice_feedback_evaluation_closed"":true}","[""P-RESP-001"",""W-COMP-009"",""W-ML-002"",""W-ML-003""]","[""L027"",""L128"",""L157"",""L224"",""L000"",""L004"",""L006"",""L028""]","[""CHAR-EMMA"",""CHAR-TARO""]","[""LOC-DIRECT-TEACHING""]",,[],Canonical persistent-world event only when chronology_event is non-null; otherwise direct instruction or noncanonical controlled examples.,"[""DIAGRAM"",""ABSTRACT""]",DS,"[""Wording-changed probe"",""Delayed retrieval probe"",""Composition with established material"",""World-concept probe without frontier wording""]","[""C180""]",30,"[""Scientific/computational models are simplified representations whose omissions and purposes matter.""]","Identity/self-introduction with copular affirmative/negative: `I am`, `X is/isn't`."
L269,limitation frame: represents X but does not include every,POINT_FRONTIER,"[{""world_id"":""W-REP-004"",""status"":""EST""}]","{""point_ids"":[""P-MODEL-001""],""status"":""NEW""}",[],"[""represents X but does not include every...""]","[""LEX-P-MODEL-001""]","[""LEX-W-REP-004"",""LEX-P-REP-001"",""LEX-P-DISC-001""]","[""P-REP-001"",""P-DISC-001""]","[""RF-AGREE-DISAGREE""]",[],"[""DO-AGREE-DISAGREE""]",[],"{""non_frontier_language_must_be_established"":true,""allowed_new_language"":""LEX-P-MODEL-001"",""presentation_practice_feedback_evaluation_closed"":true}","[""W-COMP-009"",""W-ML-002"",""W-ML-003"",""W-REP-004""]","[""L268"",""L028"",""L187""]","[""CHAR-EMMA"",""CHAR-TARO""]","[""LOC-GRANS-GARDEN""]",,[],Canonical persistent-world event only when chronology_event is non-null; otherwise direct instruction or noncanonical controlled examples.,"[""SCENE"",""SYMBOLIC""]",PB-O,"[""Wording-changed probe"",""Delayed retrieval probe"",""Composition with established material"",""Cross-domain POINT probe""]","[""C180""]",30,"[""limitation frame: `represents X but does not include every...`.""]",limitation frame: `represents X but does not include every...`.
L270,"Pictures, diagrams, paintings, and sculpture are different representational/art forms",WORLD_FRONTIER,"[{""world_id"":""W-ART-001"",""status"":""NEW""}]","{""point_ids"":[""P-ID-001""],""status"":""EST""}",[],"[""pictures"",""diagrams"",""paintings"",""sculpture"",""representational"",""art"",""forms""]","[""LEX-W-ART-001""]","[""LEX-W-REP-001"",""LEX-W-REP-002"",""LEX-W-REP-003"",""LEX-W-REP-004"",""LEX-P-ID-001"",""LEX-P-DET-002"",""LEX-P-PRON-001""]","[""P-ID-001"",""P-DET-002"",""P-PRON-001""]","[""RF-AFFIRM-IDENTITY"",""RF-NEGATE-IDENTITY""]",[],"[""DO-IDENTIFY""]",[],"{""non_frontier_language_must_be_established"":true,""allowed_new_language"":""LEX-W-ART-001"",""presentation_practice_feedback_evaluation_closed"":true}","[""W-ML-002"",""W-ML-003"",""W-REP-004"",""P-MODEL-001""]","[""L027"",""L128"",""L157"",""L268"",""L000"",""L004"",""L006""]","[""CHAR-EMMA"",""CHAR-TARO""]","[""LOC-DIRECT-TEACHING""]",,[],Canonical persistent-world event only when chronology_event is non-null; otherwise direct instruction or noncanonical controlled examples.,"[""COMPARISON""]",PB-O,"[""Wording-changed probe"",""Delayed retrieval probe"",""Composition with established material"",""World-concept probe without frontier wording""]","[""C186""]",30,"[""Pictures, diagrams, paintings, and sculpture are different representational/art forms.""]","Identity/self-introduction with copular affirmative/negative: `I am`, `X is/isn't`."
L271,"metalinguistic In language X, Y means",POINT_FRONTIER,"[{""world_id"":""W-CUL-002"",""status"":""EST""}]","{""point_ids"":[""P-META-001""],""status"":""NEW""}",[],"[""In language X"",""Y means...""]","[""LEX-P-META-001""]","[""LEX-W-CUL-002"",""LEX-P-DEF-001""]","[""P-DEF-001""]",[],[],"[""DO-CLASSIFY""]",[],"{""non_frontier_language_must_be_established"":true,""allowed_new_language"":""LEX-P-META-001"",""presentation_practice_feedback_evaluation_closed"":true}","[""W-ML-003"",""W-REP-004"",""P-MODEL-001"",""W-ART-001""]","[""L177"",""L236""]","[""CHAR-EMMA"",""CHAR-TARO""]","[""LOC-DIRECT-TEACHING""]",,[],Canonical persistent-world event only when chronology_event is non-null; otherwise direct instruction or noncanonical controlled examples.,"[""SCENE"",""SYMBOLIC""]",PB-O,"[""Wording-changed probe"",""Delayed retrieval probe"",""Composition with established material"",""Cross-domain POINT probe""]","[""C189""]",30,"[""metalinguistic `In language X, Y means...`.""]","metalinguistic `In language X, Y means...`."
L272,"Fact, opinion, knowledge, belief, and preference are overlapping but nonidentical epistemic categories",WORLD_FRONTIER,"[{""world_id"":""W-EPI-006"",""status"":""NEW""}]","{""point_ids"":[""P-EPI-001""],""status"":""EST""}",[],"[""fact"",""opinion"",""knowledge"",""belief"",""preference"",""overlapping"",""but"",""nonidentical""]","[""LEX-W-EPI-006""]","[""LEX-W-EPI-001"",""LEX-W-EPI-002"",""LEX-W-EPI-003"",""LEX-W-EPI-004"",""LEX-P-EPI-001"",""LEX-P-DISC-001"",""LEX-P-ID-001"",""LEX-P-DET-002""]","[""P-EPI-001"",""P-DISC-001"",""P-ID-001"",""P-DET-002""]","[""RF-KNOW-UNKNOWN"",""RF-AGREE-DISAGREE"",""RF-AFFIRM-IDENTITY"",""RF-NEGATE-IDENTITY""]",[],"[""DO-AGREE-DISAGREE"",""DO-IDENTIFY""]",[],"{""non_frontier_language_must_be_established"":true,""allowed_new_language"":""LEX-W-EPI-006"",""presentation_practice_feedback_evaluation_closed"":true}","[""W-REP-004"",""P-MODEL-001"",""W-ART-001"",""P-META-001""]","[""L180"",""L218"",""L199"",""L224"",""L184"",""L187"",""L000"",""L004""]","[""CHAR-EMMA"",""CHAR-TARO"",""CHAR-ERROL""]","[""LOC-DIRECT-TEACHING""]",,[],Canonical persistent-world event only when chronology_event is non-null; otherwise direct instruction or noncanonical controlled examples.,"[""COMPARISON"",""ABSTRACT""]",PB-O,"[""Wording-changed probe"",""Delayed retrieval probe"",""Composition with established material"",""World-concept probe without frontier wording""]","[""C193""]",30,"[""Fact, opinion, knowledge, belief, and preference are overlapping but nonidentical epistemic categories.""]",`know/don't know`; knowledge questions.
L273,observation/inference report: I see/observe X; I think/infer Y,POINT_FRONTIER,"[{""world_id"":""W-EPI-004"",""status"":""EST""}]","{""point_ids"":[""P-EPI-003""],""status"":""NEW""}",[],"[""I see/observe X"",""I think/infer Y""]","[""LEX-P-EPI-003""]","[""LEX-W-EPI-004"",""LEX-P-EPI-001""]","[""P-EPI-001""]","[""RF-KNOW-UNKNOWN""]",[],[],"[""DO-INFER""]","{""non_frontier_language_must_be_established"":true,""allowed_new_language"":""LEX-P-EPI-003"",""presentation_practice_feedback_evaluation_closed"":true}","[""P-MODEL-001"",""W-ART-001"",""P-META-001"",""W-EPI-006""]","[""L224"",""L184""]","[""CHAR-EMMA"",""CHAR-TARO"",""CHAR-ERROL""]","[""LOC-DIRECT-TEACHING""]",,[],Canonical persistent-world event only when chronology_event is non-null; otherwise direct instruction or noncanonical controlled examples.,"[""DIALOGUE"",""COMPARISON""]",PB-O,"[""Wording-changed probe"",""Delayed retrieval probe"",""Composition with established material"",""Cross-domain POINT probe""]","[""C194""]",30,"[""observation/inference report: `I see/observe X`; `I think/infer Y`.""]",observation/inference report: `I see/observe X`; `I think/infer Y`.
L274,"evidence/source attribution: according to, based on, supported by",POINT_FRONTIER,"[{""world_id"":""W-EPI-003"",""status"":""EST""}]","{""point_ids"":[""P-SRC-001""],""status"":""NEW""}",[],"[""according to"",""based on"",""supported by""]","[""LEX-P-SRC-001""]","[""LEX-W-EPI-003"",""LEX-P-EPI-003""]","[""P-EPI-003""]",[],"[""RF-SOURCE""]","[""DO-INFER""]","[""DO-ATTRIBUTE-SOURCE""]","{""non_frontier_language_must_be_established"":true,""allowed_new_language"":""LEX-P-SRC-001"",""presentation_practice_feedback_evaluation_closed"":true}","[""W-ART-001"",""P-META-001"",""W-EPI-006"",""P-EPI-003""]","[""L199"",""L273""]","[""CHAR-EMMA"",""CHAR-TARO""]","[""LOC-DIRECT-TEACHING""]",,[],Canonical persistent-world event only when chronology_event is non-null; otherwise direct instruction or noncanonical controlled examples.,"[""SCENE"",""SYMBOLIC""]",PB-O,"[""Wording-changed probe"",""Delayed retrieval probe"",""Composition with established material"",""Cross-domain POINT probe""]","[""C167"",""C179"",""C238""]",30,"[""evidence/source attribution: `according to`, `based on`, `supported by`.""]","evidence/source attribution: `according to`, `based on`, `supported by`."
L275,"shows that, compared with",POINT_FRONTIER,"[{""world_id"":""W-DATA-001"",""status"":""EST""}]","{""point_ids"":[""P-DATA-001""],""status"":""NEW""}",[],"[""shows that"",""compared with""]","[""LEX-P-DATA-001""]","[""LEX-W-DATA-001"",""LEX-P-CMP-001"",""LEX-P-EPI-003""]","[""P-CMP-001"",""P-EPI-003""]",[],[],"[""DO-COMPARE"",""DO-INFER""]",[],"{""non_frontier_language_must_be_established"":true,""allowed_new_language"":""LEX-P-DATA-001"",""presentation_practice_feedback_evaluation_closed"":true}","[""P-META-001"",""W-EPI-006"",""P-EPI-003"",""P-SRC-001""]","[""L167"",""L046"",""L273""]","[""CHAR-EMMA"",""CHAR-TARO""]","[""LOC-NONCANONICAL-DIAGRAM""]",,[],Canonical persistent-world event only when chronology_event is non-null; otherwise direct instruction or noncanonical controlled examples.,"[""SCENE"",""SYMBOLIC""]",PB-O,"[""Wording-changed probe"",""Delayed retrieval probe"",""Composition with established material"",""Cross-domain POINT probe""]","[""C174""]",30,"[""`shows that`, `compared with`.""]","`shows that`, `compared with`."
L276,Claims may be supported by evidence; evidence has sources and may support claims to differing degrees,WORLD_FRONTIER,"[{""world_id"":""W-EPI-007"",""status"":""NEW""}]","{""point_ids"":[""P-EPI-003""],""status"":""EST""}",[],"[""claims"",""supported"",""evidence"",""has"",""sources"",""support""]","[""LEX-W-EPI-007""]","[""LEX-W-EPI-003"",""LEX-W-EPI-004"",""LEX-W-EPI-005"",""LEX-P-EPI-003"",""LEX-P-SRC-001"",""LEX-P-CAU-001"",""LEX-P-ID-001""]","[""P-EPI-003"",""P-SRC-001"",""P-CAU-001"",""P-ID-001""]","[""RF-SOURCE"",""RF-REASON"",""RF-AFFIRM-IDENTITY"",""RF-NEGATE-IDENTITY""]",[],"[""DO-INFER"",""DO-ATTRIBUTE-SOURCE"",""DO-EXPLAIN-REASON"",""DO-IDENTIFY""]",[],"{""non_frontier_language_must_be_established"":true,""allowed_new_language"":""LEX-W-EPI-007"",""presentation_practice_feedback_evaluation_closed"":true}","[""W-EPI-006"",""P-EPI-003"",""P-SRC-001"",""P-DATA-001""]","[""L199"",""L224"",""L200"",""L273"",""L274"",""L191"",""L000""]","[""CHAR-EMMA"",""CHAR-TARO"",""CHAR-ERROL""]","[""LOC-DIRECT-TEACHING""]",,[],Canonical persistent-world event only when chronology_event is non-null; otherwise direct instruction or noncanonical controlled examples.,"[""DIAGRAM"",""DIALOGUE""]",PB-O,"[""Wording-changed probe"",""Delayed retrieval probe"",""Composition with established material"",""World-concept probe without frontier wording""]","[""C195"",""C238""]",30,"[""Claims may be supported by evidence; evidence has sources and may support claims to differing degrees.""]",observation/inference report: `I see/observe X`; `I think/infer Y`.
L277,claim/evidence explanation,POINT_FRONTIER,"[{""world_id"":""W-EPI-007"",""status"":""EST""}]","{""point_ids"":[""P-EVID-001""],""status"":""NEW""}",[],"[""claim"",""evidence"",""explanation""]","[""LEX-P-EVID-001""]","[""LEX-W-EPI-007"",""LEX-P-CAU-001"",""LEX-P-SRC-001""]","[""P-CAU-001"",""P-SRC-001""]","[""RF-REASON"",""RF-SOURCE""]","[""RF-EVIDENCE""]","[""DO-EXPLAIN-REASON"",""DO-ATTRIBUTE-SOURCE""]","[""DO-SUPPORT-CLAIM""]","{""non_frontier_language_must_be_established"":true,""allowed_new_language"":""LEX-P-EVID-001"",""presentation_practice_feedback_evaluation_closed"":true}","[""P-EPI-003"",""P-SRC-001"",""P-DATA-001"",""W-EPI-007""]","[""L276"",""L191"",""L274""]","[""CHAR-EMMA"",""CHAR-TARO""]","[""LOC-DIRECT-TEACHING""]",,[],Canonical persistent-world event only when chronology_event is non-null; otherwise direct instruction or noncanonical controlled examples.,"[""SCENE"",""SYMBOLIC""]",PB-O,"[""Wording-changed probe"",""Delayed retrieval probe"",""Composition with established material"",""Cross-domain POINT probe""]","[""C195""]",30,"[""claim/evidence explanation.""]",claim/evidence explanation.
L278,Uncertainty admits degrees; prediction is not certainty,WORLD_FRONTIER,"[{""world_id"":""W-EPI-008"",""status"":""NEW""}]","{""point_ids"":[""P-MOD-004""],""status"":""EST""}",[],"[""uncertainty"",""admits"",""degrees"",""prediction"",""certainty""]","[""LEX-W-EPI-008""]","[""LEX-W-EPI-001"",""LEX-W-DATA-002"",""LEX-P-MOD-004"",""LEX-P-GEN-001"",""LEX-P-ID-001"",""LEX-P-DET-002""]","[""P-MOD-004"",""P-GEN-001"",""P-ID-001"",""P-DET-002""]","[""RF-AFFIRM-IDENTITY"",""RF-NEGATE-IDENTITY""]",[],"[""DO-IDENTIFY""]",[],"{""non_frontier_language_must_be_established"":true,""allowed_new_language"":""LEX-W-EPI-008"",""presentation_practice_feedback_evaluation_closed"":true}","[""P-SRC-001"",""P-DATA-001"",""W-EPI-007"",""P-EVID-001""]","[""L180"",""L168"",""L262"",""L114"",""L000"",""L004""]","[""CHAR-EMMA"",""CHAR-TARO"",""CHAR-ERROL""]","[""LOC-DIRECT-TEACHING""]",,[],Canonical persistent-world event only when chronology_event is non-null; otherwise direct instruction or noncanonical controlled examples.,"[""COMPARISON"",""ABSTRACT""]",PB-O,"[""Wording-changed probe"",""Delayed retrieval probe"",""Composition with established material"",""World-concept probe without frontier wording""]","[""C196""]",30,"[""Uncertainty admits degrees; prediction is not certainty.""]","`may/can` permission and `may/might/could` possibility, taught as distinct subuses."
L279,Definitions specify intended meanings; definitions and examples perform different functions,WORLD_FRONTIER,"[{""world_id"":""W-EPI-009"",""status"":""NEW""}]","{""point_ids"":[""P-DEF-001""],""status"":""EST""}",[],"[""definitions"",""specify"",""intended"",""meanings"",""examples"",""perform"",""functions""]","[""LEX-W-EPI-009""]","[""LEX-W-REP-003"",""LEX-P-DEF-001"",""LEX-P-ID-001"",""LEX-P-DET-002"",""LEX-P-PRON-001""]","[""P-DEF-001"",""P-ID-001"",""P-DET-002"",""P-PRON-001""]","[""RF-AFFIRM-IDENTITY"",""RF-NEGATE-IDENTITY""]",[],"[""DO-CLASSIFY"",""DO-IDENTIFY""]",[],"{""non_frontier_language_must_be_established"":true,""allowed_new_language"":""LEX-W-EPI-009"",""presentation_practice_feedback_evaluation_closed"":true}","[""P-DATA-001"",""W-EPI-007"",""P-EVID-001"",""W-EPI-008""]","[""L157"",""L236"",""L000"",""L004"",""L006""]","[""CHAR-EMMA"",""CHAR-TARO"",""CHAR-ERROL""]","[""LOC-DIRECT-TEACHING""]",,[],Canonical persistent-world event only when chronology_event is non-null; otherwise direct instruction or noncanonical controlled examples.,"[""COMPARISON""]",PB-O,"[""Wording-changed probe"",""Delayed retrieval probe"",""Composition with established material"",""World-concept probe without frontier wording""]","[""C197""]",30,"[""Definitions specify intended meanings; definitions and examples perform different functions.""]",definitions: `A X is a Y that...`; `means/refers to`.
L280,Classification organizes entities by shared criteria; category membership may be nested,WORLD_FRONTIER,"[{""world_id"":""W-EPI-010"",""status"":""NEW""}]","{""point_ids"":[""P-DEF-001""],""status"":""EST""}",[],"[""classification"",""organizes"",""entities"",""shared"",""criteria"",""category"",""membership"",""nested""]","[""LEX-W-EPI-010""]","[""LEX-W-EPI-009"",""LEX-W-BIO-004"",""LEX-P-DEF-001"",""LEX-P-CLASS-001"",""LEX-P-ID-001"",""LEX-P-DET-002""]","[""P-DEF-001"",""P-CLASS-001"",""P-ID-001"",""P-DET-002""]","[""RF-AFFIRM-IDENTITY"",""RF-NEGATE-IDENTITY""]",[],"[""DO-CLASSIFY"",""DO-IDENTIFY""]",[],"{""non_frontier_language_must_be_established"":true,""allowed_new_language"":""LEX-W-EPI-010"",""presentation_practice_feedback_evaluation_closed"":true}","[""W-EPI-007"",""P-EVID-001"",""W-EPI-008"",""W-EPI-009""]","[""L279"",""L235"",""L236"",""L096"",""L000"",""L004""]","[""CHAR-EMMA"",""CHAR-TARO"",""CHAR-ERROL""]","[""LOC-DIRECT-TEACHING""]",,[],Canonical persistent-world event only when chronology_event is non-null; otherwise direct instruction or noncanonical controlled examples.,"[""DIAGRAM""]",DS,"[""Wording-changed probe"",""Delayed retrieval probe"",""Composition with established material"",""World-concept probe without frontier wording""]","[""C198""]",30,"[""Classification organizes entities by shared criteria; category membership may be nested.""]",definitions: `A X is a Y that...`; `means/refers to`.
L281,Similarity and difference depend on the property or criterion being compared,WORLD_FRONTIER,"[{""world_id"":""W-EPI-011"",""status"":""NEW""}]","{""point_ids"":[""P-SIM-001""],""status"":""EST""}",[],"[""similarity"",""difference"",""depend"",""property"",""criterion"",""being"",""compared""]","[""LEX-W-EPI-011""]","[""LEX-W-OBJ-003"",""LEX-W-EPI-010"",""LEX-P-SIM-001"",""LEX-P-CMP-002"",""LEX-P-ID-001"",""LEX-P-DET-002""]","[""P-SIM-001"",""P-CMP-002"",""P-ID-001"",""P-DET-002""]","[""RF-AFFIRM-IDENTITY"",""RF-NEGATE-IDENTITY""]",[],"[""DO-COMPARE"",""DO-IDENTIFY""]",[],"{""non_frontier_language_must_be_established"":true,""allowed_new_language"":""LEX-W-EPI-011"",""presentation_practice_feedback_evaluation_closed"":true}","[""P-EVID-001"",""W-EPI-008"",""W-EPI-009"",""W-EPI-010""]","[""L012"",""L280"",""L244"",""L073"",""L000"",""L004""]","[""CHAR-EMMA"",""CHAR-TARO"",""CHAR-ERROL""]","[""LOC-DIRECT-TEACHING""]",,[],Canonical persistent-world event only when chronology_event is non-null; otherwise direct instruction or noncanonical controlled examples.,"[""COMPARISON""]",PB-O,"[""Wording-changed probe"",""Delayed retrieval probe"",""Composition with established material"",""World-concept probe without frontier wording""]","[""C200""]",30,"[""Similarity and difference depend on the property or criterion being compared.""]",`similar to/different from/same as`; paired `both...and`.
L282,formal academic language capstone transfer,TRANSFER,"[{""world_id"":""W-EPI-006"",""status"":""XFER""},{""world_id"":""W-EPI-007"",""status"":""XFER""},{""world_id"":""W-EPI-008"",""status"":""XFER""},{""world_id"":""W-EPI-009"",""status"":""XFER""},{""world_id"":""W-EPI-010"",""status"":""XFER""},{""world_id"":""W-EPI-011"",""status"":""XFER""}]","{""point_ids"":[""P-EPI-003"",""P-SRC-001"",""P-DATA-001"",""P-EVID-001""],""status"":""XFER""}",[],[],[],"[""LEX-W-EPI-006"",""LEX-P-EPI-003"",""LEX-P-SRC-001"",""LEX-P-DATA-001"",""LEX-W-EPI-007"",""LEX-P-EVID-001"",""LEX-W-EPI-008"",""LEX-W-EPI-009"",""LEX-W-EPI-010"",""LEX-W-EPI-011""]","[""P-EPI-003"",""P-SRC-001"",""P-DATA-001"",""P-EVID-001""]","[""RF-SOURCE"",""RF-EVIDENCE""]",[],"[""DO-INFER"",""DO-ATTRIBUTE-SOURCE"",""DO-SUPPORT-CLAIM""]",[],"{""non_frontier_language_must_be_established"":true,""allowed_new_language"":""NONE"",""presentation_practice_feedback_evaluation_closed"":true}","[""W-EPI-006"",""P-EPI-003"",""P-SRC-001"",""P-DATA-001"",""W-EPI-007"",""P-EVID-001"",""W-EPI-008"",""W-EPI-009"",""W-EPI-010"",""W-EPI-011""]","[""L272"",""L273"",""L274"",""L275"",""L276"",""L277"",""L278"",""L279"",""L280"",""L281""]","[""CHAR-EMMA"",""CHAR-TARO"",""CHAR-ERROL""]","[""LOC-MEADOW-PATH"",""LOC-POND"",""LOC-OAK"",""LOC-SCHOOL""]",,[],Noncanonical transfer and retrieval task; no new persistent event.,"[""COMPARISON"",""DIALOGUE"",""DIAGRAM""]",DS,"[""Far transfer"",""Delayed retrieval"",""Multi-item composition"",""No frontier leakage""]","[""C193"",""C194"",""C167"",""C179"",""C238"",""C174"",""C195"",""C196"",""C197"",""C198"",""C200""]",30,"[""Recombine already acquired WORLD and POINT material in a new context.""]",No new POINT; established operators are retrieved and composed.
L283,"derivational morphology: common prefixes, suffixes, compounds, selected roots",POINT_FRONTIER,"[{""world_id"":""W-EPI-009"",""status"":""EST""},{""world_id"":""W-CUL-002"",""status"":""EST""}]","{""point_ids"":[""P-MORPH-001""],""status"":""NEW""}",[],"[""derivational"",""morphology"",""prefixes"",""suffixes"",""compounds"",""selected"",""roots""]","[""LEX-P-MORPH-001""]","[""LEX-W-EPI-009"",""LEX-W-CUL-002"",""LEX-P-DESC-001"",""LEX-P-DEF-001"",""LEX-P-CLASS-001""]","[""P-DESC-001"",""P-DEF-001"",""P-CLASS-001""]",[],[],"[""DO-CLASSIFY""]",[],"{""non_frontier_language_must_be_established"":true,""allowed_new_language"":""LEX-P-MORPH-001"",""presentation_practice_feedback_evaluation_closed"":true}","[""W-EPI-008"",""W-EPI-009"",""W-EPI-010"",""W-EPI-011""]","[""L279"",""L177"",""L013"",""L236"",""L096""]","[""CHAR-EMMA"",""CHAR-TARO""]","[""LOC-DIRECT-TEACHING""]",,[],Canonical persistent-world event only when chronology_event is non-null; otherwise direct instruction or noncanonical controlled examples.,"[""SCENE"",""SYMBOLIC""]",PB-O,"[""Wording-changed probe"",""Delayed retrieval probe"",""Composition with established material"",""Cross-domain POINT probe""]","[""C201"",""C202"",""C203"",""C204""]",30,"[""derivational morphology: common prefixes, suffixes, compounds, selected roots.""]","derivational morphology: common prefixes, suffixes, compounds, selected roots."
L284,"synonyms, antonyms, shades, context-selected multiple meanings",POINT_FRONTIER,"[{""world_id"":""W-EPI-009"",""status"":""EST""}]","{""point_ids"":[""P-LEX-001""],""status"":""NEW""}",[],"[""synonyms"",""antonyms"",""shades"",""context-selected"",""multiple"",""meanings""]","[""LEX-P-LEX-001""]","[""LEX-W-EPI-009"",""LEX-P-DESC-001""]","[""P-DESC-001""]",[],[],[],[],"{""non_frontier_language_must_be_established"":true,""allowed_new_language"":""LEX-P-LEX-001"",""presentation_practice_feedback_evaluation_closed"":true}","[""W-EPI-009"",""W-EPI-010"",""W-EPI-011"",""P-MORPH-001""]","[""L279"",""L013""]","[""CHAR-EMMA"",""CHAR-TARO""]","[""LOC-DIRECT-TEACHING""]",,[],Canonical persistent-world event only when chronology_event is non-null; otherwise direct instruction or noncanonical controlled examples.,"[""SCENE"",""SYMBOLIC""]",PB-O,"[""Wording-changed probe"",""Delayed retrieval probe"",""Composition with established material"",""Cross-domain POINT probe""]","[""C205"",""C206"",""C207""]",30,"[""synonyms, antonyms, shades, context-selected multiple meanings.""]","synonyms, antonyms, shades, context-selected multiple meanings."
L285,"literal/nonliteral, simile, metaphor",POINT_FRONTIER,"[{""world_id"":""W-LIT-003"",""status"":""EST""},{""world_id"":""W-ART-001"",""status"":""EST""}]","{""point_ids"":[""P-FIG-001""],""status"":""NEW""}",[],"[""literal"",""nonliteral"",""simile"",""metaphor""]","[""LEX-P-FIG-001""]","[""LEX-W-LIT-003"",""LEX-W-ART-001"",""LEX-P-LEX-001"",""LEX-P-REP-001""]","[""P-LEX-001"",""P-REP-001""]",[],[],[],[],"{""non_frontier_language_must_be_established"":true,""allowed_new_language"":""LEX-P-FIG-001"",""presentation_practice_feedback_evaluation_closed"":true}","[""W-EPI-010"",""W-EPI-011"",""P-MORPH-001"",""P-LEX-001""]","[""L212"",""L270"",""L284"",""L028""]","[""CHAR-EMMA"",""CHAR-TARO""]","[""LOC-DIRECT-TEACHING""]",,[],Canonical persistent-world event only when chronology_event is non-null; otherwise direct instruction or noncanonical controlled examples.,"[""SCENE"",""SYMBOLIC""]",PB-O,"[""Wording-changed probe"",""Delayed retrieval probe"",""Composition with established material"",""Cross-domain POINT probe""]","[""C208"",""C209""]",30,"[""literal/nonliteral, simile, metaphor.""]","literal/nonliteral, simile, metaphor."
L286,Memory is stored/retrieved information about prior experience and can differ from current observation,WORLD_FRONTIER,"[{""world_id"":""W-EPI-012"",""status"":""NEW""}]","{""point_ids"":[""P-TNS-003""],""status"":""EST""}",[],"[""memory"",""stored"",""retrieved"",""information"",""about"",""prior"",""experience"",""differ""]","[""LEX-W-EPI-012""]","[""LEX-W-EPI-001"",""LEX-W-EPI-002"",""LEX-W-EPI-003"",""LEX-W-EPI-004"",""LEX-W-TIME-003"",""LEX-P-TNS-003"",""LEX-P-EPI-001"",""LEX-P-ID-001"",""LEX-P-DET-002""]","[""P-TNS-003"",""P-EPI-001"",""P-ID-001"",""P-DET-002""]","[""RF-KNOW-UNKNOWN"",""RF-AFFIRM-IDENTITY"",""RF-NEGATE-IDENTITY""]",[],"[""DO-IDENTIFY""]",[],"{""non_frontier_language_must_be_established"":true,""allowed_new_language"":""LEX-W-EPI-012"",""presentation_practice_feedback_evaluation_closed"":true}","[""W-EPI-011"",""P-MORPH-001"",""P-LEX-001"",""P-FIG-001""]","[""L180"",""L218"",""L199"",""L224"",""L080"",""L082"",""L184"",""L000"",""L004""]","[""CHAR-EMMA"",""CHAR-TARO"",""CHAR-ERROL""]","[""LOC-DIRECT-TEACHING""]",,[],Canonical persistent-world event only when chronology_event is non-null; otherwise direct instruction or noncanonical controlled examples.,"[""SEQUENCE"",""ABSTRACT""]",PB-O,"[""Wording-changed probe"",""Delayed retrieval probe"",""Composition with established material"",""World-concept probe without frontier wording""]","[""SYN""]",30,"[""Memory is stored/retrieved information about prior experience and can differ from current observation.""]","simple past, introduced separately from future; later narrative past."
L287,clear pronoun antecedents and explicit repair of ambiguity,POINT_FRONTIER,"[{""world_id"":""W-EPI-012"",""status"":""EST""}]","{""point_ids"":[""P-PRON-002""],""status"":""NEW""}",[],"[""clear"",""pronoun"",""antecedents"",""explicit"",""repair"",""ambiguity""]","[""LEX-P-PRON-002""]","[""LEX-W-EPI-012"",""LEX-P-PRON-001"",""LEX-P-EPI-002""]","[""P-PRON-001"",""P-EPI-002""]","[""RF-CORRECTION""]",[],"[""DO-CORRECT""]",[],"{""non_frontier_language_must_be_established"":true,""allowed_new_language"":""LEX-P-PRON-002"",""presentation_practice_feedback_evaluation_closed"":true}","[""P-MORPH-001"",""P-LEX-001"",""P-FIG-001"",""W-EPI-012""]","[""L286"",""L006"",""L223""]","[""CHAR-EMMA"",""CHAR-TARO""]","[""LOC-DIRECT-TEACHING""]",,[],Canonical persistent-world event only when chronology_event is non-null; otherwise direct instruction or noncanonical controlled examples.,"[""SCENE"",""SYMBOLIC""]",PB-O,"[""Wording-changed probe"",""Delayed retrieval probe"",""Composition with established material"",""Cross-domain POINT probe""]","[""C210"",""C221""]",30,"[""clear pronoun antecedents and explicit repair of ambiguity.""]",clear pronoun antecedents and explicit repair of ambiguity.
L288,simple/compound/complex sentence composition,POINT_FRONTIER,"[{""world_id"":""W-EPI-007"",""status"":""EST""}]","{""point_ids"":[""P-SENT-001""],""status"":""NEW""}",[],"[""compound"",""complex"",""sentence"",""composition""]","[""LEX-P-SENT-001""]","[""LEX-W-EPI-007"",""LEX-P-DISC-001"",""LEX-P-CAU-001"",""LEX-P-RELCL-001"",""LEX-P-CONTR-001""]","[""P-DISC-001"",""P-CAU-001"",""P-RELCL-001"",""P-CONTR-001""]","[""RF-AGREE-DISAGREE"",""RF-REASON""]",[],"[""DO-AGREE-DISAGREE"",""DO-EXPLAIN-REASON""]",[],"{""non_frontier_language_must_be_established"":true,""allowed_new_language"":""LEX-P-SENT-001"",""presentation_practice_feedback_evaluation_closed"":true}","[""P-LEX-001"",""P-FIG-001"",""W-EPI-012"",""P-PRON-002""]","[""L276"",""L187"",""L191"",""L241"",""L245""]","[""CHAR-EMMA"",""CHAR-TARO""]","[""LOC-DIRECT-TEACHING""]",,[],Canonical persistent-world event only when chronology_event is non-null; otherwise direct instruction or noncanonical controlled examples.,"[""SCENE"",""SYMBOLIC""]",PB-O,"[""Wording-changed probe"",""Delayed retrieval probe"",""Composition with established material"",""Cross-domain POINT probe""]","[""C222""]",30,"[""simple/compound/complex sentence composition.""]",simple/compound/complex sentence composition.
L289,counterfactual if,POINT_FRONTIER,"[{""world_id"":""W-ENG-002"",""status"":""EST""}]","{""point_ids"":[""P-CF-001""],""status"":""NEW""}",[],"[""if...were..."",""would...""]","[""LEX-P-CF-001""]","[""LEX-W-ENG-002"",""LEX-P-COND-001"",""LEX-P-COND-002"",""LEX-P-TNS-003""]","[""P-COND-001"",""P-COND-002"",""P-TNS-003""]",[],[],[],[],"{""non_frontier_language_must_be_established"":true,""allowed_new_language"":""LEX-P-CF-001"",""presentation_practice_feedback_evaluation_closed"":true}","[""P-FIG-001"",""W-EPI-012"",""P-PRON-002"",""P-SENT-001""]","[""L234"",""L193"",""L204"",""L082""]","[""CHAR-EMMA"",""CHAR-TARO""]","[""LOC-DIRECT-TEACHING""]",,[],Canonical persistent-world event only when chronology_event is non-null; otherwise direct instruction or noncanonical controlled examples.,"[""SCENE"",""SYMBOLIC""]",PB-O,"[""Wording-changed probe"",""Delayed retrieval probe"",""Composition with established material"",""Cross-domain POINT probe""]","[""C223""]",30,"[""counterfactual `if...were..., would...`.""]","counterfactual `if...were..., would...`."
L290,"academic connectors: therefore, moreover/in addition, however, whereas",POINT_FRONTIER,"[{""world_id"":""W-EPI-007"",""status"":""EST""}]","{""point_ids"":[""P-ACA-001""],""status"":""NEW""}",[],"[""therefore"",""moreover/in addition"",""however"",""whereas""]","[""LEX-P-ACA-001""]","[""LEX-W-EPI-007"",""LEX-P-CAU-004"",""LEX-P-CONTR-001"",""LEX-P-EVID-001""]","[""P-CAU-004"",""P-CONTR-001"",""P-EVID-001""]","[""RF-EVIDENCE""]",[],"[""DO-EXPLAIN-REASON"",""DO-SUPPORT-CLAIM""]",[],"{""non_frontier_language_must_be_established"":true,""allowed_new_language"":""LEX-P-ACA-001"",""presentation_practice_feedback_evaluation_closed"":true}","[""W-EPI-012"",""P-PRON-002"",""P-SENT-001"",""P-CF-001""]","[""L276"",""L194"",""L245"",""L277""]","[""CHAR-EMMA"",""CHAR-TARO""]","[""LOC-DIRECT-TEACHING""]",,[],Canonical persistent-world event only when chronology_event is non-null; otherwise direct instruction or noncanonical controlled examples.,"[""SCENE"",""SYMBOLIC""]",PB-O,"[""Wording-changed probe"",""Delayed retrieval probe"",""Composition with established material"",""Cross-domain POINT probe""]","[""C226"",""C227"",""C228"",""C233""]",30,"[""academic connectors: `therefore`, `moreover/in addition`, `however`, `whereas`.""]","academic connectors: `therefore`, `moreover/in addition`, `however`, `whereas`."
L291,certainty scale certainly/probably/possibly; general hedging,POINT_FRONTIER,"[{""world_id"":""W-EPI-008"",""status"":""EST""}]","{""point_ids"":[""P-CERTAINTY-001""],""status"":""NEW""}",[],"[""certainly/probably/possibly""]","[""LEX-P-CERTAINTY-001""]","[""LEX-W-EPI-008"",""LEX-P-MOD-004""]","[""P-MOD-004""]",[],"[""RF-UNCERTAINTY""]",[],[],"{""non_frontier_language_must_be_established"":true,""allowed_new_language"":""LEX-P-CERTAINTY-001"",""presentation_practice_feedback_evaluation_closed"":true}","[""P-PRON-002"",""P-SENT-001"",""P-CF-001"",""P-ACA-001""]","[""L278"",""L262""]","[""CHAR-EMMA"",""CHAR-TARO""]","[""LOC-DIRECT-TEACHING""]",,[],Canonical persistent-world event only when chronology_event is non-null; otherwise direct instruction or noncanonical controlled examples.,"[""SCENE"",""SYMBOLIC""]",PB-O,"[""Wording-changed probe"",""Delayed retrieval probe"",""Composition with established material"",""Cross-domain POINT probe""]","[""C236"",""C237""]",30,"[""certainty scale `certainly/probably/possibly`; general hedging.""]",certainty scale `certainly/probably/possibly`; general hedging.
L292,Trust and reliability,WORLD_FRONTIER,"[{""world_id"":""W-SOC-006"",""status"":""NEW""}]","{""point_ids"":[""P-EPI-002""],""status"":""EST""}",[],"[""trust"",""reliability""]","[""LEX-W-SOC-006""]","[""LEX-W-SOC-005"",""LEX-W-EPI-002"",""LEX-P-EPI-002"",""LEX-P-TNS-003"",""LEX-P-CERTAINTY-001"",""LEX-P-ID-001""]","[""P-EPI-002"",""P-TNS-003"",""P-CERTAINTY-001"",""P-ID-001""]","[""RF-CORRECTION"",""RF-UNCERTAINTY"",""RF-AFFIRM-IDENTITY"",""RF-NEGATE-IDENTITY""]",[],"[""DO-CORRECT"",""DO-IDENTIFY""]",[],"{""non_frontier_language_must_be_established"":true,""allowed_new_language"":""LEX-W-SOC-006"",""presentation_practice_feedback_evaluation_closed"":true}","[""P-SENT-001"",""P-CF-001"",""P-ACA-001"",""P-CERTAINTY-001""]","[""L079"",""L218"",""L223"",""L082"",""L291"",""L000""]","[""CHAR-EMMA"",""CHAR-TARO"",""CHAR-ERROL""]","[""LOC-DIRECT-TEACHING""]",,[],Canonical persistent-world event only when chronology_event is non-null; otherwise direct instruction or noncanonical controlled examples.,"[""SEQUENCE"",""ABSTRACT""]",PB-O,"[""Wording-changed probe"",""Delayed retrieval probe"",""Composition with established material"",""World-concept probe without frontier wording""]","[""V2"",""SYN""]",30,"[""Trust and reliability. Expectations about another agent may be influenced by whether prior commitments or claims proved reliable; trust is not certainty.""]","Correction/reformulation: `actually`, `I mean`, fixed `I was wrong`."
L293,more precisely/in other words,POINT_FRONTIER,"[{""world_id"":""W-EPI-002"",""status"":""EST""}]","{""point_ids"":[""P-REFINE-001""],""status"":""NEW""}",[],"[""more precisely/in other words""]","[""LEX-P-REFINE-001""]","[""LEX-W-EPI-002"",""LEX-P-EPI-002"",""LEX-P-DEF-001""]","[""P-EPI-002"",""P-DEF-001""]","[""RF-CORRECTION""]","[""RF-CORRECTION""]","[""DO-CORRECT"",""DO-CLASSIFY""]","[""DO-CORRECT""]","{""non_frontier_language_must_be_established"":true,""allowed_new_language"":""LEX-P-REFINE-001"",""presentation_practice_feedback_evaluation_closed"":true}","[""P-CF-001"",""P-ACA-001"",""P-CERTAINTY-001"",""W-SOC-006""]","[""L218"",""L223"",""L236""]","[""CHAR-EMMA"",""CHAR-TARO""]","[""LOC-DIRECT-TEACHING""]",,[],Canonical persistent-world event only when chronology_event is non-null; otherwise direct instruction or noncanonical controlled examples.,"[""SCENE"",""SYMBOLIC""]",PB-O,"[""Wording-changed probe"",""Delayed retrieval probe"",""Composition with established material"",""Cross-domain POINT probe""]","[""C239""]",30,"[""`more precisely/in other words`.""]",`more precisely/in other words`.
L294,overall/in summary,POINT_FRONTIER,"[{""world_id"":""W-LIT-001"",""status"":""EST""}]","{""point_ids"":[""P-SUM-001""],""status"":""NEW""}",[],"[""overall/in summary""]","[""LEX-P-SUM-001""]","[""LEX-W-LIT-001"",""LEX-P-SENT-001""]","[""P-SENT-001""]",[],"[""RF-SUMMARY""]",[],"[""DO-SUMMARIZE""]","{""non_frontier_language_must_be_established"":true,""allowed_new_language"":""LEX-P-SUM-001"",""presentation_practice_feedback_evaluation_closed"":true}","[""P-ACA-001"",""P-CERTAINTY-001"",""W-SOC-006"",""P-REFINE-001""]","[""L172"",""L288""]","[""CHAR-EMMA"",""CHAR-TARO""]","[""LOC-DIRECT-TEACHING""]",,[],Canonical persistent-world event only when chronology_event is non-null; otherwise direct instruction or noncanonical controlled examples.,"[""SCENE"",""SYMBOLIC""]",PB-O,"[""Wording-changed probe"",""Delayed retrieval probe"",""Composition with established material"",""Cross-domain POINT probe""]","[""C240""]",30,"[""`overall/in summary`.""]",`overall/in summary`.
